image_id,split,sat_image_path,mask_path
100034,train,train/images/100034_sat.jpg,train/masks/100034_mask.png
100081,train,train/images/100081_sat.jpg,train/masks/100081_mask.png
100129,train,train/images/100129_sat.jpg,train/masks/100129_mask.png
100703,train,train/images/100703_sat.jpg,train/masks/100703_mask.png
100712,train,train/images/100712_sat.jpg,train/masks/100712_mask.png
100773,train,train/images/100773_sat.jpg,train/masks/100773_mask.png
100841,train,train/images/100841_sat.jpg,train/masks/100841_mask.png
100867,train,train/images/100867_sat.jpg,train/masks/100867_mask.png
100892,train,train/images/100892_sat.jpg,train/masks/100892_mask.png
101225,train,train/images/101225_sat.jpg,train/masks/101225_mask.png
101296,train,train/images/101296_sat.jpg,train/masks/101296_mask.png
101395,train,train/images/101395_sat.jpg,train/masks/101395_mask.png
102408,train,train/images/102408_sat.jpg,train/masks/102408_mask.png
10246,train,train/images/10246_sat.jpg,train/masks/10246_mask.png
10255,train,train/images/10255_sat.jpg,train/masks/10255_mask.png
102699,train,train/images/102699_sat.jpg,train/masks/102699_mask.png
102925,train,train/images/102925_sat.jpg,train/masks/102925_mask.png
102945,train,train/images/102945_sat.jpg,train/masks/102945_mask.png
103056,train,train/images/103056_sat.jpg,train/masks/103056_mask.png
103201,train,train/images/103201_sat.jpg,train/masks/103201_mask.png
103341,train,train/images/103341_sat.jpg,train/masks/103341_mask.png
103447,train,train/images/103447_sat.jpg,train/masks/103447_mask.png
103627,train,train/images/103627_sat.jpg,train/masks/103627_mask.png
103722,train,train/images/103722_sat.jpg,train/masks/103722_mask.png
104350,train,train/images/104350_sat.jpg,train/masks/104350_mask.png
104607,train,train/images/104607_sat.jpg,train/masks/104607_mask.png
10466,train,train/images/10466_sat.jpg,train/masks/10466_mask.png
104683,train,train/images/104683_sat.jpg,train/masks/104683_mask.png
10486,train,train/images/10486_sat.jpg,train/masks/10486_mask.png
104883,train,train/images/104883_sat.jpg,train/masks/104883_mask.png
104943,train,train/images/104943_sat.jpg,train/masks/104943_mask.png
104,train,train/images/104_sat.jpg,train/masks/104_mask.png
105157,train,train/images/105157_sat.jpg,train/masks/105157_mask.png
105252,train,train/images/105252_sat.jpg,train/masks/105252_mask.png
105282,train,train/images/105282_sat.jpg,train/masks/105282_mask.png
105428,train,train/images/105428_sat.jpg,train/masks/105428_mask.png
1054,train,train/images/1054_sat.jpg,train/masks/1054_mask.png
105553,train,train/images/105553_sat.jpg,train/masks/105553_mask.png
105596,train,train/images/105596_sat.jpg,train/masks/105596_mask.png
105742,train,train/images/105742_sat.jpg,train/masks/105742_mask.png
105856,train,train/images/105856_sat.jpg,train/masks/105856_mask.png
106119,train,train/images/106119_sat.jpg,train/masks/106119_mask.png
106147,train,train/images/106147_sat.jpg,train/masks/106147_mask.png
106448,train,train/images/106448_sat.jpg,train/masks/106448_mask.png
106523,train,train/images/106523_sat.jpg,train/masks/106523_mask.png
106676,train,train/images/106676_sat.jpg,train/masks/106676_mask.png
106718,train,train/images/106718_sat.jpg,train/masks/106718_mask.png
106737,train,train/images/106737_sat.jpg,train/masks/106737_mask.png
106741,train,train/images/106741_sat.jpg,train/masks/106741_mask.png
106797,train,train/images/106797_sat.jpg,train/masks/106797_mask.png
107030,train,train/images/107030_sat.jpg,train/masks/107030_mask.png
10716,train,train/images/10716_sat.jpg,train/masks/10716_mask.png
107412,train,train/images/107412_sat.jpg,train/masks/107412_mask.png
107469,train,train/images/107469_sat.jpg,train/masks/107469_mask.png
107582,train,train/images/107582_sat.jpg,train/masks/107582_mask.png
107770,train,train/images/107770_sat.jpg,train/masks/107770_mask.png
107853,train,train/images/107853_sat.jpg,train/masks/107853_mask.png
10802,train,train/images/10802_sat.jpg,train/masks/10802_mask.png
108254,train,train/images/108254_sat.jpg,train/masks/108254_mask.png
108504,train,train/images/108504_sat.jpg,train/masks/108504_mask.png
109094,train,train/images/109094_sat.jpg,train/masks/109094_mask.png
109263,train,train/images/109263_sat.jpg,train/masks/109263_mask.png
109493,train,train/images/109493_sat.jpg,train/masks/109493_mask.png
109757,train,train/images/109757_sat.jpg,train/masks/109757_mask.png
109778,train,train/images/109778_sat.jpg,train/masks/109778_mask.png
109856,train,train/images/109856_sat.jpg,train/masks/109856_mask.png
109889,train,train/images/109889_sat.jpg,train/masks/109889_mask.png
109942,train,train/images/109942_sat.jpg,train/masks/109942_mask.png
110190,train,train/images/110190_sat.jpg,train/masks/110190_mask.png
110236,train,train/images/110236_sat.jpg,train/masks/110236_mask.png
110277,train,train/images/110277_sat.jpg,train/masks/110277_mask.png
110521,train,train/images/110521_sat.jpg,train/masks/110521_mask.png
110680,train,train/images/110680_sat.jpg,train/masks/110680_mask.png
110742,train,train/images/110742_sat.jpg,train/masks/110742_mask.png
110849,train,train/images/110849_sat.jpg,train/masks/110849_mask.png
111121,train,train/images/111121_sat.jpg,train/masks/111121_mask.png
111140,train,train/images/111140_sat.jpg,train/masks/111140_mask.png
111202,train,train/images/111202_sat.jpg,train/masks/111202_mask.png
111475,train,train/images/111475_sat.jpg,train/masks/111475_mask.png
11168,train,train/images/11168_sat.jpg,train/masks/11168_mask.png
112256,train,train/images/112256_sat.jpg,train/masks/112256_mask.png
112762,train,train/images/112762_sat.jpg,train/masks/112762_mask.png
112946,train,train/images/112946_sat.jpg,train/masks/112946_mask.png
113044,train,train/images/113044_sat.jpg,train/masks/113044_mask.png
113050,train,train/images/113050_sat.jpg,train/masks/113050_mask.png
113164,train,train/images/113164_sat.jpg,train/masks/113164_mask.png
113184,train,train/images/113184_sat.jpg,train/masks/113184_mask.png
113252,train,train/images/113252_sat.jpg,train/masks/113252_mask.png
113257,train,train/images/113257_sat.jpg,train/masks/113257_mask.png
113288,train,train/images/113288_sat.jpg,train/masks/113288_mask.png
113817,train,train/images/113817_sat.jpg,train/masks/113817_mask.png
113,train,train/images/113_sat.jpg,train/masks/113_mask.png
114197,train,train/images/114197_sat.jpg,train/masks/114197_mask.png
114285,train,train/images/114285_sat.jpg,train/masks/114285_mask.png
114405,train,train/images/114405_sat.jpg,train/masks/114405_mask.png
114487,train,train/images/114487_sat.jpg,train/masks/114487_mask.png
11480,train,train/images/11480_sat.jpg,train/masks/11480_mask.png
115334,train,train/images/115334_sat.jpg,train/masks/115334_mask.png
11545,train,train/images/11545_sat.jpg,train/masks/11545_mask.png
115576,train,train/images/115576_sat.jpg,train/masks/115576_mask.png
11570,train,train/images/11570_sat.jpg,train/masks/11570_mask.png
116231,train,train/images/116231_sat.jpg,train/masks/116231_mask.png
116293,train,train/images/116293_sat.jpg,train/masks/116293_mask.png
116352,train,train/images/116352_sat.jpg,train/masks/116352_mask.png
116637,train,train/images/116637_sat.jpg,train/masks/116637_mask.png
116658,train,train/images/116658_sat.jpg,train/masks/116658_mask.png
116753,train,train/images/116753_sat.jpg,train/masks/116753_mask.png
117090,train,train/images/117090_sat.jpg,train/masks/117090_mask.png
117283,train,train/images/117283_sat.jpg,train/masks/117283_mask.png
117332,train,train/images/117332_sat.jpg,train/masks/117332_mask.png
117357,train,train/images/117357_sat.jpg,train/masks/117357_mask.png
117414,train,train/images/117414_sat.jpg,train/masks/117414_mask.png
117888,train,train/images/117888_sat.jpg,train/masks/117888_mask.png
118005,train,train/images/118005_sat.jpg,train/masks/118005_mask.png
118108,train,train/images/118108_sat.jpg,train/masks/118108_mask.png
118131,train,train/images/118131_sat.jpg,train/masks/118131_mask.png
118164,train,train/images/118164_sat.jpg,train/masks/118164_mask.png
118430,train,train/images/118430_sat.jpg,train/masks/118430_mask.png
118595,train,train/images/118595_sat.jpg,train/masks/118595_mask.png
118736,train,train/images/118736_sat.jpg,train/masks/118736_mask.png
118788,train,train/images/118788_sat.jpg,train/masks/118788_mask.png
118856,train,train/images/118856_sat.jpg,train/masks/118856_mask.png
119004,train,train/images/119004_sat.jpg,train/masks/119004_mask.png
119120,train,train/images/119120_sat.jpg,train/masks/119120_mask.png
119557,train,train/images/119557_sat.jpg,train/masks/119557_mask.png
119603,train,train/images/119603_sat.jpg,train/masks/119603_mask.png
119673,train,train/images/119673_sat.jpg,train/masks/119673_mask.png
119892,train,train/images/119892_sat.jpg,train/masks/119892_mask.png
120056,train,train/images/120056_sat.jpg,train/masks/120056_mask.png
120065,train,train/images/120065_sat.jpg,train/masks/120065_mask.png
120139,train,train/images/120139_sat.jpg,train/masks/120139_mask.png
12023,train,train/images/12023_sat.jpg,train/masks/12023_mask.png
120286,train,train/images/120286_sat.jpg,train/masks/120286_mask.png
120769,train,train/images/120769_sat.jpg,train/masks/120769_mask.png
120778,train,train/images/120778_sat.jpg,train/masks/120778_mask.png
120855,train,train/images/120855_sat.jpg,train/masks/120855_mask.png
121117,train,train/images/121117_sat.jpg,train/masks/121117_mask.png
121240,train,train/images/121240_sat.jpg,train/masks/121240_mask.png
121541,train,train/images/121541_sat.jpg,train/masks/121541_mask.png
121763,train,train/images/121763_sat.jpg,train/masks/121763_mask.png
121860,train,train/images/121860_sat.jpg,train/masks/121860_mask.png
121994,train,train/images/121994_sat.jpg,train/masks/121994_mask.png
122232,train,train/images/122232_sat.jpg,train/masks/122232_mask.png
122312,train,train/images/122312_sat.jpg,train/masks/122312_mask.png
122401,train,train/images/122401_sat.jpg,train/masks/122401_mask.png
122537,train,train/images/122537_sat.jpg,train/masks/122537_mask.png
122555,train,train/images/122555_sat.jpg,train/masks/122555_mask.png
122817,train,train/images/122817_sat.jpg,train/masks/122817_mask.png
122885,train,train/images/122885_sat.jpg,train/masks/122885_mask.png
122953,train,train/images/122953_sat.jpg,train/masks/122953_mask.png
122985,train,train/images/122985_sat.jpg,train/masks/122985_mask.png
123067,train,train/images/123067_sat.jpg,train/masks/123067_mask.png
123079,train,train/images/123079_sat.jpg,train/masks/123079_mask.png
123343,train,train/images/123343_sat.jpg,train/masks/123343_mask.png
123352,train,train/images/123352_sat.jpg,train/masks/123352_mask.png
12347,train,train/images/12347_sat.jpg,train/masks/12347_mask.png
123618,train,train/images/123618_sat.jpg,train/masks/123618_mask.png
123948,train,train/images/123948_sat.jpg,train/masks/123948_mask.png
124016,train,train/images/124016_sat.jpg,train/masks/124016_mask.png
124192,train,train/images/124192_sat.jpg,train/masks/124192_mask.png
124277,train,train/images/124277_sat.jpg,train/masks/124277_mask.png
124315,train,train/images/124315_sat.jpg,train/masks/124315_mask.png
124319,train,train/images/124319_sat.jpg,train/masks/124319_mask.png
124545,train,train/images/124545_sat.jpg,train/masks/124545_mask.png
124989,train,train/images/124989_sat.jpg,train/masks/124989_mask.png
125426,train,train/images/125426_sat.jpg,train/masks/125426_mask.png
125885,train,train/images/125885_sat.jpg,train/masks/125885_mask.png
125960,train,train/images/125960_sat.jpg,train/masks/125960_mask.png
126082,train,train/images/126082_sat.jpg,train/masks/126082_mask.png
126309,train,train/images/126309_sat.jpg,train/masks/126309_mask.png
126358,train,train/images/126358_sat.jpg,train/masks/126358_mask.png
126481,train,train/images/126481_sat.jpg,train/masks/126481_mask.png
126492,train,train/images/126492_sat.jpg,train/masks/126492_mask.png
126572,train,train/images/126572_sat.jpg,train/masks/126572_mask.png
126734,train,train/images/126734_sat.jpg,train/masks/126734_mask.png
126847,train,train/images/126847_sat.jpg,train/masks/126847_mask.png
127242,train,train/images/127242_sat.jpg,train/masks/127242_mask.png
127271,train,train/images/127271_sat.jpg,train/masks/127271_mask.png
127416,train,train/images/127416_sat.jpg,train/masks/127416_mask.png
127572,train,train/images/127572_sat.jpg,train/masks/127572_mask.png
127647,train,train/images/127647_sat.jpg,train/masks/127647_mask.png
127763,train,train/images/127763_sat.jpg,train/masks/127763_mask.png
127924,train,train/images/127924_sat.jpg,train/masks/127924_mask.png
12810,train,train/images/12810_sat.jpg,train/masks/12810_mask.png
128392,train,train/images/128392_sat.jpg,train/masks/128392_mask.png
128455,train,train/images/128455_sat.jpg,train/masks/128455_mask.png
128550,train,train/images/128550_sat.jpg,train/masks/128550_mask.png
129117,train,train/images/129117_sat.jpg,train/masks/129117_mask.png
129120,train,train/images/129120_sat.jpg,train/masks/129120_mask.png
129205,train,train/images/129205_sat.jpg,train/masks/129205_mask.png
129340,train,train/images/129340_sat.jpg,train/masks/129340_mask.png
129375,train,train/images/129375_sat.jpg,train/masks/129375_mask.png
129457,train,train/images/129457_sat.jpg,train/masks/129457_mask.png
12959,train,train/images/12959_sat.jpg,train/masks/12959_mask.png
129892,train,train/images/129892_sat.jpg,train/masks/129892_mask.png
129975,train,train/images/129975_sat.jpg,train/masks/129975_mask.png
130072,train,train/images/130072_sat.jpg,train/masks/130072_mask.png
130550,train,train/images/130550_sat.jpg,train/masks/130550_mask.png
130614,train,train/images/130614_sat.jpg,train/masks/130614_mask.png
130634,train,train/images/130634_sat.jpg,train/masks/130634_mask.png
130644,train,train/images/130644_sat.jpg,train/masks/130644_mask.png
130967,train,train/images/130967_sat.jpg,train/masks/130967_mask.png
131026,train,train/images/131026_sat.jpg,train/masks/131026_mask.png
131087,train,train/images/131087_sat.jpg,train/masks/131087_mask.png
131094,train,train/images/131094_sat.jpg,train/masks/131094_mask.png
131135,train,train/images/131135_sat.jpg,train/masks/131135_mask.png
131163,train,train/images/131163_sat.jpg,train/masks/131163_mask.png
13148,train,train/images/13148_sat.jpg,train/masks/13148_mask.png
131782,train,train/images/131782_sat.jpg,train/masks/131782_mask.png
132294,train,train/images/132294_sat.jpg,train/masks/132294_mask.png
132320,train,train/images/132320_sat.jpg,train/masks/132320_mask.png
132627,train,train/images/132627_sat.jpg,train/masks/132627_mask.png
132803,train,train/images/132803_sat.jpg,train/masks/132803_mask.png
132806,train,train/images/132806_sat.jpg,train/masks/132806_mask.png
132983,train,train/images/132983_sat.jpg,train/masks/132983_mask.png
132987,train,train/images/132987_sat.jpg,train/masks/132987_mask.png
132997,train,train/images/132997_sat.jpg,train/masks/132997_mask.png
133146,train,train/images/133146_sat.jpg,train/masks/133146_mask.png
133797,train,train/images/133797_sat.jpg,train/masks/133797_mask.png
133864,train,train/images/133864_sat.jpg,train/masks/133864_mask.png
133910,train,train/images/133910_sat.jpg,train/masks/133910_mask.png
134151,train,train/images/134151_sat.jpg,train/masks/134151_mask.png
134280,train,train/images/134280_sat.jpg,train/masks/134280_mask.png
134444,train,train/images/134444_sat.jpg,train/masks/134444_mask.png
134492,train,train/images/134492_sat.jpg,train/masks/134492_mask.png
134690,train,train/images/134690_sat.jpg,train/masks/134690_mask.png
134695,train,train/images/134695_sat.jpg,train/masks/134695_mask.png
134750,train,train/images/134750_sat.jpg,train/masks/134750_mask.png
135070,train,train/images/135070_sat.jpg,train/masks/135070_mask.png
135183,train,train/images/135183_sat.jpg,train/masks/135183_mask.png
135269,train,train/images/135269_sat.jpg,train/masks/135269_mask.png
135616,train,train/images/135616_sat.jpg,train/masks/135616_mask.png
135639,train,train/images/135639_sat.jpg,train/masks/135639_mask.png
135671,train,train/images/135671_sat.jpg,train/masks/135671_mask.png
136313,train,train/images/136313_sat.jpg,train/masks/136313_mask.png
13635,train,train/images/13635_sat.jpg,train/masks/13635_mask.png
136504,train,train/images/136504_sat.jpg,train/masks/136504_mask.png
136539,train,train/images/136539_sat.jpg,train/masks/136539_mask.png
136722,train,train/images/136722_sat.jpg,train/masks/136722_mask.png
137631,train,train/images/137631_sat.jpg,train/masks/137631_mask.png
137632,train,train/images/137632_sat.jpg,train/masks/137632_mask.png
137726,train,train/images/137726_sat.jpg,train/masks/137726_mask.png
137772,train,train/images/137772_sat.jpg,train/masks/137772_mask.png
137803,train,train/images/137803_sat.jpg,train/masks/137803_mask.png
138050,train,train/images/138050_sat.jpg,train/masks/138050_mask.png
138155,train,train/images/138155_sat.jpg,train/masks/138155_mask.png
138350,train,train/images/138350_sat.jpg,train/masks/138350_mask.png
138359,train,train/images/138359_sat.jpg,train/masks/138359_mask.png
138503,train,train/images/138503_sat.jpg,train/masks/138503_mask.png
138519,train,train/images/138519_sat.jpg,train/masks/138519_mask.png
13870,train,train/images/13870_sat.jpg,train/masks/13870_mask.png
138764,train,train/images/138764_sat.jpg,train/masks/138764_mask.png
138964,train,train/images/138964_sat.jpg,train/masks/138964_mask.png
138975,train,train/images/138975_sat.jpg,train/masks/138975_mask.png
139186,train,train/images/139186_sat.jpg,train/masks/139186_mask.png
139401,train,train/images/139401_sat.jpg,train/masks/139401_mask.png
139431,train,train/images/139431_sat.jpg,train/masks/139431_mask.png
13945,train,train/images/13945_sat.jpg,train/masks/13945_mask.png
139775,train,train/images/139775_sat.jpg,train/masks/139775_mask.png
139947,train,train/images/139947_sat.jpg,train/masks/139947_mask.png
140134,train,train/images/140134_sat.jpg,train/masks/140134_mask.png
140235,train,train/images/140235_sat.jpg,train/masks/140235_mask.png
140314,train,train/images/140314_sat.jpg,train/masks/140314_mask.png
140332,train,train/images/140332_sat.jpg,train/masks/140332_mask.png
140509,train,train/images/140509_sat.jpg,train/masks/140509_mask.png
140917,train,train/images/140917_sat.jpg,train/masks/140917_mask.png
140927,train,train/images/140927_sat.jpg,train/masks/140927_mask.png
140935,train,train/images/140935_sat.jpg,train/masks/140935_mask.png
141216,train,train/images/141216_sat.jpg,train/masks/141216_mask.png
141378,train,train/images/141378_sat.jpg,train/masks/141378_mask.png
141485,train,train/images/141485_sat.jpg,train/masks/141485_mask.png
141518,train,train/images/141518_sat.jpg,train/masks/141518_mask.png
141532,train,train/images/141532_sat.jpg,train/masks/141532_mask.png
141959,train,train/images/141959_sat.jpg,train/masks/141959_mask.png
141992,train,train/images/141992_sat.jpg,train/masks/141992_mask.png
142129,train,train/images/142129_sat.jpg,train/masks/142129_mask.png
142373,train,train/images/142373_sat.jpg,train/masks/142373_mask.png
142391,train,train/images/142391_sat.jpg,train/masks/142391_mask.png
142436,train,train/images/142436_sat.jpg,train/masks/142436_mask.png
143105,train,train/images/143105_sat.jpg,train/masks/143105_mask.png
143192,train,train/images/143192_sat.jpg,train/masks/143192_mask.png
143345,train,train/images/143345_sat.jpg,train/masks/143345_mask.png
143358,train,train/images/143358_sat.jpg,train/masks/143358_mask.png
143383,train,train/images/143383_sat.jpg,train/masks/143383_mask.png
14361,train,train/images/14361_sat.jpg,train/masks/14361_mask.png
143700,train,train/images/143700_sat.jpg,train/masks/143700_mask.png
143802,train,train/images/143802_sat.jpg,train/masks/143802_mask.png
143807,train,train/images/143807_sat.jpg,train/masks/143807_mask.png
143979,train,train/images/143979_sat.jpg,train/masks/143979_mask.png
144098,train,train/images/144098_sat.jpg,train/masks/144098_mask.png
144114,train,train/images/144114_sat.jpg,train/masks/144114_mask.png
144350,train,train/images/144350_sat.jpg,train/masks/144350_mask.png
144504,train,train/images/144504_sat.jpg,train/masks/144504_mask.png
144547,train,train/images/144547_sat.jpg,train/masks/144547_mask.png
144605,train,train/images/144605_sat.jpg,train/masks/144605_mask.png
144666,train,train/images/144666_sat.jpg,train/masks/144666_mask.png
144801,train,train/images/144801_sat.jpg,train/masks/144801_mask.png
145193,train,train/images/145193_sat.jpg,train/masks/145193_mask.png
145724,train,train/images/145724_sat.jpg,train/masks/145724_mask.png
145767,train,train/images/145767_sat.jpg,train/masks/145767_mask.png
146136,train,train/images/146136_sat.jpg,train/masks/146136_mask.png
146305,train,train/images/146305_sat.jpg,train/masks/146305_mask.png
146345,train,train/images/146345_sat.jpg,train/masks/146345_mask.png
146352,train,train/images/146352_sat.jpg,train/masks/146352_mask.png
146417,train,train/images/146417_sat.jpg,train/masks/146417_mask.png
146541,train,train/images/146541_sat.jpg,train/masks/146541_mask.png
146564,train,train/images/146564_sat.jpg,train/masks/146564_mask.png
146735,train,train/images/146735_sat.jpg,train/masks/146735_mask.png
146766,train,train/images/146766_sat.jpg,train/masks/146766_mask.png
147073,train,train/images/147073_sat.jpg,train/masks/147073_mask.png
147151,train,train/images/147151_sat.jpg,train/masks/147151_mask.png
147586,train,train/images/147586_sat.jpg,train/masks/147586_mask.png
147605,train,train/images/147605_sat.jpg,train/masks/147605_mask.png
147858,train,train/images/147858_sat.jpg,train/masks/147858_mask.png
148138,train,train/images/148138_sat.jpg,train/masks/148138_mask.png
148240,train,train/images/148240_sat.jpg,train/masks/148240_mask.png
148294,train,train/images/148294_sat.jpg,train/masks/148294_mask.png
148960,train,train/images/148960_sat.jpg,train/masks/148960_mask.png
149109,train,train/images/149109_sat.jpg,train/masks/149109_mask.png
149125,train,train/images/149125_sat.jpg,train/masks/149125_mask.png
14958,train,train/images/14958_sat.jpg,train/masks/14958_mask.png
149690,train,train/images/149690_sat.jpg,train/masks/149690_mask.png
149841,train,train/images/149841_sat.jpg,train/masks/149841_mask.png
149900,train,train/images/149900_sat.jpg,train/masks/149900_mask.png
149988,train,train/images/149988_sat.jpg,train/masks/149988_mask.png
15003,train,train/images/15003_sat.jpg,train/masks/15003_mask.png
150276,train,train/images/150276_sat.jpg,train/masks/150276_mask.png
150334,train,train/images/150334_sat.jpg,train/masks/150334_mask.png
150479,train,train/images/150479_sat.jpg,train/masks/150479_mask.png
150624,train,train/images/150624_sat.jpg,train/masks/150624_mask.png
150951,train,train/images/150951_sat.jpg,train/masks/150951_mask.png
150984,train,train/images/150984_sat.jpg,train/masks/150984_mask.png
151321,train,train/images/151321_sat.jpg,train/masks/151321_mask.png
151844,train,train/images/151844_sat.jpg,train/masks/151844_mask.png
151878,train,train/images/151878_sat.jpg,train/masks/151878_mask.png
152132,train,train/images/152132_sat.jpg,train/masks/152132_mask.png
152146,train,train/images/152146_sat.jpg,train/masks/152146_mask.png
152177,train,train/images/152177_sat.jpg,train/masks/152177_mask.png
152193,train,train/images/152193_sat.jpg,train/masks/152193_mask.png
15237,train,train/images/15237_sat.jpg,train/masks/15237_mask.png
152497,train,train/images/152497_sat.jpg,train/masks/152497_mask.png
152661,train,train/images/152661_sat.jpg,train/masks/152661_mask.png
152886,train,train/images/152886_sat.jpg,train/masks/152886_mask.png
153089,train,train/images/153089_sat.jpg,train/masks/153089_mask.png
153163,train,train/images/153163_sat.jpg,train/masks/153163_mask.png
153170,train,train/images/153170_sat.jpg,train/masks/153170_mask.png
153265,train,train/images/153265_sat.jpg,train/masks/153265_mask.png
153293,train,train/images/153293_sat.jpg,train/masks/153293_mask.png
153339,train,train/images/153339_sat.jpg,train/masks/153339_mask.png
15347,train,train/images/15347_sat.jpg,train/masks/15347_mask.png
153718,train,train/images/153718_sat.jpg,train/masks/153718_mask.png
153859,train,train/images/153859_sat.jpg,train/masks/153859_mask.png
153918,train,train/images/153918_sat.jpg,train/masks/153918_mask.png
153937,train,train/images/153937_sat.jpg,train/masks/153937_mask.png
153971,train,train/images/153971_sat.jpg,train/masks/153971_mask.png
154170,train,train/images/154170_sat.jpg,train/masks/154170_mask.png
154219,train,train/images/154219_sat.jpg,train/masks/154219_mask.png
154460,train,train/images/154460_sat.jpg,train/masks/154460_mask.png
154786,train,train/images/154786_sat.jpg,train/masks/154786_mask.png
154811,train,train/images/154811_sat.jpg,train/masks/154811_mask.png
154822,train,train/images/154822_sat.jpg,train/masks/154822_mask.png
155010,train,train/images/155010_sat.jpg,train/masks/155010_mask.png
155149,train,train/images/155149_sat.jpg,train/masks/155149_mask.png
155238,train,train/images/155238_sat.jpg,train/masks/155238_mask.png
155429,train,train/images/155429_sat.jpg,train/masks/155429_mask.png
155604,train,train/images/155604_sat.jpg,train/masks/155604_mask.png
156243,train,train/images/156243_sat.jpg,train/masks/156243_mask.png
156400,train,train/images/156400_sat.jpg,train/masks/156400_mask.png
156476,train,train/images/156476_sat.jpg,train/masks/156476_mask.png
156501,train,train/images/156501_sat.jpg,train/masks/156501_mask.png
156527,train,train/images/156527_sat.jpg,train/masks/156527_mask.png
156534,train,train/images/156534_sat.jpg,train/masks/156534_mask.png
156551,train,train/images/156551_sat.jpg,train/masks/156551_mask.png
156715,train,train/images/156715_sat.jpg,train/masks/156715_mask.png
156960,train,train/images/156960_sat.jpg,train/masks/156960_mask.png
157037,train,train/images/157037_sat.jpg,train/masks/157037_mask.png
157050,train,train/images/157050_sat.jpg,train/masks/157050_mask.png
157077,train,train/images/157077_sat.jpg,train/masks/157077_mask.png
157613,train,train/images/157613_sat.jpg,train/masks/157613_mask.png
157732,train,train/images/157732_sat.jpg,train/masks/157732_mask.png
158099,train,train/images/158099_sat.jpg,train/masks/158099_mask.png
158296,train,train/images/158296_sat.jpg,train/masks/158296_mask.png
15833,train,train/images/15833_sat.jpg,train/masks/15833_mask.png
158426,train,train/images/158426_sat.jpg,train/masks/158426_mask.png
158968,train,train/images/158968_sat.jpg,train/masks/158968_mask.png
159040,train,train/images/159040_sat.jpg,train/masks/159040_mask.png
159264,train,train/images/159264_sat.jpg,train/masks/159264_mask.png
159273,train,train/images/159273_sat.jpg,train/masks/159273_mask.png
159499,train,train/images/159499_sat.jpg,train/masks/159499_mask.png
159619,train,train/images/159619_sat.jpg,train/masks/159619_mask.png
159696,train,train/images/159696_sat.jpg,train/masks/159696_mask.png
159698,train,train/images/159698_sat.jpg,train/masks/159698_mask.png
159882,train,train/images/159882_sat.jpg,train/masks/159882_mask.png
159963,train,train/images/159963_sat.jpg,train/masks/159963_mask.png
160113,train,train/images/160113_sat.jpg,train/masks/160113_mask.png
160175,train,train/images/160175_sat.jpg,train/masks/160175_mask.png
160432,train,train/images/160432_sat.jpg,train/masks/160432_mask.png
160894,train,train/images/160894_sat.jpg,train/masks/160894_mask.png
160903,train,train/images/160903_sat.jpg,train/masks/160903_mask.png
161175,train,train/images/161175_sat.jpg,train/masks/161175_mask.png
161446,train,train/images/161446_sat.jpg,train/masks/161446_mask.png
161528,train,train/images/161528_sat.jpg,train/masks/161528_mask.png
161540,train,train/images/161540_sat.jpg,train/masks/161540_mask.png
161576,train,train/images/161576_sat.jpg,train/masks/161576_mask.png
161746,train,train/images/161746_sat.jpg,train/masks/161746_mask.png
162405,train,train/images/162405_sat.jpg,train/masks/162405_mask.png
162428,train,train/images/162428_sat.jpg,train/masks/162428_mask.png
162474,train,train/images/162474_sat.jpg,train/masks/162474_mask.png
162545,train,train/images/162545_sat.jpg,train/masks/162545_mask.png
162554,train,train/images/162554_sat.jpg,train/masks/162554_mask.png
163116,train,train/images/163116_sat.jpg,train/masks/163116_mask.png
163215,train,train/images/163215_sat.jpg,train/masks/163215_mask.png
163227,train,train/images/163227_sat.jpg,train/masks/163227_mask.png
163228,train,train/images/163228_sat.jpg,train/masks/163228_mask.png
163313,train,train/images/163313_sat.jpg,train/masks/163313_mask.png
16422,train,train/images/16422_sat.jpg,train/masks/16422_mask.png
164300,train,train/images/164300_sat.jpg,train/masks/164300_mask.png
164384,train,train/images/164384_sat.jpg,train/masks/164384_mask.png
164491,train,train/images/164491_sat.jpg,train/masks/164491_mask.png
164519,train,train/images/164519_sat.jpg,train/masks/164519_mask.png
164619,train,train/images/164619_sat.jpg,train/masks/164619_mask.png
164642,train,train/images/164642_sat.jpg,train/masks/164642_mask.png
164759,train,train/images/164759_sat.jpg,train/masks/164759_mask.png
164799,train,train/images/164799_sat.jpg,train/masks/164799_mask.png
164801,train,train/images/164801_sat.jpg,train/masks/164801_mask.png
16493,train,train/images/16493_sat.jpg,train/masks/16493_mask.png
165156,train,train/images/165156_sat.jpg,train/masks/165156_mask.png
165219,train,train/images/165219_sat.jpg,train/masks/165219_mask.png
165674,train,train/images/165674_sat.jpg,train/masks/165674_mask.png
165776,train,train/images/165776_sat.jpg,train/masks/165776_mask.png
16577,train,train/images/16577_sat.jpg,train/masks/16577_mask.png
165784,train,train/images/165784_sat.jpg,train/masks/165784_mask.png
165983,train,train/images/165983_sat.jpg,train/masks/165983_mask.png
166347,train,train/images/166347_sat.jpg,train/masks/166347_mask.png
166605,train,train/images/166605_sat.jpg,train/masks/166605_mask.png
166996,train,train/images/166996_sat.jpg,train/masks/166996_mask.png
167193,train,train/images/167193_sat.jpg,train/masks/167193_mask.png
167220,train,train/images/167220_sat.jpg,train/masks/167220_mask.png
167282,train,train/images/167282_sat.jpg,train/masks/167282_mask.png
167439,train,train/images/167439_sat.jpg,train/masks/167439_mask.png
167451,train,train/images/167451_sat.jpg,train/masks/167451_mask.png
167472,train,train/images/167472_sat.jpg,train/masks/167472_mask.png
16754,train,train/images/16754_sat.jpg,train/masks/16754_mask.png
167617,train,train/images/167617_sat.jpg,train/masks/167617_mask.png
167806,train,train/images/167806_sat.jpg,train/masks/167806_mask.png
168242,train,train/images/168242_sat.jpg,train/masks/168242_mask.png
168410,train,train/images/168410_sat.jpg,train/masks/168410_mask.png
168426,train,train/images/168426_sat.jpg,train/masks/168426_mask.png
168428,train,train/images/168428_sat.jpg,train/masks/168428_mask.png
168486,train,train/images/168486_sat.jpg,train/masks/168486_mask.png
168917,train,train/images/168917_sat.jpg,train/masks/168917_mask.png
169099,train,train/images/169099_sat.jpg,train/masks/169099_mask.png
169228,train,train/images/169228_sat.jpg,train/masks/169228_mask.png
169237,train,train/images/169237_sat.jpg,train/masks/169237_mask.png
169287,train,train/images/169287_sat.jpg,train/masks/169287_mask.png
169762,train,train/images/169762_sat.jpg,train/masks/169762_mask.png
169837,train,train/images/169837_sat.jpg,train/masks/169837_mask.png
170190,train,train/images/170190_sat.jpg,train/masks/170190_mask.png
170223,train,train/images/170223_sat.jpg,train/masks/170223_mask.png
170330,train,train/images/170330_sat.jpg,train/masks/170330_mask.png
170331,train,train/images/170331_sat.jpg,train/masks/170331_mask.png
170527,train,train/images/170527_sat.jpg,train/masks/170527_mask.png
170531,train,train/images/170531_sat.jpg,train/masks/170531_mask.png
170862,train,train/images/170862_sat.jpg,train/masks/170862_mask.png
170898,train,train/images/170898_sat.jpg,train/masks/170898_mask.png
171048,train,train/images/171048_sat.jpg,train/masks/171048_mask.png
171144,train,train/images/171144_sat.jpg,train/masks/171144_mask.png
171178,train,train/images/171178_sat.jpg,train/masks/171178_mask.png
17121,train,train/images/17121_sat.jpg,train/masks/17121_mask.png
171296,train,train/images/171296_sat.jpg,train/masks/171296_mask.png
17193,train,train/images/17193_sat.jpg,train/masks/17193_mask.png
171963,train,train/images/171963_sat.jpg,train/masks/171963_mask.png
172000,train,train/images/172000_sat.jpg,train/masks/172000_mask.png
172100,train,train/images/172100_sat.jpg,train/masks/172100_mask.png
172272,train,train/images/172272_sat.jpg,train/masks/172272_mask.png
172349,train,train/images/172349_sat.jpg,train/masks/172349_mask.png
172430,train,train/images/172430_sat.jpg,train/masks/172430_mask.png
172458,train,train/images/172458_sat.jpg,train/masks/172458_mask.png
17304,train,train/images/17304_sat.jpg,train/masks/17304_mask.png
17324,train,train/images/17324_sat.jpg,train/masks/17324_mask.png
173306,train,train/images/173306_sat.jpg,train/masks/173306_mask.png
173458,train,train/images/173458_sat.jpg,train/masks/173458_mask.png
173654,train,train/images/173654_sat.jpg,train/masks/173654_mask.png
174168,train,train/images/174168_sat.jpg,train/masks/174168_mask.png
174211,train,train/images/174211_sat.jpg,train/masks/174211_mask.png
174568,train,train/images/174568_sat.jpg,train/masks/174568_mask.png
174734,train,train/images/174734_sat.jpg,train/masks/174734_mask.png
174757,train,train/images/174757_sat.jpg,train/masks/174757_mask.png
174770,train,train/images/174770_sat.jpg,train/masks/174770_mask.png
174781,train,train/images/174781_sat.jpg,train/masks/174781_mask.png
174934,train,train/images/174934_sat.jpg,train/masks/174934_mask.png
175121,train,train/images/175121_sat.jpg,train/masks/175121_mask.png
175252,train,train/images/175252_sat.jpg,train/masks/175252_mask.png
175388,train,train/images/175388_sat.jpg,train/masks/175388_mask.png
175632,train,train/images/175632_sat.jpg,train/masks/175632_mask.png
175684,train,train/images/175684_sat.jpg,train/masks/175684_mask.png
175688,train,train/images/175688_sat.jpg,train/masks/175688_mask.png
175779,train,train/images/175779_sat.jpg,train/masks/175779_mask.png
175945,train,train/images/175945_sat.jpg,train/masks/175945_mask.png
175963,train,train/images/175963_sat.jpg,train/masks/175963_mask.png
17596,train,train/images/17596_sat.jpg,train/masks/17596_mask.png
176017,train,train/images/176017_sat.jpg,train/masks/176017_mask.png
176168,train,train/images/176168_sat.jpg,train/masks/176168_mask.png
176563,train,train/images/176563_sat.jpg,train/masks/176563_mask.png
176661,train,train/images/176661_sat.jpg,train/masks/176661_mask.png
176760,train,train/images/176760_sat.jpg,train/masks/176760_mask.png
176841,train,train/images/176841_sat.jpg,train/masks/176841_mask.png
17707,train,train/images/17707_sat.jpg,train/masks/17707_mask.png
177494,train,train/images/177494_sat.jpg,train/masks/177494_mask.png
177575,train,train/images/177575_sat.jpg,train/masks/177575_mask.png
177723,train,train/images/177723_sat.jpg,train/masks/177723_mask.png
177786,train,train/images/177786_sat.jpg,train/masks/177786_mask.png
178158,train,train/images/178158_sat.jpg,train/masks/178158_mask.png
17863,train,train/images/17863_sat.jpg,train/masks/17863_mask.png
178641,train,train/images/178641_sat.jpg,train/masks/178641_mask.png
178753,train,train/images/178753_sat.jpg,train/masks/178753_mask.png
178776,train,train/images/178776_sat.jpg,train/masks/178776_mask.png
178844,train,train/images/178844_sat.jpg,train/masks/178844_mask.png
179253,train,train/images/179253_sat.jpg,train/masks/179253_mask.png
179541,train,train/images/179541_sat.jpg,train/masks/179541_mask.png
179705,train,train/images/179705_sat.jpg,train/masks/179705_mask.png
17989,train,train/images/17989_sat.jpg,train/masks/17989_mask.png
180165,train,train/images/180165_sat.jpg,train/masks/180165_mask.png
180197,train,train/images/180197_sat.jpg,train/masks/180197_mask.png
180367,train,train/images/180367_sat.jpg,train/masks/180367_mask.png
180468,train,train/images/180468_sat.jpg,train/masks/180468_mask.png
180734,train,train/images/180734_sat.jpg,train/masks/180734_mask.png
180781,train,train/images/180781_sat.jpg,train/masks/180781_mask.png
18094,train,train/images/18094_sat.jpg,train/masks/18094_mask.png
181039,train,train/images/181039_sat.jpg,train/masks/181039_mask.png
181193,train,train/images/181193_sat.jpg,train/masks/181193_mask.png
181371,train,train/images/181371_sat.jpg,train/masks/181371_mask.png
18159,train,train/images/18159_sat.jpg,train/masks/18159_mask.png
181613,train,train/images/181613_sat.jpg,train/masks/181613_mask.png
181701,train,train/images/181701_sat.jpg,train/masks/181701_mask.png
181861,train,train/images/181861_sat.jpg,train/masks/181861_mask.png
181929,train,train/images/181929_sat.jpg,train/masks/181929_mask.png
182001,train,train/images/182001_sat.jpg,train/masks/182001_mask.png
182114,train,train/images/182114_sat.jpg,train/masks/182114_mask.png
182133,train,train/images/182133_sat.jpg,train/masks/182133_mask.png
18214,train,train/images/18214_sat.jpg,train/masks/18214_mask.png
182364,train,train/images/182364_sat.jpg,train/masks/182364_mask.png
182381,train,train/images/182381_sat.jpg,train/masks/182381_mask.png
182504,train,train/images/182504_sat.jpg,train/masks/182504_mask.png
182935,train,train/images/182935_sat.jpg,train/masks/182935_mask.png
18309,train,train/images/18309_sat.jpg,train/masks/18309_mask.png
183250,train,train/images/183250_sat.jpg,train/masks/183250_mask.png
183259,train,train/images/183259_sat.jpg,train/masks/183259_mask.png
183397,train,train/images/183397_sat.jpg,train/masks/183397_mask.png
183488,train,train/images/183488_sat.jpg,train/masks/183488_mask.png
183552,train,train/images/183552_sat.jpg,train/masks/183552_mask.png
183675,train,train/images/183675_sat.jpg,train/masks/183675_mask.png
183970,train,train/images/183970_sat.jpg,train/masks/183970_mask.png
184177,train,train/images/184177_sat.jpg,train/masks/184177_mask.png
184255,train,train/images/184255_sat.jpg,train/masks/184255_mask.png
184429,train,train/images/184429_sat.jpg,train/masks/184429_mask.png
184564,train,train/images/184564_sat.jpg,train/masks/184564_mask.png
184760,train,train/images/184760_sat.jpg,train/masks/184760_mask.png
184812,train,train/images/184812_sat.jpg,train/masks/184812_mask.png
184855,train,train/images/184855_sat.jpg,train/masks/184855_mask.png
1849,train,train/images/1849_sat.jpg,train/masks/1849_mask.png
185000,train,train/images/185000_sat.jpg,train/masks/185000_mask.png
185095,train,train/images/185095_sat.jpg,train/masks/185095_mask.png
185121,train,train/images/185121_sat.jpg,train/masks/185121_mask.png
185245,train,train/images/185245_sat.jpg,train/masks/185245_mask.png
185247,train,train/images/185247_sat.jpg,train/masks/185247_mask.png
185263,train,train/images/185263_sat.jpg,train/masks/185263_mask.png
185489,train,train/images/185489_sat.jpg,train/masks/185489_mask.png
185537,train,train/images/185537_sat.jpg,train/masks/185537_mask.png
185602,train,train/images/185602_sat.jpg,train/masks/185602_mask.png
185620,train,train/images/185620_sat.jpg,train/masks/185620_mask.png
185622,train,train/images/185622_sat.jpg,train/masks/185622_mask.png
18570,train,train/images/18570_sat.jpg,train/masks/18570_mask.png
185983,train,train/images/185983_sat.jpg,train/masks/185983_mask.png
185996,train,train/images/185996_sat.jpg,train/masks/185996_mask.png
186076,train,train/images/186076_sat.jpg,train/masks/186076_mask.png
186231,train,train/images/186231_sat.jpg,train/masks/186231_mask.png
186312,train,train/images/186312_sat.jpg,train/masks/186312_mask.png
186392,train,train/images/186392_sat.jpg,train/masks/186392_mask.png
18640,train,train/images/18640_sat.jpg,train/masks/18640_mask.png
18645,train,train/images/18645_sat.jpg,train/masks/18645_mask.png
18650,train,train/images/18650_sat.jpg,train/masks/18650_mask.png
186608,train,train/images/186608_sat.jpg,train/masks/186608_mask.png
186646,train,train/images/186646_sat.jpg,train/masks/186646_mask.png
186797,train,train/images/186797_sat.jpg,train/masks/186797_mask.png
186820,train,train/images/186820_sat.jpg,train/masks/186820_mask.png
186840,train,train/images/186840_sat.jpg,train/masks/186840_mask.png
187024,train,train/images/187024_sat.jpg,train/masks/187024_mask.png
187103,train,train/images/187103_sat.jpg,train/masks/187103_mask.png
18717,train,train/images/18717_sat.jpg,train/masks/18717_mask.png
187387,train,train/images/187387_sat.jpg,train/masks/187387_mask.png
187593,train,train/images/187593_sat.jpg,train/masks/187593_mask.png
18781,train,train/images/18781_sat.jpg,train/masks/18781_mask.png
187892,train,train/images/187892_sat.jpg,train/masks/187892_mask.png
187895,train,train/images/187895_sat.jpg,train/masks/187895_mask.png
188095,train,train/images/188095_sat.jpg,train/masks/188095_mask.png
188262,train,train/images/188262_sat.jpg,train/masks/188262_mask.png
188297,train,train/images/188297_sat.jpg,train/masks/188297_mask.png
188301,train,train/images/188301_sat.jpg,train/masks/188301_mask.png
188369,train,train/images/188369_sat.jpg,train/masks/188369_mask.png
188451,train,train/images/188451_sat.jpg,train/masks/188451_mask.png
188596,train,train/images/188596_sat.jpg,train/masks/188596_mask.png
188603,train,train/images/188603_sat.jpg,train/masks/188603_mask.png
18867,train,train/images/18867_sat.jpg,train/masks/18867_mask.png
188714,train,train/images/188714_sat.jpg,train/masks/188714_mask.png
188924,train,train/images/188924_sat.jpg,train/masks/188924_mask.png
18896,train,train/images/18896_sat.jpg,train/masks/18896_mask.png
189336,train,train/images/189336_sat.jpg,train/masks/189336_mask.png
189431,train,train/images/189431_sat.jpg,train/masks/189431_mask.png
189556,train,train/images/189556_sat.jpg,train/masks/189556_mask.png
189642,train,train/images/189642_sat.jpg,train/masks/189642_mask.png
189835,train,train/images/189835_sat.jpg,train/masks/189835_mask.png
190129,train,train/images/190129_sat.jpg,train/masks/190129_mask.png
190799,train,train/images/190799_sat.jpg,train/masks/190799_mask.png
191015,train,train/images/191015_sat.jpg,train/masks/191015_mask.png
191071,train,train/images/191071_sat.jpg,train/masks/191071_mask.png
191119,train,train/images/191119_sat.jpg,train/masks/191119_mask.png
191470,train,train/images/191470_sat.jpg,train/masks/191470_mask.png
191523,train,train/images/191523_sat.jpg,train/masks/191523_mask.png
191988,train,train/images/191988_sat.jpg,train/masks/191988_mask.png
192490,train,train/images/192490_sat.jpg,train/masks/192490_mask.png
192523,train,train/images/192523_sat.jpg,train/masks/192523_mask.png
192556,train,train/images/192556_sat.jpg,train/masks/192556_mask.png
192726,train,train/images/192726_sat.jpg,train/masks/192726_mask.png
192798,train,train/images/192798_sat.jpg,train/masks/192798_mask.png
192899,train,train/images/192899_sat.jpg,train/masks/192899_mask.png
193026,train,train/images/193026_sat.jpg,train/masks/193026_mask.png
193151,train,train/images/193151_sat.jpg,train/masks/193151_mask.png
193210,train,train/images/193210_sat.jpg,train/masks/193210_mask.png
193360,train,train/images/193360_sat.jpg,train/masks/193360_mask.png
19338,train,train/images/19338_sat.jpg,train/masks/19338_mask.png
1934,train,train/images/1934_sat.jpg,train/masks/1934_mask.png
193878,train,train/images/193878_sat.jpg,train/masks/193878_mask.png
194021,train,train/images/194021_sat.jpg,train/masks/194021_mask.png
19424,train,train/images/19424_sat.jpg,train/masks/19424_mask.png
194278,train,train/images/194278_sat.jpg,train/masks/194278_mask.png
194423,train,train/images/194423_sat.jpg,train/masks/194423_mask.png
194424,train,train/images/194424_sat.jpg,train/masks/194424_mask.png
1945,train,train/images/1945_sat.jpg,train/masks/1945_mask.png
194764,train,train/images/194764_sat.jpg,train/masks/194764_mask.png
195081,train,train/images/195081_sat.jpg,train/masks/195081_mask.png
195106,train,train/images/195106_sat.jpg,train/masks/195106_mask.png
195113,train,train/images/195113_sat.jpg,train/masks/195113_mask.png
195175,train,train/images/195175_sat.jpg,train/masks/195175_mask.png
195261,train,train/images/195261_sat.jpg,train/masks/195261_mask.png
195418,train,train/images/195418_sat.jpg,train/masks/195418_mask.png
195501,train,train/images/195501_sat.jpg,train/masks/195501_mask.png
195688,train,train/images/195688_sat.jpg,train/masks/195688_mask.png
196602,train,train/images/196602_sat.jpg,train/masks/196602_mask.png
196685,train,train/images/196685_sat.jpg,train/masks/196685_mask.png
196693,train,train/images/196693_sat.jpg,train/masks/196693_mask.png
196838,train,train/images/196838_sat.jpg,train/masks/196838_mask.png
197146,train,train/images/197146_sat.jpg,train/masks/197146_mask.png
197293,train,train/images/197293_sat.jpg,train/masks/197293_mask.png
197331,train,train/images/197331_sat.jpg,train/masks/197331_mask.png
197342,train,train/images/197342_sat.jpg,train/masks/197342_mask.png
197397,train,train/images/197397_sat.jpg,train/masks/197397_mask.png
197445,train,train/images/197445_sat.jpg,train/masks/197445_mask.png
197527,train,train/images/197527_sat.jpg,train/masks/197527_mask.png
197549,train,train/images/197549_sat.jpg,train/masks/197549_mask.png
197951,train,train/images/197951_sat.jpg,train/masks/197951_mask.png
198077,train,train/images/198077_sat.jpg,train/masks/198077_mask.png
199062,train,train/images/199062_sat.jpg,train/masks/199062_mask.png
199090,train,train/images/199090_sat.jpg,train/masks/199090_mask.png
199155,train,train/images/199155_sat.jpg,train/masks/199155_mask.png
199215,train,train/images/199215_sat.jpg,train/masks/199215_mask.png
199397,train,train/images/199397_sat.jpg,train/masks/199397_mask.png
199632,train,train/images/199632_sat.jpg,train/masks/199632_mask.png
199826,train,train/images/199826_sat.jpg,train/masks/199826_mask.png
199872,train,train/images/199872_sat.jpg,train/masks/199872_mask.png
200004,train,train/images/200004_sat.jpg,train/masks/200004_mask.png
200037,train,train/images/200037_sat.jpg,train/masks/200037_mask.png
200070,train,train/images/200070_sat.jpg,train/masks/200070_mask.png
200132,train,train/images/200132_sat.jpg,train/masks/200132_mask.png
200190,train,train/images/200190_sat.jpg,train/masks/200190_mask.png
200296,train,train/images/200296_sat.jpg,train/masks/200296_mask.png
200332,train,train/images/200332_sat.jpg,train/masks/200332_mask.png
200602,train,train/images/200602_sat.jpg,train/masks/200602_mask.png
200716,train,train/images/200716_sat.jpg,train/masks/200716_mask.png
200721,train,train/images/200721_sat.jpg,train/masks/200721_mask.png
200777,train,train/images/200777_sat.jpg,train/masks/200777_mask.png
200811,train,train/images/200811_sat.jpg,train/masks/200811_mask.png
201182,train,train/images/201182_sat.jpg,train/masks/201182_mask.png
201338,train,train/images/201338_sat.jpg,train/masks/201338_mask.png
201389,train,train/images/201389_sat.jpg,train/masks/201389_mask.png
201520,train,train/images/201520_sat.jpg,train/masks/201520_mask.png
201729,train,train/images/201729_sat.jpg,train/masks/201729_mask.png
201735,train,train/images/201735_sat.jpg,train/masks/201735_mask.png
201844,train,train/images/201844_sat.jpg,train/masks/201844_mask.png
201854,train,train/images/201854_sat.jpg,train/masks/201854_mask.png
201885,train,train/images/201885_sat.jpg,train/masks/201885_mask.png
201964,train,train/images/201964_sat.jpg,train/masks/201964_mask.png
202076,train,train/images/202076_sat.jpg,train/masks/202076_mask.png
202218,train,train/images/202218_sat.jpg,train/masks/202218_mask.png
20236,train,train/images/20236_sat.jpg,train/masks/20236_mask.png
202536,train,train/images/202536_sat.jpg,train/masks/202536_mask.png
202587,train,train/images/202587_sat.jpg,train/masks/202587_mask.png
202688,train,train/images/202688_sat.jpg,train/masks/202688_mask.png
203308,train,train/images/203308_sat.jpg,train/masks/203308_mask.png
203373,train,train/images/203373_sat.jpg,train/masks/203373_mask.png
203439,train,train/images/203439_sat.jpg,train/masks/203439_mask.png
203471,train,train/images/203471_sat.jpg,train/masks/203471_mask.png
203508,train,train/images/203508_sat.jpg,train/masks/203508_mask.png
203675,train,train/images/203675_sat.jpg,train/masks/203675_mask.png
204189,train,train/images/204189_sat.jpg,train/masks/204189_mask.png
20451,train,train/images/20451_sat.jpg,train/masks/20451_mask.png
204584,train,train/images/204584_sat.jpg,train/masks/204584_mask.png
204654,train,train/images/204654_sat.jpg,train/masks/204654_mask.png
204713,train,train/images/204713_sat.jpg,train/masks/204713_mask.png
205035,train,train/images/205035_sat.jpg,train/masks/205035_mask.png
205045,train,train/images/205045_sat.jpg,train/masks/205045_mask.png
20537,train,train/images/20537_sat.jpg,train/masks/20537_mask.png
205591,train,train/images/205591_sat.jpg,train/masks/205591_mask.png
205758,train,train/images/205758_sat.jpg,train/masks/205758_mask.png
206358,train,train/images/206358_sat.jpg,train/masks/206358_mask.png
206362,train,train/images/206362_sat.jpg,train/masks/206362_mask.png
206440,train,train/images/206440_sat.jpg,train/masks/206440_mask.png
206700,train,train/images/206700_sat.jpg,train/masks/206700_mask.png
206748,train,train/images/206748_sat.jpg,train/masks/206748_mask.png
207388,train,train/images/207388_sat.jpg,train/masks/207388_mask.png
207486,train,train/images/207486_sat.jpg,train/masks/207486_mask.png
207616,train,train/images/207616_sat.jpg,train/masks/207616_mask.png
207641,train,train/images/207641_sat.jpg,train/masks/207641_mask.png
207813,train,train/images/207813_sat.jpg,train/masks/207813_mask.png
207837,train,train/images/207837_sat.jpg,train/masks/207837_mask.png
207936,train,train/images/207936_sat.jpg,train/masks/207936_mask.png
208309,train,train/images/208309_sat.jpg,train/masks/208309_mask.png
208604,train,train/images/208604_sat.jpg,train/masks/208604_mask.png
208649,train,train/images/208649_sat.jpg,train/masks/208649_mask.png
208706,train,train/images/208706_sat.jpg,train/masks/208706_mask.png
208748,train,train/images/208748_sat.jpg,train/masks/208748_mask.png
209028,train,train/images/209028_sat.jpg,train/masks/209028_mask.png
209090,train,train/images/209090_sat.jpg,train/masks/209090_mask.png
209161,train,train/images/209161_sat.jpg,train/masks/209161_mask.png
20919,train,train/images/20919_sat.jpg,train/masks/20919_mask.png
209322,train,train/images/209322_sat.jpg,train/masks/209322_mask.png
20949,train,train/images/20949_sat.jpg,train/masks/20949_mask.png
209636,train,train/images/209636_sat.jpg,train/masks/209636_mask.png
209943,train,train/images/209943_sat.jpg,train/masks/209943_mask.png
21009,train,train/images/21009_sat.jpg,train/masks/21009_mask.png
210173,train,train/images/210173_sat.jpg,train/masks/210173_mask.png
210314,train,train/images/210314_sat.jpg,train/masks/210314_mask.png
210375,train,train/images/210375_sat.jpg,train/masks/210375_mask.png
210627,train,train/images/210627_sat.jpg,train/masks/210627_mask.png
211013,train,train/images/211013_sat.jpg,train/masks/211013_mask.png
211457,train,train/images/211457_sat.jpg,train/masks/211457_mask.png
211684,train,train/images/211684_sat.jpg,train/masks/211684_mask.png
211872,train,train/images/211872_sat.jpg,train/masks/211872_mask.png
21194,train,train/images/21194_sat.jpg,train/masks/21194_mask.png
21197,train,train/images/21197_sat.jpg,train/masks/21197_mask.png
212070,train,train/images/212070_sat.jpg,train/masks/212070_mask.png
212205,train,train/images/212205_sat.jpg,train/masks/212205_mask.png
212245,train,train/images/212245_sat.jpg,train/masks/212245_mask.png
212264,train,train/images/212264_sat.jpg,train/masks/212264_mask.png
212548,train,train/images/212548_sat.jpg,train/masks/212548_mask.png
212604,train,train/images/212604_sat.jpg,train/masks/212604_mask.png
212679,train,train/images/212679_sat.jpg,train/masks/212679_mask.png
212985,train,train/images/212985_sat.jpg,train/masks/212985_mask.png
2129,train,train/images/2129_sat.jpg,train/masks/2129_mask.png
213244,train,train/images/213244_sat.jpg,train/masks/213244_mask.png
21327,train,train/images/21327_sat.jpg,train/masks/21327_mask.png
21331,train,train/images/21331_sat.jpg,train/masks/21331_mask.png
213407,train,train/images/213407_sat.jpg,train/masks/213407_mask.png
213449,train,train/images/213449_sat.jpg,train/masks/213449_mask.png
213654,train,train/images/213654_sat.jpg,train/masks/213654_mask.png
213657,train,train/images/213657_sat.jpg,train/masks/213657_mask.png
213689,train,train/images/213689_sat.jpg,train/masks/213689_mask.png
214053,train,train/images/214053_sat.jpg,train/masks/214053_mask.png
214068,train,train/images/214068_sat.jpg,train/masks/214068_mask.png
214451,train,train/images/214451_sat.jpg,train/masks/214451_mask.png
214492,train,train/images/214492_sat.jpg,train/masks/214492_mask.png
21449,train,train/images/21449_sat.jpg,train/masks/21449_mask.png
214635,train,train/images/214635_sat.jpg,train/masks/214635_mask.png
215026,train,train/images/215026_sat.jpg,train/masks/215026_mask.png
215069,train,train/images/215069_sat.jpg,train/masks/215069_mask.png
215146,train,train/images/215146_sat.jpg,train/masks/215146_mask.png
215185,train,train/images/215185_sat.jpg,train/masks/215185_mask.png
215260,train,train/images/215260_sat.jpg,train/masks/215260_mask.png
215352,train,train/images/215352_sat.jpg,train/masks/215352_mask.png
215380,train,train/images/215380_sat.jpg,train/masks/215380_mask.png
215778,train,train/images/215778_sat.jpg,train/masks/215778_mask.png
215970,train,train/images/215970_sat.jpg,train/masks/215970_mask.png
216023,train,train/images/216023_sat.jpg,train/masks/216023_mask.png
21610,train,train/images/21610_sat.jpg,train/masks/21610_mask.png
216333,train,train/images/216333_sat.jpg,train/masks/216333_mask.png
216376,train,train/images/216376_sat.jpg,train/masks/216376_mask.png
216610,train,train/images/216610_sat.jpg,train/masks/216610_mask.png
216686,train,train/images/216686_sat.jpg,train/masks/216686_mask.png
216831,train,train/images/216831_sat.jpg,train/masks/216831_mask.png
217025,train,train/images/217025_sat.jpg,train/masks/217025_mask.png
217212,train,train/images/217212_sat.jpg,train/masks/217212_mask.png
217242,train,train/images/217242_sat.jpg,train/masks/217242_mask.png
217377,train,train/images/217377_sat.jpg,train/masks/217377_mask.png
217703,train,train/images/217703_sat.jpg,train/masks/217703_mask.png
217718,train,train/images/217718_sat.jpg,train/masks/217718_mask.png
217741,train,train/images/217741_sat.jpg,train/masks/217741_mask.png
217838,train,train/images/217838_sat.jpg,train/masks/217838_mask.png
218161,train,train/images/218161_sat.jpg,train/masks/218161_mask.png
218391,train,train/images/218391_sat.jpg,train/masks/218391_mask.png
218569,train,train/images/218569_sat.jpg,train/masks/218569_mask.png
218814,train,train/images/218814_sat.jpg,train/masks/218814_mask.png
218931,train,train/images/218931_sat.jpg,train/masks/218931_mask.png
218967,train,train/images/218967_sat.jpg,train/masks/218967_mask.png
21916,train,train/images/21916_sat.jpg,train/masks/21916_mask.png
219175,train,train/images/219175_sat.jpg,train/masks/219175_mask.png
219560,train,train/images/219560_sat.jpg,train/masks/219560_mask.png
219601,train,train/images/219601_sat.jpg,train/masks/219601_mask.png
220372,train,train/images/220372_sat.jpg,train/masks/220372_mask.png
220630,train,train/images/220630_sat.jpg,train/masks/220630_mask.png
220692,train,train/images/220692_sat.jpg,train/masks/220692_mask.png
220961,train,train/images/220961_sat.jpg,train/masks/220961_mask.png
221165,train,train/images/221165_sat.jpg,train/masks/221165_mask.png
221254,train,train/images/221254_sat.jpg,train/masks/221254_mask.png
22153,train,train/images/22153_sat.jpg,train/masks/22153_mask.png
22174,train,train/images/22174_sat.jpg,train/masks/22174_mask.png
221946,train,train/images/221946_sat.jpg,train/masks/221946_mask.png
222170,train,train/images/222170_sat.jpg,train/masks/222170_mask.png
222272,train,train/images/222272_sat.jpg,train/masks/222272_mask.png
222343,train,train/images/222343_sat.jpg,train/masks/222343_mask.png
222405,train,train/images/222405_sat.jpg,train/masks/222405_mask.png
222415,train,train/images/222415_sat.jpg,train/masks/222415_mask.png
222583,train,train/images/222583_sat.jpg,train/masks/222583_mask.png
222673,train,train/images/222673_sat.jpg,train/masks/222673_mask.png
222692,train,train/images/222692_sat.jpg,train/masks/222692_mask.png
222724,train,train/images/222724_sat.jpg,train/masks/222724_mask.png
222769,train,train/images/222769_sat.jpg,train/masks/222769_mask.png
222833,train,train/images/222833_sat.jpg,train/masks/222833_mask.png
223078,train,train/images/223078_sat.jpg,train/masks/223078_mask.png
223306,train,train/images/223306_sat.jpg,train/masks/223306_mask.png
223890,train,train/images/223890_sat.jpg,train/masks/223890_mask.png
223900,train,train/images/223900_sat.jpg,train/masks/223900_mask.png
224082,train,train/images/224082_sat.jpg,train/masks/224082_mask.png
224260,train,train/images/224260_sat.jpg,train/masks/224260_mask.png
224407,train,train/images/224407_sat.jpg,train/masks/224407_mask.png
224442,train,train/images/224442_sat.jpg,train/masks/224442_mask.png
224447,train,train/images/224447_sat.jpg,train/masks/224447_mask.png
224547,train,train/images/224547_sat.jpg,train/masks/224547_mask.png
224620,train,train/images/224620_sat.jpg,train/masks/224620_mask.png
224711,train,train/images/224711_sat.jpg,train/masks/224711_mask.png
224907,train,train/images/224907_sat.jpg,train/masks/224907_mask.png
224916,train,train/images/224916_sat.jpg,train/masks/224916_mask.png
22503,train,train/images/22503_sat.jpg,train/masks/22503_mask.png
22535,train,train/images/22535_sat.jpg,train/masks/22535_mask.png
225487,train,train/images/225487_sat.jpg,train/masks/225487_mask.png
225596,train,train/images/225596_sat.jpg,train/masks/225596_mask.png
22560,train,train/images/22560_sat.jpg,train/masks/22560_mask.png
225626,train,train/images/225626_sat.jpg,train/masks/225626_mask.png
225869,train,train/images/225869_sat.jpg,train/masks/225869_mask.png
226265,train,train/images/226265_sat.jpg,train/masks/226265_mask.png
226279,train,train/images/226279_sat.jpg,train/masks/226279_mask.png
2262,train,train/images/2262_sat.jpg,train/masks/2262_mask.png
226308,train,train/images/226308_sat.jpg,train/masks/226308_mask.png
226604,train,train/images/226604_sat.jpg,train/masks/226604_mask.png
226665,train,train/images/226665_sat.jpg,train/masks/226665_mask.png
226764,train,train/images/226764_sat.jpg,train/masks/226764_mask.png
226806,train,train/images/226806_sat.jpg,train/masks/226806_mask.png
226813,train,train/images/226813_sat.jpg,train/masks/226813_mask.png
226876,train,train/images/226876_sat.jpg,train/masks/226876_mask.png
226952,train,train/images/226952_sat.jpg,train/masks/226952_mask.png
226994,train,train/images/226994_sat.jpg,train/masks/226994_mask.png
227016,train,train/images/227016_sat.jpg,train/masks/227016_mask.png
227114,train,train/images/227114_sat.jpg,train/masks/227114_mask.png
227154,train,train/images/227154_sat.jpg,train/masks/227154_mask.png
227216,train,train/images/227216_sat.jpg,train/masks/227216_mask.png
227231,train,train/images/227231_sat.jpg,train/masks/227231_mask.png
227491,train,train/images/227491_sat.jpg,train/masks/227491_mask.png
227580,train,train/images/227580_sat.jpg,train/masks/227580_mask.png
227624,train,train/images/227624_sat.jpg,train/masks/227624_mask.png
227689,train,train/images/227689_sat.jpg,train/masks/227689_mask.png
228240,train,train/images/228240_sat.jpg,train/masks/228240_mask.png
228246,train,train/images/228246_sat.jpg,train/masks/228246_mask.png
228375,train,train/images/228375_sat.jpg,train/masks/228375_mask.png
228483,train,train/images/228483_sat.jpg,train/masks/228483_mask.png
22856,train,train/images/22856_sat.jpg,train/masks/22856_mask.png
228609,train,train/images/228609_sat.jpg,train/masks/228609_mask.png
228760,train,train/images/228760_sat.jpg,train/masks/228760_mask.png
22899,train,train/images/22899_sat.jpg,train/masks/22899_mask.png
229078,train,train/images/229078_sat.jpg,train/masks/229078_mask.png
229154,train,train/images/229154_sat.jpg,train/masks/229154_mask.png
229193,train,train/images/229193_sat.jpg,train/masks/229193_mask.png
229279,train,train/images/229279_sat.jpg,train/masks/229279_mask.png
229451,train,train/images/229451_sat.jpg,train/masks/229451_mask.png
229703,train,train/images/229703_sat.jpg,train/masks/229703_mask.png
22972,train,train/images/22972_sat.jpg,train/masks/22972_mask.png
229851,train,train/images/229851_sat.jpg,train/masks/229851_mask.png
229907,train,train/images/229907_sat.jpg,train/masks/229907_mask.png
229952,train,train/images/229952_sat.jpg,train/masks/229952_mask.png
229980,train,train/images/229980_sat.jpg,train/masks/229980_mask.png
230028,train,train/images/230028_sat.jpg,train/masks/230028_mask.png
230078,train,train/images/230078_sat.jpg,train/masks/230078_mask.png
230359,train,train/images/230359_sat.jpg,train/masks/230359_mask.png
230408,train,train/images/230408_sat.jpg,train/masks/230408_mask.png
230583,train,train/images/230583_sat.jpg,train/masks/230583_mask.png
230837,train,train/images/230837_sat.jpg,train/masks/230837_mask.png
230849,train,train/images/230849_sat.jpg,train/masks/230849_mask.png
230908,train,train/images/230908_sat.jpg,train/masks/230908_mask.png
231221,train,train/images/231221_sat.jpg,train/masks/231221_mask.png
231352,train,train/images/231352_sat.jpg,train/masks/231352_mask.png
23145,train,train/images/23145_sat.jpg,train/masks/23145_mask.png
231468,train,train/images/231468_sat.jpg,train/masks/231468_mask.png
231634,train,train/images/231634_sat.jpg,train/masks/231634_mask.png
231652,train,train/images/231652_sat.jpg,train/masks/231652_mask.png
232039,train,train/images/232039_sat.jpg,train/masks/232039_mask.png
232116,train,train/images/232116_sat.jpg,train/masks/232116_mask.png
232140,train,train/images/232140_sat.jpg,train/masks/232140_mask.png
232253,train,train/images/232253_sat.jpg,train/masks/232253_mask.png
232316,train,train/images/232316_sat.jpg,train/masks/232316_mask.png
232317,train,train/images/232317_sat.jpg,train/masks/232317_mask.png
232446,train,train/images/232446_sat.jpg,train/masks/232446_mask.png
232755,train,train/images/232755_sat.jpg,train/masks/232755_mask.png
232758,train,train/images/232758_sat.jpg,train/masks/232758_mask.png
232823,train,train/images/232823_sat.jpg,train/masks/232823_mask.png
232879,train,train/images/232879_sat.jpg,train/masks/232879_mask.png
233110,train,train/images/233110_sat.jpg,train/masks/233110_mask.png
233250,train,train/images/233250_sat.jpg,train/masks/233250_mask.png
233711,train,train/images/233711_sat.jpg,train/masks/233711_mask.png
233751,train,train/images/233751_sat.jpg,train/masks/233751_mask.png
233804,train,train/images/233804_sat.jpg,train/masks/233804_mask.png
23388,train,train/images/23388_sat.jpg,train/masks/23388_mask.png
234045,train,train/images/234045_sat.jpg,train/masks/234045_mask.png
234132,train,train/images/234132_sat.jpg,train/masks/234132_mask.png
234448,train,train/images/234448_sat.jpg,train/masks/234448_mask.png
234632,train,train/images/234632_sat.jpg,train/masks/234632_mask.png
234692,train,train/images/234692_sat.jpg,train/masks/234692_mask.png
234752,train,train/images/234752_sat.jpg,train/masks/234752_mask.png
235133,train,train/images/235133_sat.jpg,train/masks/235133_mask.png
235619,train,train/images/235619_sat.jpg,train/masks/235619_mask.png
235933,train,train/images/235933_sat.jpg,train/masks/235933_mask.png
235973,train,train/images/235973_sat.jpg,train/masks/235973_mask.png
236240,train,train/images/236240_sat.jpg,train/masks/236240_mask.png
236446,train,train/images/236446_sat.jpg,train/masks/236446_mask.png
236489,train,train/images/236489_sat.jpg,train/masks/236489_mask.png
236557,train,train/images/236557_sat.jpg,train/masks/236557_mask.png
236589,train,train/images/236589_sat.jpg,train/masks/236589_mask.png
236644,train,train/images/236644_sat.jpg,train/masks/236644_mask.png
236731,train,train/images/236731_sat.jpg,train/masks/236731_mask.png
237086,train,train/images/237086_sat.jpg,train/masks/237086_mask.png
237186,train,train/images/237186_sat.jpg,train/masks/237186_mask.png
237220,train,train/images/237220_sat.jpg,train/masks/237220_mask.png
237383,train,train/images/237383_sat.jpg,train/masks/237383_mask.png
237387,train,train/images/237387_sat.jpg,train/masks/237387_mask.png
237451,train,train/images/237451_sat.jpg,train/masks/237451_mask.png
237922,train,train/images/237922_sat.jpg,train/masks/237922_mask.png
237923,train,train/images/237923_sat.jpg,train/masks/237923_mask.png
238136,train,train/images/238136_sat.jpg,train/masks/238136_mask.png
23824,train,train/images/23824_sat.jpg,train/masks/23824_mask.png
238385,train,train/images/238385_sat.jpg,train/masks/238385_mask.png
238434,train,train/images/238434_sat.jpg,train/masks/238434_mask.png
238546,train,train/images/238546_sat.jpg,train/masks/238546_mask.png
238582,train,train/images/238582_sat.jpg,train/masks/238582_mask.png
238585,train,train/images/238585_sat.jpg,train/masks/238585_mask.png
23870,train,train/images/23870_sat.jpg,train/masks/23870_mask.png
238746,train,train/images/238746_sat.jpg,train/masks/238746_mask.png
238789,train,train/images/238789_sat.jpg,train/masks/238789_mask.png
238803,train,train/images/238803_sat.jpg,train/masks/238803_mask.png
238979,train,train/images/238979_sat.jpg,train/masks/238979_mask.png
239043,train,train/images/239043_sat.jpg,train/masks/239043_mask.png
239044,train,train/images/239044_sat.jpg,train/masks/239044_mask.png
239555,train,train/images/239555_sat.jpg,train/masks/239555_mask.png
23955,train,train/images/23955_sat.jpg,train/masks/23955_mask.png
23964,train,train/images/23964_sat.jpg,train/masks/23964_mask.png
239988,train,train/images/239988_sat.jpg,train/masks/239988_mask.png
240062,train,train/images/240062_sat.jpg,train/masks/240062_mask.png
240166,train,train/images/240166_sat.jpg,train/masks/240166_mask.png
240340,train,train/images/240340_sat.jpg,train/masks/240340_mask.png
24093,train,train/images/24093_sat.jpg,train/masks/24093_mask.png
240997,train,train/images/240997_sat.jpg,train/masks/240997_mask.png
241249,train,train/images/241249_sat.jpg,train/masks/241249_mask.png
241269,train,train/images/241269_sat.jpg,train/masks/241269_mask.png
241296,train,train/images/241296_sat.jpg,train/masks/241296_mask.png
241467,train,train/images/241467_sat.jpg,train/masks/241467_mask.png
241710,train,train/images/241710_sat.jpg,train/masks/241710_mask.png
241728,train,train/images/241728_sat.jpg,train/masks/241728_mask.png
241847,train,train/images/241847_sat.jpg,train/masks/241847_mask.png
24185,train,train/images/24185_sat.jpg,train/masks/24185_mask.png
242346,train,train/images/242346_sat.jpg,train/masks/242346_mask.png
242466,train,train/images/242466_sat.jpg,train/masks/242466_mask.png
24272,train,train/images/24272_sat.jpg,train/masks/24272_mask.png
242904,train,train/images/242904_sat.jpg,train/masks/242904_mask.png
242989,train,train/images/242989_sat.jpg,train/masks/242989_mask.png
242996,train,train/images/242996_sat.jpg,train/masks/242996_mask.png
243017,train,train/images/243017_sat.jpg,train/masks/243017_mask.png
243471,train,train/images/243471_sat.jpg,train/masks/243471_mask.png
243873,train,train/images/243873_sat.jpg,train/masks/243873_mask.png
243913,train,train/images/243913_sat.jpg,train/masks/243913_mask.png
243937,train,train/images/243937_sat.jpg,train/masks/243937_mask.png
243981,train,train/images/243981_sat.jpg,train/masks/243981_mask.png
244013,train,train/images/244013_sat.jpg,train/masks/244013_mask.png
24405,train,train/images/24405_sat.jpg,train/masks/24405_mask.png
244100,train,train/images/244100_sat.jpg,train/masks/244100_mask.png
244138,train,train/images/244138_sat.jpg,train/masks/244138_mask.png
244286,train,train/images/244286_sat.jpg,train/masks/244286_mask.png
244381,train,train/images/244381_sat.jpg,train/masks/244381_mask.png
244466,train,train/images/244466_sat.jpg,train/masks/244466_mask.png
244489,train,train/images/244489_sat.jpg,train/masks/244489_mask.png
244803,train,train/images/244803_sat.jpg,train/masks/244803_mask.png
244845,train,train/images/244845_sat.jpg,train/masks/244845_mask.png
245056,train,train/images/245056_sat.jpg,train/masks/245056_mask.png
245375,train,train/images/245375_sat.jpg,train/masks/245375_mask.png
245405,train,train/images/245405_sat.jpg,train/masks/245405_mask.png
245661,train,train/images/245661_sat.jpg,train/masks/245661_mask.png
245951,train,train/images/245951_sat.jpg,train/masks/245951_mask.png
245954,train,train/images/245954_sat.jpg,train/masks/245954_mask.png
246363,train,train/images/246363_sat.jpg,train/masks/246363_mask.png
246455,train,train/images/246455_sat.jpg,train/masks/246455_mask.png
246593,train,train/images/246593_sat.jpg,train/masks/246593_mask.png
246789,train,train/images/246789_sat.jpg,train/masks/246789_mask.png
246908,train,train/images/246908_sat.jpg,train/masks/246908_mask.png
247257,train,train/images/247257_sat.jpg,train/masks/247257_mask.png
247275,train,train/images/247275_sat.jpg,train/masks/247275_mask.png
247410,train,train/images/247410_sat.jpg,train/masks/247410_mask.png
247505,train,train/images/247505_sat.jpg,train/masks/247505_mask.png
247529,train,train/images/247529_sat.jpg,train/masks/247529_mask.png
24760,train,train/images/24760_sat.jpg,train/masks/24760_mask.png
248171,train,train/images/248171_sat.jpg,train/masks/248171_mask.png
248232,train,train/images/248232_sat.jpg,train/masks/248232_mask.png
248303,train,train/images/248303_sat.jpg,train/masks/248303_mask.png
248426,train,train/images/248426_sat.jpg,train/masks/248426_mask.png
248633,train,train/images/248633_sat.jpg,train/masks/248633_mask.png
248659,train,train/images/248659_sat.jpg,train/masks/248659_mask.png
248678,train,train/images/248678_sat.jpg,train/masks/248678_mask.png
248759,train,train/images/248759_sat.jpg,train/masks/248759_mask.png
248951,train,train/images/248951_sat.jpg,train/masks/248951_mask.png
248997,train,train/images/248997_sat.jpg,train/masks/248997_mask.png
24918,train,train/images/24918_sat.jpg,train/masks/24918_mask.png
249353,train,train/images/249353_sat.jpg,train/masks/249353_mask.png
249549,train,train/images/249549_sat.jpg,train/masks/249549_mask.png
2495,train,train/images/2495_sat.jpg,train/masks/2495_mask.png
249627,train,train/images/249627_sat.jpg,train/masks/249627_mask.png
249946,train,train/images/249946_sat.jpg,train/masks/249946_mask.png
249992,train,train/images/249992_sat.jpg,train/masks/249992_mask.png
250105,train,train/images/250105_sat.jpg,train/masks/250105_mask.png
250177,train,train/images/250177_sat.jpg,train/masks/250177_mask.png
250393,train,train/images/250393_sat.jpg,train/masks/250393_mask.png
250816,train,train/images/250816_sat.jpg,train/masks/250816_mask.png
250888,train,train/images/250888_sat.jpg,train/masks/250888_mask.png
250891,train,train/images/250891_sat.jpg,train/masks/250891_mask.png
251044,train,train/images/251044_sat.jpg,train/masks/251044_mask.png
251047,train,train/images/251047_sat.jpg,train/masks/251047_mask.png
251273,train,train/images/251273_sat.jpg,train/masks/251273_mask.png
251425,train,train/images/251425_sat.jpg,train/masks/251425_mask.png
25194,train,train/images/25194_sat.jpg,train/masks/25194_mask.png
251998,train,train/images/251998_sat.jpg,train/masks/251998_mask.png
252025,train,train/images/252025_sat.jpg,train/masks/252025_mask.png
252066,train,train/images/252066_sat.jpg,train/masks/252066_mask.png
252287,train,train/images/252287_sat.jpg,train/masks/252287_mask.png
252483,train,train/images/252483_sat.jpg,train/masks/252483_mask.png
25262,train,train/images/25262_sat.jpg,train/masks/25262_mask.png
252685,train,train/images/252685_sat.jpg,train/masks/252685_mask.png
252987,train,train/images/252987_sat.jpg,train/masks/252987_mask.png
253169,train,train/images/253169_sat.jpg,train/masks/253169_mask.png
253415,train,train/images/253415_sat.jpg,train/masks/253415_mask.png
25367,train,train/images/25367_sat.jpg,train/masks/25367_mask.png
253704,train,train/images/253704_sat.jpg,train/masks/253704_mask.png
253879,train,train/images/253879_sat.jpg,train/masks/253879_mask.png
253941,train,train/images/253941_sat.jpg,train/masks/253941_mask.png
25415,train,train/images/25415_sat.jpg,train/masks/25415_mask.png
254166,train,train/images/254166_sat.jpg,train/masks/254166_mask.png
25459,train,train/images/25459_sat.jpg,train/masks/25459_mask.png
254653,train,train/images/254653_sat.jpg,train/masks/254653_mask.png
254668,train,train/images/254668_sat.jpg,train/masks/254668_mask.png
25479,train,train/images/25479_sat.jpg,train/masks/25479_mask.png
254842,train,train/images/254842_sat.jpg,train/masks/254842_mask.png
255045,train,train/images/255045_sat.jpg,train/masks/255045_mask.png
255193,train,train/images/255193_sat.jpg,train/masks/255193_mask.png
255324,train,train/images/255324_sat.jpg,train/masks/255324_mask.png
255439,train,train/images/255439_sat.jpg,train/masks/255439_mask.png
255668,train,train/images/255668_sat.jpg,train/masks/255668_mask.png
255824,train,train/images/255824_sat.jpg,train/masks/255824_mask.png
256081,train,train/images/256081_sat.jpg,train/masks/256081_mask.png
256264,train,train/images/256264_sat.jpg,train/masks/256264_mask.png
256332,train,train/images/256332_sat.jpg,train/masks/256332_mask.png
256474,train,train/images/256474_sat.jpg,train/masks/256474_mask.png
256672,train,train/images/256672_sat.jpg,train/masks/256672_mask.png
257388,train,train/images/257388_sat.jpg,train/masks/257388_mask.png
25742,train,train/images/25742_sat.jpg,train/masks/25742_mask.png
257530,train,train/images/257530_sat.jpg,train/masks/257530_mask.png
257531,train,train/images/257531_sat.jpg,train/masks/257531_mask.png
257715,train,train/images/257715_sat.jpg,train/masks/257715_mask.png
25773,train,train/images/25773_sat.jpg,train/masks/25773_mask.png
257748,train,train/images/257748_sat.jpg,train/masks/257748_mask.png
258318,train,train/images/258318_sat.jpg,train/masks/258318_mask.png
258433,train,train/images/258433_sat.jpg,train/masks/258433_mask.png
258578,train,train/images/258578_sat.jpg,train/masks/258578_mask.png
258988,train,train/images/258988_sat.jpg,train/masks/258988_mask.png
259042,train,train/images/259042_sat.jpg,train/masks/259042_mask.png
259347,train,train/images/259347_sat.jpg,train/masks/259347_mask.png
259464,train,train/images/259464_sat.jpg,train/masks/259464_mask.png
259816,train,train/images/259816_sat.jpg,train/masks/259816_mask.png
259840,train,train/images/259840_sat.jpg,train/masks/259840_mask.png
259945,train,train/images/259945_sat.jpg,train/masks/259945_mask.png
260008,train,train/images/260008_sat.jpg,train/masks/260008_mask.png
260046,train,train/images/260046_sat.jpg,train/masks/260046_mask.png
260354,train,train/images/260354_sat.jpg,train/masks/260354_mask.png
26044,train,train/images/26044_sat.jpg,train/masks/26044_mask.png
260481,train,train/images/260481_sat.jpg,train/masks/260481_mask.png
26050,train,train/images/26050_sat.jpg,train/masks/26050_mask.png
260539,train,train/images/260539_sat.jpg,train/masks/260539_mask.png
260967,train,train/images/260967_sat.jpg,train/masks/260967_mask.png
261077,train,train/images/261077_sat.jpg,train/masks/261077_mask.png
261263,train,train/images/261263_sat.jpg,train/masks/261263_mask.png
261324,train,train/images/261324_sat.jpg,train/masks/261324_mask.png
261416,train,train/images/261416_sat.jpg,train/masks/261416_mask.png
261721,train,train/images/261721_sat.jpg,train/masks/261721_mask.png
261906,train,train/images/261906_sat.jpg,train/masks/261906_mask.png
261916,train,train/images/261916_sat.jpg,train/masks/261916_mask.png
26206,train,train/images/26206_sat.jpg,train/masks/26206_mask.png
262288,train,train/images/262288_sat.jpg,train/masks/262288_mask.png
262342,train,train/images/262342_sat.jpg,train/masks/262342_mask.png
262506,train,train/images/262506_sat.jpg,train/masks/262506_mask.png
262765,train,train/images/262765_sat.jpg,train/masks/262765_mask.png
262790,train,train/images/262790_sat.jpg,train/masks/262790_mask.png
263047,train,train/images/263047_sat.jpg,train/masks/263047_mask.png
263063,train,train/images/263063_sat.jpg,train/masks/263063_mask.png
263194,train,train/images/263194_sat.jpg,train/masks/263194_mask.png
263205,train,train/images/263205_sat.jpg,train/masks/263205_mask.png
263318,train,train/images/263318_sat.jpg,train/masks/263318_mask.png
263363,train,train/images/263363_sat.jpg,train/masks/263363_mask.png
263416,train,train/images/263416_sat.jpg,train/masks/263416_mask.png
263612,train,train/images/263612_sat.jpg,train/masks/263612_mask.png
263910,train,train/images/263910_sat.jpg,train/masks/263910_mask.png
264218,train,train/images/264218_sat.jpg,train/masks/264218_mask.png
26430,train,train/images/26430_sat.jpg,train/masks/26430_mask.png
264705,train,train/images/264705_sat.jpg,train/masks/264705_mask.png
2647,train,train/images/2647_sat.jpg,train/masks/2647_mask.png
265006,train,train/images/265006_sat.jpg,train/masks/265006_mask.png
265174,train,train/images/265174_sat.jpg,train/masks/265174_mask.png
26566,train,train/images/26566_sat.jpg,train/masks/26566_mask.png
265850,train,train/images/265850_sat.jpg,train/masks/265850_mask.png
265926,train,train/images/265926_sat.jpg,train/masks/265926_mask.png
266032,train,train/images/266032_sat.jpg,train/masks/266032_mask.png
266047,train,train/images/266047_sat.jpg,train/masks/266047_mask.png
266065,train,train/images/266065_sat.jpg,train/masks/266065_mask.png
266201,train,train/images/266201_sat.jpg,train/masks/266201_mask.png
266306,train,train/images/266306_sat.jpg,train/masks/266306_mask.png
266585,train,train/images/266585_sat.jpg,train/masks/266585_mask.png
266627,train,train/images/266627_sat.jpg,train/masks/266627_mask.png
266719,train,train/images/266719_sat.jpg,train/masks/266719_mask.png
2667,train,train/images/2667_sat.jpg,train/masks/2667_mask.png
266869,train,train/images/266869_sat.jpg,train/masks/266869_mask.png
267139,train,train/images/267139_sat.jpg,train/masks/267139_mask.png
267196,train,train/images/267196_sat.jpg,train/masks/267196_mask.png
267296,train,train/images/267296_sat.jpg,train/masks/267296_mask.png
267531,train,train/images/267531_sat.jpg,train/masks/267531_mask.png
267565,train,train/images/267565_sat.jpg,train/masks/267565_mask.png
267643,train,train/images/267643_sat.jpg,train/masks/267643_mask.png
267645,train,train/images/267645_sat.jpg,train/masks/267645_mask.png
267853,train,train/images/267853_sat.jpg,train/masks/267853_mask.png
267964,train,train/images/267964_sat.jpg,train/masks/267964_mask.png
268049,train,train/images/268049_sat.jpg,train/masks/268049_mask.png
268074,train,train/images/268074_sat.jpg,train/masks/268074_mask.png
268247,train,train/images/268247_sat.jpg,train/masks/268247_mask.png
268319,train,train/images/268319_sat.jpg,train/masks/268319_mask.png
268464,train,train/images/268464_sat.jpg,train/masks/268464_mask.png
268564,train,train/images/268564_sat.jpg,train/masks/268564_mask.png
26877,train,train/images/26877_sat.jpg,train/masks/26877_mask.png
268848,train,train/images/268848_sat.jpg,train/masks/268848_mask.png
268879,train,train/images/268879_sat.jpg,train/masks/268879_mask.png
26895,train,train/images/26895_sat.jpg,train/masks/26895_mask.png
269301,train,train/images/269301_sat.jpg,train/masks/269301_mask.png
269476,train,train/images/269476_sat.jpg,train/masks/269476_mask.png
269561,train,train/images/269561_sat.jpg,train/masks/269561_mask.png
269620,train,train/images/269620_sat.jpg,train/masks/269620_mask.png
269938,train,train/images/269938_sat.jpg,train/masks/269938_mask.png
270111,train,train/images/270111_sat.jpg,train/masks/270111_mask.png
270299,train,train/images/270299_sat.jpg,train/masks/270299_mask.png
270959,train,train/images/270959_sat.jpg,train/masks/270959_mask.png
271039,train,train/images/271039_sat.jpg,train/masks/271039_mask.png
27127,train,train/images/27127_sat.jpg,train/masks/27127_mask.png
271436,train,train/images/271436_sat.jpg,train/masks/271436_mask.png
272018,train,train/images/272018_sat.jpg,train/masks/272018_mask.png
272049,train,train/images/272049_sat.jpg,train/masks/272049_mask.png
272122,train,train/images/272122_sat.jpg,train/masks/272122_mask.png
272376,train,train/images/272376_sat.jpg,train/masks/272376_mask.png
272786,train,train/images/272786_sat.jpg,train/masks/272786_mask.png
272855,train,train/images/272855_sat.jpg,train/masks/272855_mask.png
272876,train,train/images/272876_sat.jpg,train/masks/272876_mask.png
273053,train,train/images/273053_sat.jpg,train/masks/273053_mask.png
273061,train,train/images/273061_sat.jpg,train/masks/273061_mask.png
2730,train,train/images/2730_sat.jpg,train/masks/2730_mask.png
273219,train,train/images/273219_sat.jpg,train/masks/273219_mask.png
273249,train,train/images/273249_sat.jpg,train/masks/273249_mask.png
273498,train,train/images/273498_sat.jpg,train/masks/273498_mask.png
27363,train,train/images/27363_sat.jpg,train/masks/27363_mask.png
273679,train,train/images/273679_sat.jpg,train/masks/273679_mask.png
273731,train,train/images/273731_sat.jpg,train/masks/273731_mask.png
273921,train,train/images/273921_sat.jpg,train/masks/273921_mask.png
274102,train,train/images/274102_sat.jpg,train/masks/274102_mask.png
274270,train,train/images/274270_sat.jpg,train/masks/274270_mask.png
274292,train,train/images/274292_sat.jpg,train/masks/274292_mask.png
274547,train,train/images/274547_sat.jpg,train/masks/274547_mask.png
274630,train,train/images/274630_sat.jpg,train/masks/274630_mask.png
274678,train,train/images/274678_sat.jpg,train/masks/274678_mask.png
274693,train,train/images/274693_sat.jpg,train/masks/274693_mask.png
274946,train,train/images/274946_sat.jpg,train/masks/274946_mask.png
275136,train,train/images/275136_sat.jpg,train/masks/275136_mask.png
27516,train,train/images/27516_sat.jpg,train/masks/27516_mask.png
275177,train,train/images/275177_sat.jpg,train/masks/275177_mask.png
275185,train,train/images/275185_sat.jpg,train/masks/275185_mask.png
275642,train,train/images/275642_sat.jpg,train/masks/275642_mask.png
275838,train,train/images/275838_sat.jpg,train/masks/275838_mask.png
275849,train,train/images/275849_sat.jpg,train/masks/275849_mask.png
27607,train,train/images/27607_sat.jpg,train/masks/27607_mask.png
27617,train,train/images/27617_sat.jpg,train/masks/27617_mask.png
276302,train,train/images/276302_sat.jpg,train/masks/276302_mask.png
276327,train,train/images/276327_sat.jpg,train/masks/276327_mask.png
276557,train,train/images/276557_sat.jpg,train/masks/276557_mask.png
276572,train,train/images/276572_sat.jpg,train/masks/276572_mask.png
276604,train,train/images/276604_sat.jpg,train/masks/276604_mask.png
276983,train,train/images/276983_sat.jpg,train/masks/276983_mask.png
277035,train,train/images/277035_sat.jpg,train/masks/277035_mask.png
277124,train,train/images/277124_sat.jpg,train/masks/277124_mask.png
27718,train,train/images/27718_sat.jpg,train/masks/27718_mask.png
277484,train,train/images/277484_sat.jpg,train/masks/277484_mask.png
277546,train,train/images/277546_sat.jpg,train/masks/277546_mask.png
277891,train,train/images/277891_sat.jpg,train/masks/277891_mask.png
278054,train,train/images/278054_sat.jpg,train/masks/278054_mask.png
278159,train,train/images/278159_sat.jpg,train/masks/278159_mask.png
278175,train,train/images/278175_sat.jpg,train/masks/278175_mask.png
278299,train,train/images/278299_sat.jpg,train/masks/278299_mask.png
278507,train,train/images/278507_sat.jpg,train/masks/278507_mask.png
278569,train,train/images/278569_sat.jpg,train/masks/278569_mask.png
278899,train,train/images/278899_sat.jpg,train/masks/278899_mask.png
278965,train,train/images/278965_sat.jpg,train/masks/278965_mask.png
279193,train,train/images/279193_sat.jpg,train/masks/279193_mask.png
279283,train,train/images/279283_sat.jpg,train/masks/279283_mask.png
279367,train,train/images/279367_sat.jpg,train/masks/279367_mask.png
279620,train,train/images/279620_sat.jpg,train/masks/279620_mask.png
279807,train,train/images/279807_sat.jpg,train/masks/279807_mask.png
279862,train,train/images/279862_sat.jpg,train/masks/279862_mask.png
279971,train,train/images/279971_sat.jpg,train/masks/279971_mask.png
280022,train,train/images/280022_sat.jpg,train/masks/280022_mask.png
280425,train,train/images/280425_sat.jpg,train/masks/280425_mask.png
280509,train,train/images/280509_sat.jpg,train/masks/280509_mask.png
280694,train,train/images/280694_sat.jpg,train/masks/280694_mask.png
280955,train,train/images/280955_sat.jpg,train/masks/280955_mask.png
281008,train,train/images/281008_sat.jpg,train/masks/281008_mask.png
281122,train,train/images/281122_sat.jpg,train/masks/281122_mask.png
281208,train,train/images/281208_sat.jpg,train/masks/281208_mask.png
281344,train,train/images/281344_sat.jpg,train/masks/281344_mask.png
281355,train,train/images/281355_sat.jpg,train/masks/281355_mask.png
281530,train,train/images/281530_sat.jpg,train/masks/281530_mask.png
282201,train,train/images/282201_sat.jpg,train/masks/282201_mask.png
282386,train,train/images/282386_sat.jpg,train/masks/282386_mask.png
282426,train,train/images/282426_sat.jpg,train/masks/282426_mask.png
282861,train,train/images/282861_sat.jpg,train/masks/282861_mask.png
282949,train,train/images/282949_sat.jpg,train/masks/282949_mask.png
282956,train,train/images/282956_sat.jpg,train/masks/282956_mask.png
282986,train,train/images/282986_sat.jpg,train/masks/282986_mask.png
282992,train,train/images/282992_sat.jpg,train/masks/282992_mask.png
283097,train,train/images/283097_sat.jpg,train/masks/283097_mask.png
283125,train,train/images/283125_sat.jpg,train/masks/283125_mask.png
283271,train,train/images/283271_sat.jpg,train/masks/283271_mask.png
28332,train,train/images/28332_sat.jpg,train/masks/28332_mask.png
283392,train,train/images/283392_sat.jpg,train/masks/283392_mask.png
283581,train,train/images/283581_sat.jpg,train/masks/283581_mask.png
283650,train,train/images/283650_sat.jpg,train/masks/283650_mask.png
284083,train,train/images/284083_sat.jpg,train/masks/284083_mask.png
284094,train,train/images/284094_sat.jpg,train/masks/284094_mask.png
284571,train,train/images/284571_sat.jpg,train/masks/284571_mask.png
284729,train,train/images/284729_sat.jpg,train/masks/284729_mask.png
284874,train,train/images/284874_sat.jpg,train/masks/284874_mask.png
285121,train,train/images/285121_sat.jpg,train/masks/285121_mask.png
285170,train,train/images/285170_sat.jpg,train/masks/285170_mask.png
285194,train,train/images/285194_sat.jpg,train/masks/285194_mask.png
285214,train,train/images/285214_sat.jpg,train/masks/285214_mask.png
285361,train,train/images/285361_sat.jpg,train/masks/285361_mask.png
285518,train,train/images/285518_sat.jpg,train/masks/285518_mask.png
285535,train,train/images/285535_sat.jpg,train/masks/285535_mask.png
285789,train,train/images/285789_sat.jpg,train/masks/285789_mask.png
285810,train,train/images/285810_sat.jpg,train/masks/285810_mask.png
285997,train,train/images/285997_sat.jpg,train/masks/285997_mask.png
286013,train,train/images/286013_sat.jpg,train/masks/286013_mask.png
286038,train,train/images/286038_sat.jpg,train/masks/286038_mask.png
28606,train,train/images/28606_sat.jpg,train/masks/28606_mask.png
286172,train,train/images/286172_sat.jpg,train/masks/286172_mask.png
286300,train,train/images/286300_sat.jpg,train/masks/286300_mask.png
286322,train,train/images/286322_sat.jpg,train/masks/286322_mask.png
286360,train,train/images/286360_sat.jpg,train/masks/286360_mask.png
286361,train,train/images/286361_sat.jpg,train/masks/286361_mask.png
286522,train,train/images/286522_sat.jpg,train/masks/286522_mask.png
286534,train,train/images/286534_sat.jpg,train/masks/286534_mask.png
286647,train,train/images/286647_sat.jpg,train/masks/286647_mask.png
286902,train,train/images/286902_sat.jpg,train/masks/286902_mask.png
287058,train,train/images/287058_sat.jpg,train/masks/287058_mask.png
28727,train,train/images/28727_sat.jpg,train/masks/28727_mask.png
287479,train,train/images/287479_sat.jpg,train/masks/287479_mask.png
287575,train,train/images/287575_sat.jpg,train/masks/287575_mask.png
287766,train,train/images/287766_sat.jpg,train/masks/287766_mask.png
287837,train,train/images/287837_sat.jpg,train/masks/287837_mask.png
287902,train,train/images/287902_sat.jpg,train/masks/287902_mask.png
288328,train,train/images/288328_sat.jpg,train/masks/288328_mask.png
288500,train,train/images/288500_sat.jpg,train/masks/288500_mask.png
28863,train,train/images/28863_sat.jpg,train/masks/28863_mask.png
288657,train,train/images/288657_sat.jpg,train/masks/288657_mask.png
288725,train,train/images/288725_sat.jpg,train/masks/288725_mask.png
288746,train,train/images/288746_sat.jpg,train/masks/288746_mask.png
289032,train,train/images/289032_sat.jpg,train/masks/289032_mask.png
28905,train,train/images/28905_sat.jpg,train/masks/28905_mask.png
289200,train,train/images/289200_sat.jpg,train/masks/289200_mask.png
289212,train,train/images/289212_sat.jpg,train/masks/289212_mask.png
289483,train,train/images/289483_sat.jpg,train/masks/289483_mask.png
289537,train,train/images/289537_sat.jpg,train/masks/289537_mask.png
289571,train,train/images/289571_sat.jpg,train/masks/289571_mask.png
289584,train,train/images/289584_sat.jpg,train/masks/289584_mask.png
289816,train,train/images/289816_sat.jpg,train/masks/289816_mask.png
289860,train,train/images/289860_sat.jpg,train/masks/289860_mask.png
289959,train,train/images/289959_sat.jpg,train/masks/289959_mask.png
290194,train,train/images/290194_sat.jpg,train/masks/290194_mask.png
29019,train,train/images/29019_sat.jpg,train/masks/29019_mask.png
290274,train,train/images/290274_sat.jpg,train/masks/290274_mask.png
290295,train,train/images/290295_sat.jpg,train/masks/290295_mask.png
290444,train,train/images/290444_sat.jpg,train/masks/290444_mask.png
290587,train,train/images/290587_sat.jpg,train/masks/290587_mask.png
290735,train,train/images/290735_sat.jpg,train/masks/290735_mask.png
290907,train,train/images/290907_sat.jpg,train/masks/290907_mask.png
291105,train,train/images/291105_sat.jpg,train/masks/291105_mask.png
291185,train,train/images/291185_sat.jpg,train/masks/291185_mask.png
291379,train,train/images/291379_sat.jpg,train/masks/291379_mask.png
291574,train,train/images/291574_sat.jpg,train/masks/291574_mask.png
291592,train,train/images/291592_sat.jpg,train/masks/291592_mask.png
291871,train,train/images/291871_sat.jpg,train/masks/291871_mask.png
29198,train,train/images/29198_sat.jpg,train/masks/29198_mask.png
292384,train,train/images/292384_sat.jpg,train/masks/292384_mask.png
292623,train,train/images/292623_sat.jpg,train/masks/292623_mask.png
292753,train,train/images/292753_sat.jpg,train/masks/292753_mask.png
292761,train,train/images/292761_sat.jpg,train/masks/292761_mask.png
292950,train,train/images/292950_sat.jpg,train/masks/292950_mask.png
293084,train,train/images/293084_sat.jpg,train/masks/293084_mask.png
293186,train,train/images/293186_sat.jpg,train/masks/293186_mask.png
293544,train,train/images/293544_sat.jpg,train/masks/293544_mask.png
293592,train,train/images/293592_sat.jpg,train/masks/293592_mask.png
293742,train,train/images/293742_sat.jpg,train/masks/293742_mask.png
294143,train,train/images/294143_sat.jpg,train/masks/294143_mask.png
294187,train,train/images/294187_sat.jpg,train/masks/294187_mask.png
294502,train,train/images/294502_sat.jpg,train/masks/294502_mask.png
294701,train,train/images/294701_sat.jpg,train/masks/294701_mask.png
294813,train,train/images/294813_sat.jpg,train/masks/294813_mask.png
295004,train,train/images/295004_sat.jpg,train/masks/295004_mask.png
295066,train,train/images/295066_sat.jpg,train/masks/295066_mask.png
295092,train,train/images/295092_sat.jpg,train/masks/295092_mask.png
29509,train,train/images/29509_sat.jpg,train/masks/29509_mask.png
295135,train,train/images/295135_sat.jpg,train/masks/295135_mask.png
295155,train,train/images/295155_sat.jpg,train/masks/295155_mask.png
295328,train,train/images/295328_sat.jpg,train/masks/295328_mask.png
295372,train,train/images/295372_sat.jpg,train/masks/295372_mask.png
295393,train,train/images/295393_sat.jpg,train/masks/295393_mask.png
295447,train,train/images/295447_sat.jpg,train/masks/295447_mask.png
295482,train,train/images/295482_sat.jpg,train/masks/295482_mask.png
295973,train,train/images/295973_sat.jpg,train/masks/295973_mask.png
296095,train,train/images/296095_sat.jpg,train/masks/296095_mask.png
296271,train,train/images/296271_sat.jpg,train/masks/296271_mask.png
296505,train,train/images/296505_sat.jpg,train/masks/296505_mask.png
296546,train,train/images/296546_sat.jpg,train/masks/296546_mask.png
296629,train,train/images/296629_sat.jpg,train/masks/296629_mask.png
296658,train,train/images/296658_sat.jpg,train/masks/296658_mask.png
296759,train,train/images/296759_sat.jpg,train/masks/296759_mask.png
296866,train,train/images/296866_sat.jpg,train/masks/296866_mask.png
296918,train,train/images/296918_sat.jpg,train/masks/296918_mask.png
297007,train,train/images/297007_sat.jpg,train/masks/297007_mask.png
297017,train,train/images/297017_sat.jpg,train/masks/297017_mask.png
297062,train,train/images/297062_sat.jpg,train/masks/297062_mask.png
297152,train,train/images/297152_sat.jpg,train/masks/297152_mask.png
297409,train,train/images/297409_sat.jpg,train/masks/297409_mask.png
297515,train,train/images/297515_sat.jpg,train/masks/297515_mask.png
297633,train,train/images/297633_sat.jpg,train/masks/297633_mask.png
297834,train,train/images/297834_sat.jpg,train/masks/297834_mask.png
297846,train,train/images/297846_sat.jpg,train/masks/297846_mask.png
297868,train,train/images/297868_sat.jpg,train/masks/297868_mask.png
297896,train,train/images/297896_sat.jpg,train/masks/297896_mask.png
297932,train,train/images/297932_sat.jpg,train/masks/297932_mask.png
297975,train,train/images/297975_sat.jpg,train/masks/297975_mask.png
298351,train,train/images/298351_sat.jpg,train/masks/298351_mask.png
298428,train,train/images/298428_sat.jpg,train/masks/298428_mask.png
298463,train,train/images/298463_sat.jpg,train/masks/298463_mask.png
29846,train,train/images/29846_sat.jpg,train/masks/29846_mask.png
298555,train,train/images/298555_sat.jpg,train/masks/298555_mask.png
298588,train,train/images/298588_sat.jpg,train/masks/298588_mask.png
298613,train,train/images/298613_sat.jpg,train/masks/298613_mask.png
29889,train,train/images/29889_sat.jpg,train/masks/29889_mask.png
298975,train,train/images/298975_sat.jpg,train/masks/298975_mask.png
298999,train,train/images/298999_sat.jpg,train/masks/298999_mask.png
299005,train,train/images/299005_sat.jpg,train/masks/299005_mask.png
299015,train,train/images/299015_sat.jpg,train/masks/299015_mask.png
299051,train,train/images/299051_sat.jpg,train/masks/299051_mask.png
299066,train,train/images/299066_sat.jpg,train/masks/299066_mask.png
299115,train,train/images/299115_sat.jpg,train/masks/299115_mask.png
299142,train,train/images/299142_sat.jpg,train/masks/299142_mask.png
299227,train,train/images/299227_sat.jpg,train/masks/299227_mask.png
299284,train,train/images/299284_sat.jpg,train/masks/299284_mask.png
299410,train,train/images/299410_sat.jpg,train/masks/299410_mask.png
299484,train,train/images/299484_sat.jpg,train/masks/299484_mask.png
299504,train,train/images/299504_sat.jpg,train/masks/299504_mask.png
29952,train,train/images/29952_sat.jpg,train/masks/29952_mask.png
299564,train,train/images/299564_sat.jpg,train/masks/299564_mask.png
299811,train,train/images/299811_sat.jpg,train/masks/299811_mask.png
299828,train,train/images/299828_sat.jpg,train/masks/299828_mask.png
299851,train,train/images/299851_sat.jpg,train/masks/299851_mask.png
299854,train,train/images/299854_sat.jpg,train/masks/299854_mask.png
300246,train,train/images/300246_sat.jpg,train/masks/300246_mask.png
300398,train,train/images/300398_sat.jpg,train/masks/300398_mask.png
300458,train,train/images/300458_sat.jpg,train/masks/300458_mask.png
300560,train,train/images/300560_sat.jpg,train/masks/300560_mask.png
300567,train,train/images/300567_sat.jpg,train/masks/300567_mask.png
300633,train,train/images/300633_sat.jpg,train/masks/300633_mask.png
300643,train,train/images/300643_sat.jpg,train/masks/300643_mask.png
30072,train,train/images/30072_sat.jpg,train/masks/30072_mask.png
300773,train,train/images/300773_sat.jpg,train/masks/300773_mask.png
300983,train,train/images/300983_sat.jpg,train/masks/300983_mask.png
301056,train,train/images/301056_sat.jpg,train/masks/301056_mask.png
301319,train,train/images/301319_sat.jpg,train/masks/301319_mask.png
301373,train,train/images/301373_sat.jpg,train/masks/301373_mask.png
30137,train,train/images/30137_sat.jpg,train/masks/30137_mask.png
301397,train,train/images/301397_sat.jpg,train/masks/301397_mask.png
301468,train,train/images/301468_sat.jpg,train/masks/301468_mask.png
301490,train,train/images/301490_sat.jpg,train/masks/301490_mask.png
301560,train,train/images/301560_sat.jpg,train/masks/301560_mask.png
301568,train,train/images/301568_sat.jpg,train/masks/301568_mask.png
301591,train,train/images/301591_sat.jpg,train/masks/301591_mask.png
301641,train,train/images/301641_sat.jpg,train/masks/301641_mask.png
301644,train,train/images/301644_sat.jpg,train/masks/301644_mask.png
302077,train,train/images/302077_sat.jpg,train/masks/302077_mask.png
30207,train,train/images/30207_sat.jpg,train/masks/30207_mask.png
302342,train,train/images/302342_sat.jpg,train/masks/302342_mask.png
302422,train,train/images/302422_sat.jpg,train/masks/302422_mask.png
302597,train,train/images/302597_sat.jpg,train/masks/302597_mask.png
302663,train,train/images/302663_sat.jpg,train/masks/302663_mask.png
302836,train,train/images/302836_sat.jpg,train/masks/302836_mask.png
302926,train,train/images/302926_sat.jpg,train/masks/302926_mask.png
302976,train,train/images/302976_sat.jpg,train/masks/302976_mask.png
303084,train,train/images/303084_sat.jpg,train/masks/303084_mask.png
303109,train,train/images/303109_sat.jpg,train/masks/303109_mask.png
303190,train,train/images/303190_sat.jpg,train/masks/303190_mask.png
303200,train,train/images/303200_sat.jpg,train/masks/303200_mask.png
303232,train,train/images/303232_sat.jpg,train/masks/303232_mask.png
303268,train,train/images/303268_sat.jpg,train/masks/303268_mask.png
303362,train,train/images/303362_sat.jpg,train/masks/303362_mask.png
303816,train,train/images/303816_sat.jpg,train/masks/303816_mask.png
303879,train,train/images/303879_sat.jpg,train/masks/303879_mask.png
303966,train,train/images/303966_sat.jpg,train/masks/303966_mask.png
304241,train,train/images/304241_sat.jpg,train/masks/304241_mask.png
304480,train,train/images/304480_sat.jpg,train/masks/304480_mask.png
304690,train,train/images/304690_sat.jpg,train/masks/304690_mask.png
304720,train,train/images/304720_sat.jpg,train/masks/304720_mask.png
304805,train,train/images/304805_sat.jpg,train/masks/304805_mask.png
304861,train,train/images/304861_sat.jpg,train/masks/304861_mask.png
304923,train,train/images/304923_sat.jpg,train/masks/304923_mask.png
305094,train,train/images/305094_sat.jpg,train/masks/305094_mask.png
305427,train,train/images/305427_sat.jpg,train/masks/305427_mask.png
305439,train,train/images/305439_sat.jpg,train/masks/305439_mask.png
305441,train,train/images/305441_sat.jpg,train/masks/305441_mask.png
305454,train,train/images/305454_sat.jpg,train/masks/305454_mask.png
305621,train,train/images/305621_sat.jpg,train/masks/305621_mask.png
305664,train,train/images/305664_sat.jpg,train/masks/305664_mask.png
305788,train,train/images/305788_sat.jpg,train/masks/305788_mask.png
306070,train,train/images/306070_sat.jpg,train/masks/306070_mask.png
30635,train,train/images/30635_sat.jpg,train/masks/30635_mask.png
306455,train,train/images/306455_sat.jpg,train/masks/306455_mask.png
306622,train,train/images/306622_sat.jpg,train/masks/306622_mask.png
306632,train,train/images/306632_sat.jpg,train/masks/306632_mask.png
306760,train,train/images/306760_sat.jpg,train/masks/306760_mask.png
30689,train,train/images/30689_sat.jpg,train/masks/30689_mask.png
306987,train,train/images/306987_sat.jpg,train/masks/306987_mask.png
307151,train,train/images/307151_sat.jpg,train/masks/307151_mask.png
307216,train,train/images/307216_sat.jpg,train/masks/307216_mask.png
307293,train,train/images/307293_sat.jpg,train/masks/307293_mask.png
307492,train,train/images/307492_sat.jpg,train/masks/307492_mask.png
307752,train,train/images/307752_sat.jpg,train/masks/307752_mask.png
307908,train,train/images/307908_sat.jpg,train/masks/307908_mask.png
308466,train,train/images/308466_sat.jpg,train/masks/308466_mask.png
308576,train,train/images/308576_sat.jpg,train/masks/308576_mask.png
308581,train,train/images/308581_sat.jpg,train/masks/308581_mask.png
308632,train,train/images/308632_sat.jpg,train/masks/308632_mask.png
308726,train,train/images/308726_sat.jpg,train/masks/308726_mask.png
308856,train,train/images/308856_sat.jpg,train/masks/308856_mask.png
308872,train,train/images/308872_sat.jpg,train/masks/308872_mask.png
308946,train,train/images/308946_sat.jpg,train/masks/308946_mask.png
309222,train,train/images/309222_sat.jpg,train/masks/309222_mask.png
30940,train,train/images/30940_sat.jpg,train/masks/30940_mask.png
309834,train,train/images/309834_sat.jpg,train/masks/309834_mask.png
309959,train,train/images/309959_sat.jpg,train/masks/309959_mask.png
309974,train,train/images/309974_sat.jpg,train/masks/309974_mask.png
310096,train,train/images/310096_sat.jpg,train/masks/310096_mask.png
310260,train,train/images/310260_sat.jpg,train/masks/310260_mask.png
310283,train,train/images/310283_sat.jpg,train/masks/310283_mask.png
310520,train,train/images/310520_sat.jpg,train/masks/310520_mask.png
310668,train,train/images/310668_sat.jpg,train/masks/310668_mask.png
310692,train,train/images/310692_sat.jpg,train/masks/310692_mask.png
310793,train,train/images/310793_sat.jpg,train/masks/310793_mask.png
310935,train,train/images/310935_sat.jpg,train/masks/310935_mask.png
311078,train,train/images/311078_sat.jpg,train/masks/311078_mask.png
311321,train,train/images/311321_sat.jpg,train/masks/311321_mask.png
311390,train,train/images/311390_sat.jpg,train/masks/311390_mask.png
311509,train,train/images/311509_sat.jpg,train/masks/311509_mask.png
311544,train,train/images/311544_sat.jpg,train/masks/311544_mask.png
311644,train,train/images/311644_sat.jpg,train/masks/311644_mask.png
312040,train,train/images/312040_sat.jpg,train/masks/312040_mask.png
312064,train,train/images/312064_sat.jpg,train/masks/312064_mask.png
312192,train,train/images/312192_sat.jpg,train/masks/312192_mask.png
312261,train,train/images/312261_sat.jpg,train/masks/312261_mask.png
312322,train,train/images/312322_sat.jpg,train/masks/312322_mask.png
312407,train,train/images/312407_sat.jpg,train/masks/312407_mask.png
312663,train,train/images/312663_sat.jpg,train/masks/312663_mask.png
31268,train,train/images/31268_sat.jpg,train/masks/31268_mask.png
312784,train,train/images/312784_sat.jpg,train/masks/312784_mask.png
31278,train,train/images/31278_sat.jpg,train/masks/31278_mask.png
313083,train,train/images/313083_sat.jpg,train/masks/313083_mask.png
313113,train,train/images/313113_sat.jpg,train/masks/313113_mask.png
313276,train,train/images/313276_sat.jpg,train/masks/313276_mask.png
31332,train,train/images/31332_sat.jpg,train/masks/31332_mask.png
313498,train,train/images/313498_sat.jpg,train/masks/313498_mask.png
314066,train,train/images/314066_sat.jpg,train/masks/314066_mask.png
314088,train,train/images/314088_sat.jpg,train/masks/314088_mask.png
314129,train,train/images/314129_sat.jpg,train/masks/314129_mask.png
314550,train,train/images/314550_sat.jpg,train/masks/314550_mask.png
314575,train,train/images/314575_sat.jpg,train/masks/314575_mask.png
314867,train,train/images/314867_sat.jpg,train/masks/314867_mask.png
315051,train,train/images/315051_sat.jpg,train/masks/315051_mask.png
315115,train,train/images/315115_sat.jpg,train/masks/315115_mask.png
315179,train,train/images/315179_sat.jpg,train/masks/315179_mask.png
315262,train,train/images/315262_sat.jpg,train/masks/315262_mask.png
315665,train,train/images/315665_sat.jpg,train/masks/315665_mask.png
31578,train,train/images/31578_sat.jpg,train/masks/31578_mask.png
31582,train,train/images/31582_sat.jpg,train/masks/31582_mask.png
316216,train,train/images/316216_sat.jpg,train/masks/316216_mask.png
316248,train,train/images/316248_sat.jpg,train/masks/316248_mask.png
316440,train,train/images/316440_sat.jpg,train/masks/316440_mask.png
316574,train,train/images/316574_sat.jpg,train/masks/316574_mask.png
316677,train,train/images/316677_sat.jpg,train/masks/316677_mask.png
316887,train,train/images/316887_sat.jpg,train/masks/316887_mask.png
316904,train,train/images/316904_sat.jpg,train/masks/316904_mask.png
317060,train,train/images/317060_sat.jpg,train/masks/317060_mask.png
317075,train,train/images/317075_sat.jpg,train/masks/317075_mask.png
317292,train,train/images/317292_sat.jpg,train/masks/317292_mask.png
317514,train,train/images/317514_sat.jpg,train/masks/317514_mask.png
317678,train,train/images/317678_sat.jpg,train/masks/317678_mask.png
317756,train,train/images/317756_sat.jpg,train/masks/317756_mask.png
317824,train,train/images/317824_sat.jpg,train/masks/317824_mask.png
317880,train,train/images/317880_sat.jpg,train/masks/317880_mask.png
318030,train,train/images/318030_sat.jpg,train/masks/318030_mask.png
318304,train,train/images/318304_sat.jpg,train/masks/318304_mask.png
318320,train,train/images/318320_sat.jpg,train/masks/318320_mask.png
318385,train,train/images/318385_sat.jpg,train/masks/318385_mask.png
318395,train,train/images/318395_sat.jpg,train/masks/318395_mask.png
318586,train,train/images/318586_sat.jpg,train/masks/318586_mask.png
318661,train,train/images/318661_sat.jpg,train/masks/318661_mask.png
318886,train,train/images/318886_sat.jpg,train/masks/318886_mask.png
318912,train,train/images/318912_sat.jpg,train/masks/318912_mask.png
31900,train,train/images/31900_sat.jpg,train/masks/31900_mask.png
319229,train,train/images/319229_sat.jpg,train/masks/319229_mask.png
319322,train,train/images/319322_sat.jpg,train/masks/319322_mask.png
319353,train,train/images/319353_sat.jpg,train/masks/319353_mask.png
319391,train,train/images/319391_sat.jpg,train/masks/319391_mask.png
319547,train,train/images/319547_sat.jpg,train/masks/319547_mask.png
319779,train,train/images/319779_sat.jpg,train/masks/319779_mask.png
320163,train,train/images/320163_sat.jpg,train/masks/320163_mask.png
320459,train,train/images/320459_sat.jpg,train/masks/320459_mask.png
320466,train,train/images/320466_sat.jpg,train/masks/320466_mask.png
320503,train,train/images/320503_sat.jpg,train/masks/320503_mask.png
320533,train,train/images/320533_sat.jpg,train/masks/320533_mask.png
32058,train,train/images/32058_sat.jpg,train/masks/32058_mask.png
32073,train,train/images/32073_sat.jpg,train/masks/32073_mask.png
321747,train,train/images/321747_sat.jpg,train/masks/321747_mask.png
321959,train,train/images/321959_sat.jpg,train/masks/321959_mask.png
321997,train,train/images/321997_sat.jpg,train/masks/321997_mask.png
322316,train,train/images/322316_sat.jpg,train/masks/322316_mask.png
322403,train,train/images/322403_sat.jpg,train/masks/322403_mask.png
322428,train,train/images/322428_sat.jpg,train/masks/322428_mask.png
322536,train,train/images/322536_sat.jpg,train/masks/322536_mask.png
322561,train,train/images/322561_sat.jpg,train/masks/322561_mask.png
322654,train,train/images/322654_sat.jpg,train/masks/322654_mask.png
322684,train,train/images/322684_sat.jpg,train/masks/322684_mask.png
322697,train,train/images/322697_sat.jpg,train/masks/322697_mask.png
322781,train,train/images/322781_sat.jpg,train/masks/322781_mask.png
323177,train,train/images/323177_sat.jpg,train/masks/323177_mask.png
323533,train,train/images/323533_sat.jpg,train/masks/323533_mask.png
323579,train,train/images/323579_sat.jpg,train/masks/323579_mask.png
323729,train,train/images/323729_sat.jpg,train/masks/323729_mask.png
323782,train,train/images/323782_sat.jpg,train/masks/323782_mask.png
323909,train,train/images/323909_sat.jpg,train/masks/323909_mask.png
323958,train,train/images/323958_sat.jpg,train/masks/323958_mask.png
32472,train,train/images/32472_sat.jpg,train/masks/32472_mask.png
32501,train,train/images/32501_sat.jpg,train/masks/32501_mask.png
325090,train,train/images/325090_sat.jpg,train/masks/325090_mask.png
325166,train,train/images/325166_sat.jpg,train/masks/325166_mask.png
325242,train,train/images/325242_sat.jpg,train/masks/325242_mask.png
325490,train,train/images/325490_sat.jpg,train/masks/325490_mask.png
32578,train,train/images/32578_sat.jpg,train/masks/32578_mask.png
325890,train,train/images/325890_sat.jpg,train/masks/325890_mask.png
325929,train,train/images/325929_sat.jpg,train/masks/325929_mask.png
32593,train,train/images/32593_sat.jpg,train/masks/32593_mask.png
326742,train,train/images/326742_sat.jpg,train/masks/326742_mask.png
327052,train,train/images/327052_sat.jpg,train/masks/327052_mask.png
327075,train,train/images/327075_sat.jpg,train/masks/327075_mask.png
327244,train,train/images/327244_sat.jpg,train/masks/327244_mask.png
327279,train,train/images/327279_sat.jpg,train/masks/327279_mask.png
327487,train,train/images/327487_sat.jpg,train/masks/327487_mask.png
327652,train,train/images/327652_sat.jpg,train/masks/327652_mask.png
327894,train,train/images/327894_sat.jpg,train/masks/327894_mask.png
327909,train,train/images/327909_sat.jpg,train/masks/327909_mask.png
3280,train,train/images/3280_sat.jpg,train/masks/3280_mask.png
328239,train,train/images/328239_sat.jpg,train/masks/328239_mask.png
328335,train,train/images/328335_sat.jpg,train/masks/328335_mask.png
328350,train,train/images/328350_sat.jpg,train/masks/328350_mask.png
328712,train,train/images/328712_sat.jpg,train/masks/328712_mask.png
328902,train,train/images/328902_sat.jpg,train/masks/328902_mask.png
329147,train,train/images/329147_sat.jpg,train/masks/329147_mask.png
329219,train,train/images/329219_sat.jpg,train/masks/329219_mask.png
329237,train,train/images/329237_sat.jpg,train/masks/329237_mask.png
329397,train,train/images/329397_sat.jpg,train/masks/329397_mask.png
329556,train,train/images/329556_sat.jpg,train/masks/329556_mask.png
329670,train,train/images/329670_sat.jpg,train/masks/329670_mask.png
32972,train,train/images/32972_sat.jpg,train/masks/32972_mask.png
329889,train,train/images/329889_sat.jpg,train/masks/329889_mask.png
329892,train,train/images/329892_sat.jpg,train/masks/329892_mask.png
330017,train,train/images/330017_sat.jpg,train/masks/330017_mask.png
330027,train,train/images/330027_sat.jpg,train/masks/330027_mask.png
330241,train,train/images/330241_sat.jpg,train/masks/330241_mask.png
330562,train,train/images/330562_sat.jpg,train/masks/330562_mask.png
330700,train,train/images/330700_sat.jpg,train/masks/330700_mask.png
33070,train,train/images/33070_sat.jpg,train/masks/33070_mask.png
330776,train,train/images/330776_sat.jpg,train/masks/330776_mask.png
331119,train,train/images/331119_sat.jpg,train/masks/331119_mask.png
331137,train,train/images/331137_sat.jpg,train/masks/331137_mask.png
331266,train,train/images/331266_sat.jpg,train/masks/331266_mask.png
331305,train,train/images/331305_sat.jpg,train/masks/331305_mask.png
331632,train,train/images/331632_sat.jpg,train/masks/331632_mask.png
331675,train,train/images/331675_sat.jpg,train/masks/331675_mask.png
332370,train,train/images/332370_sat.jpg,train/masks/332370_mask.png
332374,train,train/images/332374_sat.jpg,train/masks/332374_mask.png
332482,train,train/images/332482_sat.jpg,train/masks/332482_mask.png
332524,train,train/images/332524_sat.jpg,train/masks/332524_mask.png
333000,train,train/images/333000_sat.jpg,train/masks/333000_mask.png
33305,train,train/images/33305_sat.jpg,train/masks/33305_mask.png
33340,train,train/images/33340_sat.jpg,train/masks/33340_mask.png
333785,train,train/images/333785_sat.jpg,train/masks/333785_mask.png
333857,train,train/images/333857_sat.jpg,train/masks/333857_mask.png
33389,train,train/images/33389_sat.jpg,train/masks/33389_mask.png
334513,train,train/images/334513_sat.jpg,train/masks/334513_mask.png
33463,train,train/images/33463_sat.jpg,train/masks/33463_mask.png
334697,train,train/images/334697_sat.jpg,train/masks/334697_mask.png
334723,train,train/images/334723_sat.jpg,train/masks/334723_mask.png
334908,train,train/images/334908_sat.jpg,train/masks/334908_mask.png
335016,train,train/images/335016_sat.jpg,train/masks/335016_mask.png
33507,train,train/images/33507_sat.jpg,train/masks/33507_mask.png
335112,train,train/images/335112_sat.jpg,train/masks/335112_mask.png
335329,train,train/images/335329_sat.jpg,train/masks/335329_mask.png
335330,train,train/images/335330_sat.jpg,train/masks/335330_mask.png
335445,train,train/images/335445_sat.jpg,train/masks/335445_mask.png
335613,train,train/images/335613_sat.jpg,train/masks/335613_mask.png
335644,train,train/images/335644_sat.jpg,train/masks/335644_mask.png
335676,train,train/images/335676_sat.jpg,train/masks/335676_mask.png
336111,train,train/images/336111_sat.jpg,train/masks/336111_mask.png
336261,train,train/images/336261_sat.jpg,train/masks/336261_mask.png
336420,train,train/images/336420_sat.jpg,train/masks/336420_mask.png
336648,train,train/images/336648_sat.jpg,train/masks/336648_mask.png
337004,train,train/images/337004_sat.jpg,train/masks/337004_mask.png
337231,train,train/images/337231_sat.jpg,train/masks/337231_mask.png
337255,train,train/images/337255_sat.jpg,train/masks/337255_mask.png
33736,train,train/images/33736_sat.jpg,train/masks/33736_mask.png
337461,train,train/images/337461_sat.jpg,train/masks/337461_mask.png
337490,train,train/images/337490_sat.jpg,train/masks/337490_mask.png
337912,train,train/images/337912_sat.jpg,train/masks/337912_mask.png
338002,train,train/images/338002_sat.jpg,train/masks/338002_mask.png
338104,train,train/images/338104_sat.jpg,train/masks/338104_mask.png
338671,train,train/images/338671_sat.jpg,train/masks/338671_mask.png
339034,train,train/images/339034_sat.jpg,train/masks/339034_mask.png
339359,train,train/images/339359_sat.jpg,train/masks/339359_mask.png
339471,train,train/images/339471_sat.jpg,train/masks/339471_mask.png
339741,train,train/images/339741_sat.jpg,train/masks/339741_mask.png
339797,train,train/images/339797_sat.jpg,train/masks/339797_mask.png
33983,train,train/images/33983_sat.jpg,train/masks/33983_mask.png
340116,train,train/images/340116_sat.jpg,train/masks/340116_mask.png
340126,train,train/images/340126_sat.jpg,train/masks/340126_mask.png
340335,train,train/images/340335_sat.jpg,train/masks/340335_mask.png
340354,train,train/images/340354_sat.jpg,train/masks/340354_mask.png
340497,train,train/images/340497_sat.jpg,train/masks/340497_mask.png
340502,train,train/images/340502_sat.jpg,train/masks/340502_mask.png
340732,train,train/images/340732_sat.jpg,train/masks/340732_mask.png
340962,train,train/images/340962_sat.jpg,train/masks/340962_mask.png
340985,train,train/images/340985_sat.jpg,train/masks/340985_mask.png
34100,train,train/images/34100_sat.jpg,train/masks/34100_mask.png
341131,train,train/images/341131_sat.jpg,train/masks/341131_mask.png
341300,train,train/images/341300_sat.jpg,train/masks/341300_mask.png
341439,train,train/images/341439_sat.jpg,train/masks/341439_mask.png
341469,train,train/images/341469_sat.jpg,train/masks/341469_mask.png
341612,train,train/images/341612_sat.jpg,train/masks/341612_mask.png
34170,train,train/images/34170_sat.jpg,train/masks/34170_mask.png
341944,train,train/images/341944_sat.jpg,train/masks/341944_mask.png
34194,train,train/images/34194_sat.jpg,train/masks/34194_mask.png
342201,train,train/images/342201_sat.jpg,train/masks/342201_mask.png
34236,train,train/images/34236_sat.jpg,train/masks/34236_mask.png
342627,train,train/images/342627_sat.jpg,train/masks/342627_mask.png
342960,train,train/images/342960_sat.jpg,train/masks/342960_mask.png
343000,train,train/images/343000_sat.jpg,train/masks/343000_mask.png
343062,train,train/images/343062_sat.jpg,train/masks/343062_mask.png
343286,train,train/images/343286_sat.jpg,train/masks/343286_mask.png
34368,train,train/images/34368_sat.jpg,train/masks/34368_mask.png
343801,train,train/images/343801_sat.jpg,train/masks/343801_mask.png
343850,train,train/images/343850_sat.jpg,train/masks/343850_mask.png
343,train,train/images/343_sat.jpg,train/masks/343_mask.png
344028,train,train/images/344028_sat.jpg,train/masks/344028_mask.png
344056,train,train/images/344056_sat.jpg,train/masks/344056_mask.png
344123,train,train/images/344123_sat.jpg,train/masks/344123_mask.png
344133,train,train/images/344133_sat.jpg,train/masks/344133_mask.png
344218,train,train/images/344218_sat.jpg,train/masks/344218_mask.png
344261,train,train/images/344261_sat.jpg,train/masks/344261_mask.png
344522,train,train/images/344522_sat.jpg,train/masks/344522_mask.png
344565,train,train/images/344565_sat.jpg,train/masks/344565_mask.png
344627,train,train/images/344627_sat.jpg,train/masks/344627_mask.png
345150,train,train/images/345150_sat.jpg,train/masks/345150_mask.png
34520,train,train/images/34520_sat.jpg,train/masks/34520_mask.png
34523,train,train/images/34523_sat.jpg,train/masks/34523_mask.png
34524,train,train/images/34524_sat.jpg,train/masks/34524_mask.png
345264,train,train/images/345264_sat.jpg,train/masks/345264_mask.png
3452,train,train/images/3452_sat.jpg,train/masks/3452_mask.png
345705,train,train/images/345705_sat.jpg,train/masks/345705_mask.png
345999,train,train/images/345999_sat.jpg,train/masks/345999_mask.png
346049,train,train/images/346049_sat.jpg,train/masks/346049_mask.png
346187,train,train/images/346187_sat.jpg,train/masks/346187_mask.png
346387,train,train/images/346387_sat.jpg,train/masks/346387_mask.png
346471,train,train/images/346471_sat.jpg,train/masks/346471_mask.png
346520,train,train/images/346520_sat.jpg,train/masks/346520_mask.png
346556,train,train/images/346556_sat.jpg,train/masks/346556_mask.png
346739,train,train/images/346739_sat.jpg,train/masks/346739_mask.png
346939,train,train/images/346939_sat.jpg,train/masks/346939_mask.png
347200,train,train/images/347200_sat.jpg,train/masks/347200_mask.png
347354,train,train/images/347354_sat.jpg,train/masks/347354_mask.png
347400,train,train/images/347400_sat.jpg,train/masks/347400_mask.png
347421,train,train/images/347421_sat.jpg,train/masks/347421_mask.png
347433,train,train/images/347433_sat.jpg,train/masks/347433_mask.png
347474,train,train/images/347474_sat.jpg,train/masks/347474_mask.png
347485,train,train/images/347485_sat.jpg,train/masks/347485_mask.png
347561,train,train/images/347561_sat.jpg,train/masks/347561_mask.png
347591,train,train/images/347591_sat.jpg,train/masks/347591_mask.png
347596,train,train/images/347596_sat.jpg,train/masks/347596_mask.png
347722,train,train/images/347722_sat.jpg,train/masks/347722_mask.png
347737,train,train/images/347737_sat.jpg,train/masks/347737_mask.png
347742,train,train/images/347742_sat.jpg,train/masks/347742_mask.png
347776,train,train/images/347776_sat.jpg,train/masks/347776_mask.png
347985,train,train/images/347985_sat.jpg,train/masks/347985_mask.png
348069,train,train/images/348069_sat.jpg,train/masks/348069_mask.png
348118,train,train/images/348118_sat.jpg,train/masks/348118_mask.png
348453,train,train/images/348453_sat.jpg,train/masks/348453_mask.png
348659,train,train/images/348659_sat.jpg,train/masks/348659_mask.png
348674,train,train/images/348674_sat.jpg,train/masks/348674_mask.png
34885,train,train/images/34885_sat.jpg,train/masks/34885_mask.png
348890,train,train/images/348890_sat.jpg,train/masks/348890_mask.png
348983,train,train/images/348983_sat.jpg,train/masks/348983_mask.png
349238,train,train/images/349238_sat.jpg,train/masks/349238_mask.png
349510,train,train/images/349510_sat.jpg,train/masks/349510_mask.png
34973,train,train/images/34973_sat.jpg,train/masks/34973_mask.png
349767,train,train/images/349767_sat.jpg,train/masks/349767_mask.png
350071,train,train/images/350071_sat.jpg,train/masks/350071_mask.png
35029,train,train/images/35029_sat.jpg,train/masks/35029_mask.png
350684,train,train/images/350684_sat.jpg,train/masks/350684_mask.png
351151,train,train/images/351151_sat.jpg,train/masks/351151_mask.png
351358,train,train/images/351358_sat.jpg,train/masks/351358_mask.png
351420,train,train/images/351420_sat.jpg,train/masks/351420_mask.png
351590,train,train/images/351590_sat.jpg,train/masks/351590_mask.png
351686,train,train/images/351686_sat.jpg,train/masks/351686_mask.png
351766,train,train/images/351766_sat.jpg,train/masks/351766_mask.png
351829,train,train/images/351829_sat.jpg,train/masks/351829_mask.png
35189,train,train/images/35189_sat.jpg,train/masks/35189_mask.png
351913,train,train/images/351913_sat.jpg,train/masks/351913_mask.png
352028,train,train/images/352028_sat.jpg,train/masks/352028_mask.png
352363,train,train/images/352363_sat.jpg,train/masks/352363_mask.png
352622,train,train/images/352622_sat.jpg,train/masks/352622_mask.png
352630,train,train/images/352630_sat.jpg,train/masks/352630_mask.png
352793,train,train/images/352793_sat.jpg,train/masks/352793_mask.png
352991,train,train/images/352991_sat.jpg,train/masks/352991_mask.png
353070,train,train/images/353070_sat.jpg,train/masks/353070_mask.png
3530,train,train/images/3530_sat.jpg,train/masks/3530_mask.png
353416,train,train/images/353416_sat.jpg,train/masks/353416_mask.png
353807,train,train/images/353807_sat.jpg,train/masks/353807_mask.png
354066,train,train/images/354066_sat.jpg,train/masks/354066_mask.png
354220,train,train/images/354220_sat.jpg,train/masks/354220_mask.png
354244,train,train/images/354244_sat.jpg,train/masks/354244_mask.png
354263,train,train/images/354263_sat.jpg,train/masks/354263_mask.png
35432,train,train/images/35432_sat.jpg,train/masks/35432_mask.png
354423,train,train/images/354423_sat.jpg,train/masks/354423_mask.png
354477,train,train/images/354477_sat.jpg,train/masks/354477_mask.png
354633,train,train/images/354633_sat.jpg,train/masks/354633_mask.png
354649,train,train/images/354649_sat.jpg,train/masks/354649_mask.png
354691,train,train/images/354691_sat.jpg,train/masks/354691_mask.png
354704,train,train/images/354704_sat.jpg,train/masks/354704_mask.png
354754,train,train/images/354754_sat.jpg,train/masks/354754_mask.png
354791,train,train/images/354791_sat.jpg,train/masks/354791_mask.png
354829,train,train/images/354829_sat.jpg,train/masks/354829_mask.png
354968,train,train/images/354968_sat.jpg,train/masks/354968_mask.png
355638,train,train/images/355638_sat.jpg,train/masks/355638_mask.png
356039,train,train/images/356039_sat.jpg,train/masks/356039_mask.png
356160,train,train/images/356160_sat.jpg,train/masks/356160_mask.png
356431,train,train/images/356431_sat.jpg,train/masks/356431_mask.png
356917,train,train/images/356917_sat.jpg,train/masks/356917_mask.png
357219,train,train/images/357219_sat.jpg,train/masks/357219_mask.png
357288,train,train/images/357288_sat.jpg,train/masks/357288_mask.png
357302,train,train/images/357302_sat.jpg,train/masks/357302_mask.png
357382,train,train/images/357382_sat.jpg,train/masks/357382_mask.png
3573,train,train/images/3573_sat.jpg,train/masks/3573_mask.png
357420,train,train/images/357420_sat.jpg,train/masks/357420_mask.png
357428,train,train/images/357428_sat.jpg,train/masks/357428_mask.png
357720,train,train/images/357720_sat.jpg,train/masks/357720_mask.png
357722,train,train/images/357722_sat.jpg,train/masks/357722_mask.png
357846,train,train/images/357846_sat.jpg,train/masks/357846_mask.png
357961,train,train/images/357961_sat.jpg,train/masks/357961_mask.png
358017,train,train/images/358017_sat.jpg,train/masks/358017_mask.png
358082,train,train/images/358082_sat.jpg,train/masks/358082_mask.png
358122,train,train/images/358122_sat.jpg,train/masks/358122_mask.png
358199,train,train/images/358199_sat.jpg,train/masks/358199_mask.png
358453,train,train/images/358453_sat.jpg,train/masks/358453_mask.png
358518,train,train/images/358518_sat.jpg,train/masks/358518_mask.png
358554,train,train/images/358554_sat.jpg,train/masks/358554_mask.png
358588,train,train/images/358588_sat.jpg,train/masks/358588_mask.png
35892,train,train/images/35892_sat.jpg,train/masks/35892_mask.png
359049,train,train/images/359049_sat.jpg,train/masks/359049_mask.png
359166,train,train/images/359166_sat.jpg,train/masks/359166_mask.png
35917,train,train/images/35917_sat.jpg,train/masks/35917_mask.png
359304,train,train/images/359304_sat.jpg,train/masks/359304_mask.png
359472,train,train/images/359472_sat.jpg,train/masks/359472_mask.png
3594,train,train/images/3594_sat.jpg,train/masks/3594_mask.png
359514,train,train/images/359514_sat.jpg,train/masks/359514_mask.png
359554,train,train/images/359554_sat.jpg,train/masks/359554_mask.png
359621,train,train/images/359621_sat.jpg,train/masks/359621_mask.png
360003,train,train/images/360003_sat.jpg,train/masks/360003_mask.png
360096,train,train/images/360096_sat.jpg,train/masks/360096_mask.png
360221,train,train/images/360221_sat.jpg,train/masks/360221_mask.png
360298,train,train/images/360298_sat.jpg,train/masks/360298_mask.png
3602,train,train/images/3602_sat.jpg,train/masks/3602_mask.png
360368,train,train/images/360368_sat.jpg,train/masks/360368_mask.png
360450,train,train/images/360450_sat.jpg,train/masks/360450_mask.png
36057,train,train/images/36057_sat.jpg,train/masks/36057_mask.png
360580,train,train/images/360580_sat.jpg,train/masks/360580_mask.png
360726,train,train/images/360726_sat.jpg,train/masks/360726_mask.png
36082,train,train/images/36082_sat.jpg,train/masks/36082_mask.png
360847,train,train/images/360847_sat.jpg,train/masks/360847_mask.png
361007,train,train/images/361007_sat.jpg,train/masks/361007_mask.png
361076,train,train/images/361076_sat.jpg,train/masks/361076_mask.png
361334,train,train/images/361334_sat.jpg,train/masks/361334_mask.png
361504,train,train/images/361504_sat.jpg,train/masks/361504_mask.png
361860,train,train/images/361860_sat.jpg,train/masks/361860_mask.png
361962,train,train/images/361962_sat.jpg,train/masks/361962_mask.png
362004,train,train/images/362004_sat.jpg,train/masks/362004_mask.png
362138,train,train/images/362138_sat.jpg,train/masks/362138_mask.png
362228,train,train/images/362228_sat.jpg,train/masks/362228_mask.png
362406,train,train/images/362406_sat.jpg,train/masks/362406_mask.png
36243,train,train/images/36243_sat.jpg,train/masks/36243_mask.png
362460,train,train/images/362460_sat.jpg,train/masks/362460_mask.png
362967,train,train/images/362967_sat.jpg,train/masks/362967_mask.png
363054,train,train/images/363054_sat.jpg,train/masks/363054_mask.png
363067,train,train/images/363067_sat.jpg,train/masks/363067_mask.png
363269,train,train/images/363269_sat.jpg,train/masks/363269_mask.png
363388,train,train/images/363388_sat.jpg,train/masks/363388_mask.png
363400,train,train/images/363400_sat.jpg,train/masks/363400_mask.png
363434,train,train/images/363434_sat.jpg,train/masks/363434_mask.png
363544,train,train/images/363544_sat.jpg,train/masks/363544_mask.png
363960,train,train/images/363960_sat.jpg,train/masks/363960_mask.png
364140,train,train/images/364140_sat.jpg,train/masks/364140_mask.png
364184,train,train/images/364184_sat.jpg,train/masks/364184_mask.png
364453,train,train/images/364453_sat.jpg,train/masks/364453_mask.png
364680,train,train/images/364680_sat.jpg,train/masks/364680_mask.png
364744,train,train/images/364744_sat.jpg,train/masks/364744_mask.png
364982,train,train/images/364982_sat.jpg,train/masks/364982_mask.png
365028,train,train/images/365028_sat.jpg,train/masks/365028_mask.png
365134,train,train/images/365134_sat.jpg,train/masks/365134_mask.png
365590,train,train/images/365590_sat.jpg,train/masks/365590_mask.png
365725,train,train/images/365725_sat.jpg,train/masks/365725_mask.png
365973,train,train/images/365973_sat.jpg,train/masks/365973_mask.png
366050,train,train/images/366050_sat.jpg,train/masks/366050_mask.png
366059,train,train/images/366059_sat.jpg,train/masks/366059_mask.png
366084,train,train/images/366084_sat.jpg,train/masks/366084_mask.png
366103,train,train/images/366103_sat.jpg,train/masks/366103_mask.png
36626,train,train/images/36626_sat.jpg,train/masks/36626_mask.png
366458,train,train/images/366458_sat.jpg,train/masks/366458_mask.png
36646,train,train/images/36646_sat.jpg,train/masks/36646_mask.png
366622,train,train/images/366622_sat.jpg,train/masks/366622_mask.png
366702,train,train/images/366702_sat.jpg,train/masks/366702_mask.png
36684,train,train/images/36684_sat.jpg,train/masks/36684_mask.png
367166,train,train/images/367166_sat.jpg,train/masks/367166_mask.png
367206,train,train/images/367206_sat.jpg,train/masks/367206_mask.png
367269,train,train/images/367269_sat.jpg,train/masks/367269_mask.png
367276,train,train/images/367276_sat.jpg,train/masks/367276_mask.png
367358,train,train/images/367358_sat.jpg,train/masks/367358_mask.png
367384,train,train/images/367384_sat.jpg,train/masks/367384_mask.png
367457,train,train/images/367457_sat.jpg,train/masks/367457_mask.png
367591,train,train/images/367591_sat.jpg,train/masks/367591_mask.png
367933,train,train/images/367933_sat.jpg,train/masks/367933_mask.png
368124,train,train/images/368124_sat.jpg,train/masks/368124_mask.png
368442,train,train/images/368442_sat.jpg,train/masks/368442_mask.png
368807,train,train/images/368807_sat.jpg,train/masks/368807_mask.png
368952,train,train/images/368952_sat.jpg,train/masks/368952_mask.png
36900,train,train/images/36900_sat.jpg,train/masks/36900_mask.png
369061,train,train/images/369061_sat.jpg,train/masks/369061_mask.png
369352,train,train/images/369352_sat.jpg,train/masks/369352_mask.png
369432,train,train/images/369432_sat.jpg,train/masks/369432_mask.png
369605,train,train/images/369605_sat.jpg,train/masks/369605_mask.png
369819,train,train/images/369819_sat.jpg,train/masks/369819_mask.png
36988,train,train/images/36988_sat.jpg,train/masks/36988_mask.png
369916,train,train/images/369916_sat.jpg,train/masks/369916_mask.png
370251,train,train/images/370251_sat.jpg,train/masks/370251_mask.png
370328,train,train/images/370328_sat.jpg,train/masks/370328_mask.png
370418,train,train/images/370418_sat.jpg,train/masks/370418_mask.png
370520,train,train/images/370520_sat.jpg,train/masks/370520_mask.png
370547,train,train/images/370547_sat.jpg,train/masks/370547_mask.png
370642,train,train/images/370642_sat.jpg,train/masks/370642_mask.png
370972,train,train/images/370972_sat.jpg,train/masks/370972_mask.png
371242,train,train/images/371242_sat.jpg,train/masks/371242_mask.png
371353,train,train/images/371353_sat.jpg,train/masks/371353_mask.png
371502,train,train/images/371502_sat.jpg,train/masks/371502_mask.png
371829,train,train/images/371829_sat.jpg,train/masks/371829_mask.png
372063,train,train/images/372063_sat.jpg,train/masks/372063_mask.png
372169,train,train/images/372169_sat.jpg,train/masks/372169_mask.png
372171,train,train/images/372171_sat.jpg,train/masks/372171_mask.png
372422,train,train/images/372422_sat.jpg,train/masks/372422_mask.png
372482,train,train/images/372482_sat.jpg,train/masks/372482_mask.png
372496,train,train/images/372496_sat.jpg,train/masks/372496_mask.png
372555,train,train/images/372555_sat.jpg,train/masks/372555_mask.png
372803,train,train/images/372803_sat.jpg,train/masks/372803_mask.png
373103,train,train/images/373103_sat.jpg,train/masks/373103_mask.png
373268,train,train/images/373268_sat.jpg,train/masks/373268_mask.png
373548,train,train/images/373548_sat.jpg,train/masks/373548_mask.png
373567,train,train/images/373567_sat.jpg,train/masks/373567_mask.png
373608,train,train/images/373608_sat.jpg,train/masks/373608_mask.png
373615,train,train/images/373615_sat.jpg,train/masks/373615_mask.png
373623,train,train/images/373623_sat.jpg,train/masks/373623_mask.png
373640,train,train/images/373640_sat.jpg,train/masks/373640_mask.png
37370,train,train/images/37370_sat.jpg,train/masks/37370_mask.png
373943,train,train/images/373943_sat.jpg,train/masks/373943_mask.png
374028,train,train/images/374028_sat.jpg,train/masks/374028_mask.png
37426,train,train/images/37426_sat.jpg,train/masks/37426_mask.png
374296,train,train/images/374296_sat.jpg,train/masks/374296_mask.png
374374,train,train/images/374374_sat.jpg,train/masks/374374_mask.png
374383,train,train/images/374383_sat.jpg,train/masks/374383_mask.png
374575,train,train/images/374575_sat.jpg,train/masks/374575_mask.png
374583,train,train/images/374583_sat.jpg,train/masks/374583_mask.png
37493,train,train/images/37493_sat.jpg,train/masks/37493_mask.png
375229,train,train/images/375229_sat.jpg,train/masks/375229_mask.png
375428,train,train/images/375428_sat.jpg,train/masks/375428_mask.png
375461,train,train/images/375461_sat.jpg,train/masks/375461_mask.png
375508,train,train/images/375508_sat.jpg,train/masks/375508_mask.png
375532,train,train/images/375532_sat.jpg,train/masks/375532_mask.png
375732,train,train/images/375732_sat.jpg,train/masks/375732_mask.png
375799,train,train/images/375799_sat.jpg,train/masks/375799_mask.png
375903,train,train/images/375903_sat.jpg,train/masks/375903_mask.png
375965,train,train/images/375965_sat.jpg,train/masks/375965_mask.png
376178,train,train/images/376178_sat.jpg,train/masks/376178_mask.png
376233,train,train/images/376233_sat.jpg,train/masks/376233_mask.png
376257,train,train/images/376257_sat.jpg,train/masks/376257_mask.png
376720,train,train/images/376720_sat.jpg,train/masks/376720_mask.png
377472,train,train/images/377472_sat.jpg,train/masks/377472_mask.png
377740,train,train/images/377740_sat.jpg,train/masks/377740_mask.png
377745,train,train/images/377745_sat.jpg,train/masks/377745_mask.png
378019,train,train/images/378019_sat.jpg,train/masks/378019_mask.png
378071,train,train/images/378071_sat.jpg,train/masks/378071_mask.png
378114,train,train/images/378114_sat.jpg,train/masks/378114_mask.png
378149,train,train/images/378149_sat.jpg,train/masks/378149_mask.png
378296,train,train/images/378296_sat.jpg,train/masks/378296_mask.png
378334,train,train/images/378334_sat.jpg,train/masks/378334_mask.png
378347,train,train/images/378347_sat.jpg,train/masks/378347_mask.png
378778,train,train/images/378778_sat.jpg,train/masks/378778_mask.png
379003,train,train/images/379003_sat.jpg,train/masks/379003_mask.png
379021,train,train/images/379021_sat.jpg,train/masks/379021_mask.png
379173,train,train/images/379173_sat.jpg,train/masks/379173_mask.png
379221,train,train/images/379221_sat.jpg,train/masks/379221_mask.png
379226,train,train/images/379226_sat.jpg,train/masks/379226_mask.png
37924,train,train/images/37924_sat.jpg,train/masks/37924_mask.png
379294,train,train/images/379294_sat.jpg,train/masks/379294_mask.png
379373,train,train/images/379373_sat.jpg,train/masks/379373_mask.png
379548,train,train/images/379548_sat.jpg,train/masks/379548_mask.png
379698,train,train/images/379698_sat.jpg,train/masks/379698_mask.png
37982,train,train/images/37982_sat.jpg,train/masks/37982_mask.png
379877,train,train/images/379877_sat.jpg,train/masks/379877_mask.png
380184,train,train/images/380184_sat.jpg,train/masks/380184_mask.png
380270,train,train/images/380270_sat.jpg,train/masks/380270_mask.png
380317,train,train/images/380317_sat.jpg,train/masks/380317_mask.png
380471,train,train/images/380471_sat.jpg,train/masks/380471_mask.png
38072,train,train/images/38072_sat.jpg,train/masks/38072_mask.png
38093,train,train/images/38093_sat.jpg,train/masks/38093_mask.png
381074,train,train/images/381074_sat.jpg,train/masks/381074_mask.png
38122,train,train/images/38122_sat.jpg,train/masks/38122_mask.png
38128,train,train/images/38128_sat.jpg,train/masks/38128_mask.png
38144,train,train/images/38144_sat.jpg,train/masks/38144_mask.png
381461,train,train/images/381461_sat.jpg,train/masks/381461_mask.png
381525,train,train/images/381525_sat.jpg,train/masks/381525_mask.png
381744,train,train/images/381744_sat.jpg,train/masks/381744_mask.png
381926,train,train/images/381926_sat.jpg,train/masks/381926_mask.png
382065,train,train/images/382065_sat.jpg,train/masks/382065_mask.png
382329,train,train/images/382329_sat.jpg,train/masks/382329_mask.png
382842,train,train/images/382842_sat.jpg,train/masks/382842_mask.png
383210,train,train/images/383210_sat.jpg,train/masks/383210_mask.png
383456,train,train/images/383456_sat.jpg,train/masks/383456_mask.png
38353,train,train/images/38353_sat.jpg,train/masks/38353_mask.png
384296,train,train/images/384296_sat.jpg,train/masks/384296_mask.png
384422,train,train/images/384422_sat.jpg,train/masks/384422_mask.png
384454,train,train/images/384454_sat.jpg,train/masks/384454_mask.png
384535,train,train/images/384535_sat.jpg,train/masks/384535_mask.png
384693,train,train/images/384693_sat.jpg,train/masks/384693_mask.png
384735,train,train/images/384735_sat.jpg,train/masks/384735_mask.png
384753,train,train/images/384753_sat.jpg,train/masks/384753_mask.png
38479,train,train/images/38479_sat.jpg,train/masks/38479_mask.png
384950,train,train/images/384950_sat.jpg,train/masks/384950_mask.png
385085,train,train/images/385085_sat.jpg,train/masks/385085_mask.png
385105,train,train/images/385105_sat.jpg,train/masks/385105_mask.png
385247,train,train/images/385247_sat.jpg,train/masks/385247_mask.png
385268,train,train/images/385268_sat.jpg,train/masks/385268_mask.png
385402,train,train/images/385402_sat.jpg,train/masks/385402_mask.png
385679,train,train/images/385679_sat.jpg,train/masks/385679_mask.png
385783,train,train/images/385783_sat.jpg,train/masks/385783_mask.png
385863,train,train/images/385863_sat.jpg,train/masks/385863_mask.png
385890,train,train/images/385890_sat.jpg,train/masks/385890_mask.png
385965,train,train/images/385965_sat.jpg,train/masks/385965_mask.png
38615,train,train/images/38615_sat.jpg,train/masks/38615_mask.png
386323,train,train/images/386323_sat.jpg,train/masks/386323_mask.png
386497,train,train/images/386497_sat.jpg,train/masks/386497_mask.png
386600,train,train/images/386600_sat.jpg,train/masks/386600_mask.png
386604,train,train/images/386604_sat.jpg,train/masks/386604_mask.png
387181,train,train/images/387181_sat.jpg,train/masks/387181_mask.png
387186,train,train/images/387186_sat.jpg,train/masks/387186_mask.png
387383,train,train/images/387383_sat.jpg,train/masks/387383_mask.png
387942,train,train/images/387942_sat.jpg,train/masks/387942_mask.png
388071,train,train/images/388071_sat.jpg,train/masks/388071_mask.png
388122,train,train/images/388122_sat.jpg,train/masks/388122_mask.png
388859,train,train/images/388859_sat.jpg,train/masks/388859_mask.png
388957,train,train/images/388957_sat.jpg,train/masks/388957_mask.png
388,train,train/images/388_sat.jpg,train/masks/388_mask.png
389263,train,train/images/389263_sat.jpg,train/masks/389263_mask.png
38954,train,train/images/38954_sat.jpg,train/masks/38954_mask.png
389552,train,train/images/389552_sat.jpg,train/masks/389552_mask.png
389555,train,train/images/389555_sat.jpg,train/masks/389555_mask.png
389656,train,train/images/389656_sat.jpg,train/masks/389656_mask.png
390011,train,train/images/390011_sat.jpg,train/masks/390011_mask.png
390180,train,train/images/390180_sat.jpg,train/masks/390180_mask.png
390365,train,train/images/390365_sat.jpg,train/masks/390365_mask.png
39045,train,train/images/39045_sat.jpg,train/masks/39045_mask.png
390727,train,train/images/390727_sat.jpg,train/masks/390727_mask.png
390893,train,train/images/390893_sat.jpg,train/masks/390893_mask.png
390928,train,train/images/390928_sat.jpg,train/masks/390928_mask.png
390952,train,train/images/390952_sat.jpg,train/masks/390952_mask.png
391190,train,train/images/391190_sat.jpg,train/masks/391190_mask.png
391293,train,train/images/391293_sat.jpg,train/masks/391293_mask.png
391538,train,train/images/391538_sat.jpg,train/masks/391538_mask.png
391660,train,train/images/391660_sat.jpg,train/masks/391660_mask.png
391736,train,train/images/391736_sat.jpg,train/masks/391736_mask.png
391989,train,train/images/391989_sat.jpg,train/masks/391989_mask.png
392105,train,train/images/392105_sat.jpg,train/masks/392105_mask.png
392225,train,train/images/392225_sat.jpg,train/masks/392225_mask.png
392230,train,train/images/392230_sat.jpg,train/masks/392230_mask.png
392268,train,train/images/392268_sat.jpg,train/masks/392268_mask.png
392410,train,train/images/392410_sat.jpg,train/masks/392410_mask.png
392609,train,train/images/392609_sat.jpg,train/masks/392609_mask.png
392686,train,train/images/392686_sat.jpg,train/masks/392686_mask.png
39277,train,train/images/39277_sat.jpg,train/masks/39277_mask.png
393063,train,train/images/393063_sat.jpg,train/masks/393063_mask.png
393111,train,train/images/393111_sat.jpg,train/masks/393111_mask.png
393127,train,train/images/393127_sat.jpg,train/masks/393127_mask.png
393166,train,train/images/393166_sat.jpg,train/masks/393166_mask.png
393252,train,train/images/393252_sat.jpg,train/masks/393252_mask.png
393469,train,train/images/393469_sat.jpg,train/masks/393469_mask.png
393590,train,train/images/393590_sat.jpg,train/masks/393590_mask.png
39367,train,train/images/39367_sat.jpg,train/masks/39367_mask.png
394008,train,train/images/394008_sat.jpg,train/masks/394008_mask.png
394020,train,train/images/394020_sat.jpg,train/masks/394020_mask.png
394074,train,train/images/394074_sat.jpg,train/masks/394074_mask.png
394093,train,train/images/394093_sat.jpg,train/masks/394093_mask.png
394175,train,train/images/394175_sat.jpg,train/masks/394175_mask.png
394310,train,train/images/394310_sat.jpg,train/masks/394310_mask.png
394496,train,train/images/394496_sat.jpg,train/masks/394496_mask.png
395029,train,train/images/395029_sat.jpg,train/masks/395029_mask.png
395265,train,train/images/395265_sat.jpg,train/masks/395265_mask.png
395487,train,train/images/395487_sat.jpg,train/masks/395487_mask.png
395611,train,train/images/395611_sat.jpg,train/masks/395611_mask.png
395621,train,train/images/395621_sat.jpg,train/masks/395621_mask.png
395879,train,train/images/395879_sat.jpg,train/masks/395879_mask.png
396252,train,train/images/396252_sat.jpg,train/masks/396252_mask.png
396274,train,train/images/396274_sat.jpg,train/masks/396274_mask.png
396352,train,train/images/396352_sat.jpg,train/masks/396352_mask.png
396744,train,train/images/396744_sat.jpg,train/masks/396744_mask.png
396836,train,train/images/396836_sat.jpg,train/masks/396836_mask.png
39694,train,train/images/39694_sat.jpg,train/masks/39694_mask.png
397493,train,train/images/397493_sat.jpg,train/masks/397493_mask.png
397590,train,train/images/397590_sat.jpg,train/masks/397590_mask.png
397989,train,train/images/397989_sat.jpg,train/masks/397989_mask.png
398137,train,train/images/398137_sat.jpg,train/masks/398137_mask.png
398502,train,train/images/398502_sat.jpg,train/masks/398502_mask.png
398587,train,train/images/398587_sat.jpg,train/masks/398587_mask.png
398701,train,train/images/398701_sat.jpg,train/masks/398701_mask.png
39878,train,train/images/39878_sat.jpg,train/masks/39878_mask.png
398826,train,train/images/398826_sat.jpg,train/masks/398826_mask.png
39884,train,train/images/39884_sat.jpg,train/masks/39884_mask.png
398890,train,train/images/398890_sat.jpg,train/masks/398890_mask.png
399058,train,train/images/399058_sat.jpg,train/masks/399058_mask.png
399107,train,train/images/399107_sat.jpg,train/masks/399107_mask.png
399244,train,train/images/399244_sat.jpg,train/masks/399244_mask.png
399251,train,train/images/399251_sat.jpg,train/masks/399251_mask.png
399432,train,train/images/399432_sat.jpg,train/masks/399432_mask.png
39945,train,train/images/39945_sat.jpg,train/masks/39945_mask.png
399518,train,train/images/399518_sat.jpg,train/masks/399518_mask.png
399543,train,train/images/399543_sat.jpg,train/masks/399543_mask.png
399786,train,train/images/399786_sat.jpg,train/masks/399786_mask.png
400466,train,train/images/400466_sat.jpg,train/masks/400466_mask.png
400501,train,train/images/400501_sat.jpg,train/masks/400501_mask.png
400636,train,train/images/400636_sat.jpg,train/masks/400636_mask.png
400649,train,train/images/400649_sat.jpg,train/masks/400649_mask.png
400782,train,train/images/400782_sat.jpg,train/masks/400782_mask.png
400830,train,train/images/400830_sat.jpg,train/masks/400830_mask.png
400867,train,train/images/400867_sat.jpg,train/masks/400867_mask.png
400877,train,train/images/400877_sat.jpg,train/masks/400877_mask.png
401242,train,train/images/401242_sat.jpg,train/masks/401242_mask.png
401257,train,train/images/401257_sat.jpg,train/masks/401257_mask.png
401413,train,train/images/401413_sat.jpg,train/masks/401413_mask.png
401529,train,train/images/401529_sat.jpg,train/masks/401529_mask.png
401546,train,train/images/401546_sat.jpg,train/masks/401546_mask.png
401562,train,train/images/401562_sat.jpg,train/masks/401562_mask.png
401773,train,train/images/401773_sat.jpg,train/masks/401773_mask.png
402071,train,train/images/402071_sat.jpg,train/masks/402071_mask.png
402303,train,train/images/402303_sat.jpg,train/masks/402303_mask.png
402305,train,train/images/402305_sat.jpg,train/masks/402305_mask.png
402430,train,train/images/402430_sat.jpg,train/masks/402430_mask.png
402498,train,train/images/402498_sat.jpg,train/masks/402498_mask.png
40283,train,train/images/40283_sat.jpg,train/masks/40283_mask.png
403212,train,train/images/403212_sat.jpg,train/masks/403212_mask.png
403428,train,train/images/403428_sat.jpg,train/masks/403428_mask.png
403456,train,train/images/403456_sat.jpg,train/masks/403456_mask.png
403666,train,train/images/403666_sat.jpg,train/masks/403666_mask.png
403979,train,train/images/403979_sat.jpg,train/masks/403979_mask.png
404098,train,train/images/404098_sat.jpg,train/masks/404098_mask.png
404196,train,train/images/404196_sat.jpg,train/masks/404196_mask.png
404212,train,train/images/404212_sat.jpg,train/masks/404212_mask.png
404307,train,train/images/404307_sat.jpg,train/masks/404307_mask.png
404315,train,train/images/404315_sat.jpg,train/masks/404315_mask.png
40436,train,train/images/40436_sat.jpg,train/masks/40436_mask.png
404644,train,train/images/404644_sat.jpg,train/masks/404644_mask.png
404694,train,train/images/404694_sat.jpg,train/masks/404694_mask.png
404785,train,train/images/404785_sat.jpg,train/masks/404785_mask.png
404910,train,train/images/404910_sat.jpg,train/masks/404910_mask.png
404959,train,train/images/404959_sat.jpg,train/masks/404959_mask.png
405216,train,train/images/405216_sat.jpg,train/masks/405216_mask.png
405292,train,train/images/405292_sat.jpg,train/masks/405292_mask.png
405461,train,train/images/405461_sat.jpg,train/masks/405461_mask.png
40555,train,train/images/40555_sat.jpg,train/masks/40555_mask.png
405652,train,train/images/405652_sat.jpg,train/masks/405652_mask.png
405710,train,train/images/405710_sat.jpg,train/masks/405710_mask.png
405717,train,train/images/405717_sat.jpg,train/masks/405717_mask.png
405830,train,train/images/405830_sat.jpg,train/masks/405830_mask.png
405847,train,train/images/405847_sat.jpg,train/masks/405847_mask.png
405943,train,train/images/405943_sat.jpg,train/masks/405943_mask.png
406148,train,train/images/406148_sat.jpg,train/masks/406148_mask.png
40650,train,train/images/40650_sat.jpg,train/masks/40650_mask.png
406601,train,train/images/406601_sat.jpg,train/masks/406601_mask.png
406732,train,train/images/406732_sat.jpg,train/masks/406732_mask.png
406756,train,train/images/406756_sat.jpg,train/masks/406756_mask.png
406774,train,train/images/406774_sat.jpg,train/masks/406774_mask.png
40682,train,train/images/40682_sat.jpg,train/masks/40682_mask.png
406876,train,train/images/406876_sat.jpg,train/masks/406876_mask.png
40699,train,train/images/40699_sat.jpg,train/masks/40699_mask.png
407077,train,train/images/407077_sat.jpg,train/masks/407077_mask.png
407167,train,train/images/407167_sat.jpg,train/masks/407167_mask.png
407409,train,train/images/407409_sat.jpg,train/masks/407409_mask.png
40740,train,train/images/40740_sat.jpg,train/masks/40740_mask.png
407490,train,train/images/407490_sat.jpg,train/masks/407490_mask.png
407550,train,train/images/407550_sat.jpg,train/masks/407550_mask.png
407644,train,train/images/407644_sat.jpg,train/masks/407644_mask.png
407808,train,train/images/407808_sat.jpg,train/masks/407808_mask.png
407908,train,train/images/407908_sat.jpg,train/masks/407908_mask.png
407910,train,train/images/407910_sat.jpg,train/masks/407910_mask.png
407971,train,train/images/407971_sat.jpg,train/masks/407971_mask.png
408080,train,train/images/408080_sat.jpg,train/masks/408080_mask.png
408113,train,train/images/408113_sat.jpg,train/masks/408113_mask.png
40820,train,train/images/40820_sat.jpg,train/masks/40820_mask.png
408303,train,train/images/408303_sat.jpg,train/masks/408303_mask.png
408455,train,train/images/408455_sat.jpg,train/masks/408455_mask.png
408495,train,train/images/408495_sat.jpg,train/masks/408495_mask.png
408679,train,train/images/408679_sat.jpg,train/masks/408679_mask.png
408714,train,train/images/408714_sat.jpg,train/masks/408714_mask.png
408814,train,train/images/408814_sat.jpg,train/masks/408814_mask.png
40882,train,train/images/40882_sat.jpg,train/masks/40882_mask.png
408910,train,train/images/408910_sat.jpg,train/masks/408910_mask.png
409066,train,train/images/409066_sat.jpg,train/masks/409066_mask.png
409191,train,train/images/409191_sat.jpg,train/masks/409191_mask.png
409301,train,train/images/409301_sat.jpg,train/masks/409301_mask.png
409497,train,train/images/409497_sat.jpg,train/masks/409497_mask.png
409572,train,train/images/409572_sat.jpg,train/masks/409572_mask.png
409698,train,train/images/409698_sat.jpg,train/masks/409698_mask.png
409835,train,train/images/409835_sat.jpg,train/masks/409835_mask.png
41026,train,train/images/41026_sat.jpg,train/masks/41026_mask.png
410319,train,train/images/410319_sat.jpg,train/masks/410319_mask.png
410490,train,train/images/410490_sat.jpg,train/masks/410490_mask.png
410565,train,train/images/410565_sat.jpg,train/masks/410565_mask.png
410585,train,train/images/410585_sat.jpg,train/masks/410585_mask.png
410589,train,train/images/410589_sat.jpg,train/masks/410589_mask.png
411017,train,train/images/411017_sat.jpg,train/masks/411017_mask.png
411059,train,train/images/411059_sat.jpg,train/masks/411059_mask.png
411211,train,train/images/411211_sat.jpg,train/masks/411211_mask.png
411551,train,train/images/411551_sat.jpg,train/masks/411551_mask.png
411554,train,train/images/411554_sat.jpg,train/masks/411554_mask.png
411561,train,train/images/411561_sat.jpg,train/masks/411561_mask.png
411674,train,train/images/411674_sat.jpg,train/masks/411674_mask.png
41169,train,train/images/41169_sat.jpg,train/masks/41169_mask.png
411731,train,train/images/411731_sat.jpg,train/masks/411731_mask.png
412094,train,train/images/412094_sat.jpg,train/masks/412094_mask.png
412126,train,train/images/412126_sat.jpg,train/masks/412126_mask.png
412418,train,train/images/412418_sat.jpg,train/masks/412418_mask.png
412501,train,train/images/412501_sat.jpg,train/masks/412501_mask.png
412667,train,train/images/412667_sat.jpg,train/masks/412667_mask.png
412858,train,train/images/412858_sat.jpg,train/masks/412858_mask.png
412908,train,train/images/412908_sat.jpg,train/masks/412908_mask.png
413047,train,train/images/413047_sat.jpg,train/masks/413047_mask.png
413095,train,train/images/413095_sat.jpg,train/masks/413095_mask.png
4131,train,train/images/4131_sat.jpg,train/masks/4131_mask.png
413533,train,train/images/413533_sat.jpg,train/masks/413533_mask.png
41376,train,train/images/41376_sat.jpg,train/masks/41376_mask.png
413810,train,train/images/413810_sat.jpg,train/masks/413810_mask.png
41403,train,train/images/41403_sat.jpg,train/masks/41403_mask.png
414238,train,train/images/414238_sat.jpg,train/masks/414238_mask.png
414407,train,train/images/414407_sat.jpg,train/masks/414407_mask.png
414512,train,train/images/414512_sat.jpg,train/masks/414512_mask.png
41453,train,train/images/41453_sat.jpg,train/masks/41453_mask.png
414592,train,train/images/414592_sat.jpg,train/masks/414592_mask.png
41495,train,train/images/41495_sat.jpg,train/masks/41495_mask.png
415109,train,train/images/415109_sat.jpg,train/masks/415109_mask.png
415200,train,train/images/415200_sat.jpg,train/masks/415200_mask.png
415246,train,train/images/415246_sat.jpg,train/masks/415246_mask.png
41524,train,train/images/41524_sat.jpg,train/masks/41524_mask.png
415297,train,train/images/415297_sat.jpg,train/masks/415297_mask.png
415383,train,train/images/415383_sat.jpg,train/masks/415383_mask.png
41557,train,train/images/41557_sat.jpg,train/masks/41557_mask.png
415694,train,train/images/415694_sat.jpg,train/masks/415694_mask.png
415859,train,train/images/415859_sat.jpg,train/masks/415859_mask.png
416347,train,train/images/416347_sat.jpg,train/masks/416347_mask.png
416352,train,train/images/416352_sat.jpg,train/masks/416352_mask.png
4163,train,train/images/4163_sat.jpg,train/masks/4163_mask.png
416847,train,train/images/416847_sat.jpg,train/masks/416847_mask.png
41698,train,train/images/41698_sat.jpg,train/masks/41698_mask.png
417078,train,train/images/417078_sat.jpg,train/masks/417078_mask.png
417273,train,train/images/417273_sat.jpg,train/masks/417273_mask.png
417665,train,train/images/417665_sat.jpg,train/masks/417665_mask.png
417691,train,train/images/417691_sat.jpg,train/masks/417691_mask.png
417887,train,train/images/417887_sat.jpg,train/masks/417887_mask.png
417932,train,train/images/417932_sat.jpg,train/masks/417932_mask.png
418920,train,train/images/418920_sat.jpg,train/masks/418920_mask.png
418944,train,train/images/418944_sat.jpg,train/masks/418944_mask.png
419030,train,train/images/419030_sat.jpg,train/masks/419030_mask.png
419054,train,train/images/419054_sat.jpg,train/masks/419054_mask.png
419061,train,train/images/419061_sat.jpg,train/masks/419061_mask.png
419437,train,train/images/419437_sat.jpg,train/masks/419437_mask.png
419711,train,train/images/419711_sat.jpg,train/masks/419711_mask.png
419964,train,train/images/419964_sat.jpg,train/masks/419964_mask.png
420072,train,train/images/420072_sat.jpg,train/masks/420072_mask.png
420624,train,train/images/420624_sat.jpg,train/masks/420624_mask.png
420774,train,train/images/420774_sat.jpg,train/masks/420774_mask.png
420849,train,train/images/420849_sat.jpg,train/masks/420849_mask.png
420996,train,train/images/420996_sat.jpg,train/masks/420996_mask.png
4209,train,train/images/4209_sat.jpg,train/masks/4209_mask.png
421081,train,train/images/421081_sat.jpg,train/masks/421081_mask.png
421122,train,train/images/421122_sat.jpg,train/masks/421122_mask.png
421362,train,train/images/421362_sat.jpg,train/masks/421362_mask.png
421486,train,train/images/421486_sat.jpg,train/masks/421486_mask.png
421728,train,train/images/421728_sat.jpg,train/masks/421728_mask.png
421746,train,train/images/421746_sat.jpg,train/masks/421746_mask.png
421764,train,train/images/421764_sat.jpg,train/masks/421764_mask.png
421882,train,train/images/421882_sat.jpg,train/masks/421882_mask.png
422010,train,train/images/422010_sat.jpg,train/masks/422010_mask.png
422040,train,train/images/422040_sat.jpg,train/masks/422040_mask.png
422105,train,train/images/422105_sat.jpg,train/masks/422105_mask.png
422265,train,train/images/422265_sat.jpg,train/masks/422265_mask.png
422415,train,train/images/422415_sat.jpg,train/masks/422415_mask.png
422719,train,train/images/422719_sat.jpg,train/masks/422719_mask.png
4227,train,train/images/4227_sat.jpg,train/masks/4227_mask.png
422841,train,train/images/422841_sat.jpg,train/masks/422841_mask.png
422875,train,train/images/422875_sat.jpg,train/masks/422875_mask.png
422909,train,train/images/422909_sat.jpg,train/masks/422909_mask.png
42349,train,train/images/42349_sat.jpg,train/masks/42349_mask.png
42359,train,train/images/42359_sat.jpg,train/masks/42359_mask.png
423605,train,train/images/423605_sat.jpg,train/masks/423605_mask.png
423747,train,train/images/423747_sat.jpg,train/masks/423747_mask.png
42398,train,train/images/42398_sat.jpg,train/masks/42398_mask.png
42399,train,train/images/42399_sat.jpg,train/masks/42399_mask.png
424027,train,train/images/424027_sat.jpg,train/masks/424027_mask.png
424153,train,train/images/424153_sat.jpg,train/masks/424153_mask.png
424392,train,train/images/424392_sat.jpg,train/masks/424392_mask.png
424612,train,train/images/424612_sat.jpg,train/masks/424612_mask.png
42511,train,train/images/42511_sat.jpg,train/masks/42511_mask.png
425216,train,train/images/425216_sat.jpg,train/masks/425216_mask.png
425224,train,train/images/425224_sat.jpg,train/masks/425224_mask.png
425283,train,train/images/425283_sat.jpg,train/masks/425283_mask.png
425305,train,train/images/425305_sat.jpg,train/masks/425305_mask.png
425471,train,train/images/425471_sat.jpg,train/masks/425471_mask.png
42547,train,train/images/42547_sat.jpg,train/masks/42547_mask.png
425707,train,train/images/425707_sat.jpg,train/masks/425707_mask.png
425757,train,train/images/425757_sat.jpg,train/masks/425757_mask.png
42576,train,train/images/42576_sat.jpg,train/masks/42576_mask.png
425886,train,train/images/425886_sat.jpg,train/masks/425886_mask.png
426242,train,train/images/426242_sat.jpg,train/masks/426242_mask.png
426294,train,train/images/426294_sat.jpg,train/masks/426294_mask.png
426638,train,train/images/426638_sat.jpg,train/masks/426638_mask.png
426908,train,train/images/426908_sat.jpg,train/masks/426908_mask.png
42737,train,train/images/42737_sat.jpg,train/masks/42737_mask.png
427560,train,train/images/427560_sat.jpg,train/masks/427560_mask.png
427572,train,train/images/427572_sat.jpg,train/masks/427572_mask.png
427603,train,train/images/427603_sat.jpg,train/masks/427603_mask.png
427696,train,train/images/427696_sat.jpg,train/masks/427696_mask.png
427715,train,train/images/427715_sat.jpg,train/masks/427715_mask.png
428029,train,train/images/428029_sat.jpg,train/masks/428029_mask.png
428219,train,train/images/428219_sat.jpg,train/masks/428219_mask.png
428325,train,train/images/428325_sat.jpg,train/masks/428325_mask.png
428426,train,train/images/428426_sat.jpg,train/masks/428426_mask.png
428579,train,train/images/428579_sat.jpg,train/masks/428579_mask.png
428625,train,train/images/428625_sat.jpg,train/masks/428625_mask.png
428684,train,train/images/428684_sat.jpg,train/masks/428684_mask.png
428707,train,train/images/428707_sat.jpg,train/masks/428707_mask.png
429369,train,train/images/429369_sat.jpg,train/masks/429369_mask.png
429404,train,train/images/429404_sat.jpg,train/masks/429404_mask.png
429455,train,train/images/429455_sat.jpg,train/masks/429455_mask.png
429678,train,train/images/429678_sat.jpg,train/masks/429678_mask.png
429679,train,train/images/429679_sat.jpg,train/masks/429679_mask.png
429784,train,train/images/429784_sat.jpg,train/masks/429784_mask.png
429803,train,train/images/429803_sat.jpg,train/masks/429803_mask.png
42999,train,train/images/42999_sat.jpg,train/masks/42999_mask.png
4301,train,train/images/4301_sat.jpg,train/masks/4301_mask.png
430305,train,train/images/430305_sat.jpg,train/masks/430305_mask.png
430332,train,train/images/430332_sat.jpg,train/masks/430332_mask.png
430680,train,train/images/430680_sat.jpg,train/masks/430680_mask.png
430950,train,train/images/430950_sat.jpg,train/masks/430950_mask.png
431034,train,train/images/431034_sat.jpg,train/masks/431034_mask.png
431080,train,train/images/431080_sat.jpg,train/masks/431080_mask.png
431113,train,train/images/431113_sat.jpg,train/masks/431113_mask.png
431117,train,train/images/431117_sat.jpg,train/masks/431117_mask.png
431322,train,train/images/431322_sat.jpg,train/masks/431322_mask.png
431513,train,train/images/431513_sat.jpg,train/masks/431513_mask.png
431595,train,train/images/431595_sat.jpg,train/masks/431595_mask.png
431896,train,train/images/431896_sat.jpg,train/masks/431896_mask.png
431938,train,train/images/431938_sat.jpg,train/masks/431938_mask.png
43235,train,train/images/43235_sat.jpg,train/masks/43235_mask.png
432560,train,train/images/432560_sat.jpg,train/masks/432560_mask.png
432787,train,train/images/432787_sat.jpg,train/masks/432787_mask.png
433149,train,train/images/433149_sat.jpg,train/masks/433149_mask.png
433352,train,train/images/433352_sat.jpg,train/masks/433352_mask.png
433384,train,train/images/433384_sat.jpg,train/masks/433384_mask.png
433649,train,train/images/433649_sat.jpg,train/masks/433649_mask.png
434374,train,train/images/434374_sat.jpg,train/masks/434374_mask.png
434498,train,train/images/434498_sat.jpg,train/masks/434498_mask.png
43484,train,train/images/43484_sat.jpg,train/masks/43484_mask.png
434853,train,train/images/434853_sat.jpg,train/masks/434853_mask.png
434900,train,train/images/434900_sat.jpg,train/masks/434900_mask.png
434989,train,train/images/434989_sat.jpg,train/masks/434989_mask.png
435016,train,train/images/435016_sat.jpg,train/masks/435016_mask.png
435064,train,train/images/435064_sat.jpg,train/masks/435064_mask.png
435229,train,train/images/435229_sat.jpg,train/masks/435229_mask.png
435242,train,train/images/435242_sat.jpg,train/masks/435242_mask.png
435254,train,train/images/435254_sat.jpg,train/masks/435254_mask.png
435283,train,train/images/435283_sat.jpg,train/masks/435283_mask.png
435332,train,train/images/435332_sat.jpg,train/masks/435332_mask.png
435505,train,train/images/435505_sat.jpg,train/masks/435505_mask.png
435582,train,train/images/435582_sat.jpg,train/masks/435582_mask.png
435633,train,train/images/435633_sat.jpg,train/masks/435633_mask.png
435684,train,train/images/435684_sat.jpg,train/masks/435684_mask.png
435846,train,train/images/435846_sat.jpg,train/masks/435846_mask.png
435877,train,train/images/435877_sat.jpg,train/masks/435877_mask.png
436101,train,train/images/436101_sat.jpg,train/masks/436101_mask.png
436153,train,train/images/436153_sat.jpg,train/masks/436153_mask.png
436269,train,train/images/436269_sat.jpg,train/masks/436269_mask.png
436476,train,train/images/436476_sat.jpg,train/masks/436476_mask.png
436511,train,train/images/436511_sat.jpg,train/masks/436511_mask.png
436589,train,train/images/436589_sat.jpg,train/masks/436589_mask.png
436625,train,train/images/436625_sat.jpg,train/masks/436625_mask.png
436982,train,train/images/436982_sat.jpg,train/masks/436982_mask.png
437068,train,train/images/437068_sat.jpg,train/masks/437068_mask.png
437091,train,train/images/437091_sat.jpg,train/masks/437091_mask.png
437124,train,train/images/437124_sat.jpg,train/masks/437124_mask.png
437167,train,train/images/437167_sat.jpg,train/masks/437167_mask.png
437233,train,train/images/437233_sat.jpg,train/masks/437233_mask.png
437316,train,train/images/437316_sat.jpg,train/masks/437316_mask.png
437637,train,train/images/437637_sat.jpg,train/masks/437637_mask.png
437777,train,train/images/437777_sat.jpg,train/masks/437777_mask.png
438028,train,train/images/438028_sat.jpg,train/masks/438028_mask.png
438135,train,train/images/438135_sat.jpg,train/masks/438135_mask.png
438173,train,train/images/438173_sat.jpg,train/masks/438173_mask.png
43833,train,train/images/43833_sat.jpg,train/masks/43833_mask.png
438785,train,train/images/438785_sat.jpg,train/masks/438785_mask.png
438880,train,train/images/438880_sat.jpg,train/masks/438880_mask.png
439073,train,train/images/439073_sat.jpg,train/masks/439073_mask.png
439174,train,train/images/439174_sat.jpg,train/masks/439174_mask.png
439402,train,train/images/439402_sat.jpg,train/masks/439402_mask.png
439408,train,train/images/439408_sat.jpg,train/masks/439408_mask.png
439492,train,train/images/439492_sat.jpg,train/masks/439492_mask.png
439818,train,train/images/439818_sat.jpg,train/masks/439818_mask.png
43993,train,train/images/43993_sat.jpg,train/masks/43993_mask.png
440205,train,train/images/440205_sat.jpg,train/masks/440205_mask.png
44025,train,train/images/44025_sat.jpg,train/masks/44025_mask.png
440639,train,train/images/440639_sat.jpg,train/masks/440639_mask.png
440968,train,train/images/440968_sat.jpg,train/masks/440968_mask.png
440978,train,train/images/440978_sat.jpg,train/masks/440978_mask.png
441048,train,train/images/441048_sat.jpg,train/masks/441048_mask.png
441130,train,train/images/441130_sat.jpg,train/masks/441130_mask.png
441253,train,train/images/441253_sat.jpg,train/masks/441253_mask.png
441557,train,train/images/441557_sat.jpg,train/masks/441557_mask.png
441633,train,train/images/441633_sat.jpg,train/masks/441633_mask.png
441863,train,train/images/441863_sat.jpg,train/masks/441863_mask.png
442085,train,train/images/442085_sat.jpg,train/masks/442085_mask.png
44223,train,train/images/44223_sat.jpg,train/masks/44223_mask.png
44258,train,train/images/44258_sat.jpg,train/masks/44258_mask.png
442708,train,train/images/442708_sat.jpg,train/masks/442708_mask.png
442830,train,train/images/442830_sat.jpg,train/masks/442830_mask.png
442850,train,train/images/442850_sat.jpg,train/masks/442850_mask.png
442872,train,train/images/442872_sat.jpg,train/masks/442872_mask.png
442879,train,train/images/442879_sat.jpg,train/masks/442879_mask.png
442978,train,train/images/442978_sat.jpg,train/masks/442978_mask.png
443443,train,train/images/443443_sat.jpg,train/masks/443443_mask.png
443588,train,train/images/443588_sat.jpg,train/masks/443588_mask.png
44358,train,train/images/44358_sat.jpg,train/masks/44358_mask.png
443894,train,train/images/443894_sat.jpg,train/masks/443894_mask.png
444094,train,train/images/444094_sat.jpg,train/masks/444094_mask.png
444164,train,train/images/444164_sat.jpg,train/masks/444164_mask.png
444795,train,train/images/444795_sat.jpg,train/masks/444795_mask.png
444796,train,train/images/444796_sat.jpg,train/masks/444796_mask.png
445320,train,train/images/445320_sat.jpg,train/masks/445320_mask.png
445366,train,train/images/445366_sat.jpg,train/masks/445366_mask.png
445382,train,train/images/445382_sat.jpg,train/masks/445382_mask.png
445532,train,train/images/445532_sat.jpg,train/masks/445532_mask.png
445545,train,train/images/445545_sat.jpg,train/masks/445545_mask.png
44562,train,train/images/44562_sat.jpg,train/masks/44562_mask.png
44563,train,train/images/44563_sat.jpg,train/masks/44563_mask.png
446060,train,train/images/446060_sat.jpg,train/masks/446060_mask.png
44614,train,train/images/44614_sat.jpg,train/masks/44614_mask.png
446334,train,train/images/446334_sat.jpg,train/masks/446334_mask.png
44658,train,train/images/44658_sat.jpg,train/masks/44658_mask.png
446604,train,train/images/446604_sat.jpg,train/masks/446604_mask.png
446627,train,train/images/446627_sat.jpg,train/masks/446627_mask.png
446778,train,train/images/446778_sat.jpg,train/masks/446778_mask.png
446852,train,train/images/446852_sat.jpg,train/masks/446852_mask.png
446860,train,train/images/446860_sat.jpg,train/masks/446860_mask.png
446894,train,train/images/446894_sat.jpg,train/masks/446894_mask.png
446971,train,train/images/446971_sat.jpg,train/masks/446971_mask.png
446998,train,train/images/446998_sat.jpg,train/masks/446998_mask.png
447532,train,train/images/447532_sat.jpg,train/masks/447532_mask.png
447643,train,train/images/447643_sat.jpg,train/masks/447643_mask.png
447736,train,train/images/447736_sat.jpg,train/masks/447736_mask.png
447775,train,train/images/447775_sat.jpg,train/masks/447775_mask.png
447816,train,train/images/447816_sat.jpg,train/masks/447816_mask.png
447836,train,train/images/447836_sat.jpg,train/masks/447836_mask.png
447911,train,train/images/447911_sat.jpg,train/masks/447911_mask.png
447975,train,train/images/447975_sat.jpg,train/masks/447975_mask.png
448103,train,train/images/448103_sat.jpg,train/masks/448103_mask.png
448172,train,train/images/448172_sat.jpg,train/masks/448172_mask.png
448203,train,train/images/448203_sat.jpg,train/masks/448203_mask.png
44825,train,train/images/44825_sat.jpg,train/masks/44825_mask.png
448399,train,train/images/448399_sat.jpg,train/masks/448399_mask.png
449027,train,train/images/449027_sat.jpg,train/masks/449027_mask.png
449678,train,train/images/449678_sat.jpg,train/masks/449678_mask.png
44974,train,train/images/44974_sat.jpg,train/masks/44974_mask.png
44984,train,train/images/44984_sat.jpg,train/masks/44984_mask.png
449967,train,train/images/449967_sat.jpg,train/masks/449967_mask.png
450024,train,train/images/450024_sat.jpg,train/masks/450024_mask.png
450124,train,train/images/450124_sat.jpg,train/masks/450124_mask.png
45040,train,train/images/45040_sat.jpg,train/masks/45040_mask.png
450548,train,train/images/450548_sat.jpg,train/masks/450548_mask.png
450728,train,train/images/450728_sat.jpg,train/masks/450728_mask.png
450741,train,train/images/450741_sat.jpg,train/masks/450741_mask.png
450744,train,train/images/450744_sat.jpg,train/masks/450744_mask.png
450934,train,train/images/450934_sat.jpg,train/masks/450934_mask.png
451135,train,train/images/451135_sat.jpg,train/masks/451135_mask.png
451163,train,train/images/451163_sat.jpg,train/masks/451163_mask.png
451224,train,train/images/451224_sat.jpg,train/masks/451224_mask.png
451225,train,train/images/451225_sat.jpg,train/masks/451225_mask.png
451370,train,train/images/451370_sat.jpg,train/masks/451370_mask.png
451562,train,train/images/451562_sat.jpg,train/masks/451562_mask.png
451626,train,train/images/451626_sat.jpg,train/masks/451626_mask.png
451850,train,train/images/451850_sat.jpg,train/masks/451850_mask.png
451987,train,train/images/451987_sat.jpg,train/masks/451987_mask.png
452183,train,train/images/452183_sat.jpg,train/masks/452183_mask.png
452310,train,train/images/452310_sat.jpg,train/masks/452310_mask.png
452403,train,train/images/452403_sat.jpg,train/masks/452403_mask.png
452514,train,train/images/452514_sat.jpg,train/masks/452514_mask.png
452525,train,train/images/452525_sat.jpg,train/masks/452525_mask.png
452636,train,train/images/452636_sat.jpg,train/masks/452636_mask.png
45271,train,train/images/45271_sat.jpg,train/masks/45271_mask.png
452750,train,train/images/452750_sat.jpg,train/masks/452750_mask.png
45299,train,train/images/45299_sat.jpg,train/masks/45299_mask.png
453115,train,train/images/453115_sat.jpg,train/masks/453115_mask.png
453145,train,train/images/453145_sat.jpg,train/masks/453145_mask.png
453312,train,train/images/453312_sat.jpg,train/masks/453312_mask.png
453490,train,train/images/453490_sat.jpg,train/masks/453490_mask.png
453682,train,train/images/453682_sat.jpg,train/masks/453682_mask.png
453800,train,train/images/453800_sat.jpg,train/masks/453800_mask.png
454285,train,train/images/454285_sat.jpg,train/masks/454285_mask.png
45433,train,train/images/45433_sat.jpg,train/masks/45433_mask.png
454473,train,train/images/454473_sat.jpg,train/masks/454473_mask.png
454552,train,train/images/454552_sat.jpg,train/masks/454552_mask.png
454721,train,train/images/454721_sat.jpg,train/masks/454721_mask.png
454871,train,train/images/454871_sat.jpg,train/masks/454871_mask.png
455105,train,train/images/455105_sat.jpg,train/masks/455105_mask.png
455147,train,train/images/455147_sat.jpg,train/masks/455147_mask.png
455244,train,train/images/455244_sat.jpg,train/masks/455244_mask.png
455255,train,train/images/455255_sat.jpg,train/masks/455255_mask.png
455462,train,train/images/455462_sat.jpg,train/masks/455462_mask.png
455551,train,train/images/455551_sat.jpg,train/masks/455551_mask.png
455694,train,train/images/455694_sat.jpg,train/masks/455694_mask.png
455709,train,train/images/455709_sat.jpg,train/masks/455709_mask.png
456118,train,train/images/456118_sat.jpg,train/masks/456118_mask.png
456174,train,train/images/456174_sat.jpg,train/masks/456174_mask.png
456342,train,train/images/456342_sat.jpg,train/masks/456342_mask.png
456361,train,train/images/456361_sat.jpg,train/masks/456361_mask.png
456713,train,train/images/456713_sat.jpg,train/masks/456713_mask.png
457071,train,train/images/457071_sat.jpg,train/masks/457071_mask.png
457152,train,train/images/457152_sat.jpg,train/masks/457152_mask.png
457191,train,train/images/457191_sat.jpg,train/masks/457191_mask.png
457238,train,train/images/457238_sat.jpg,train/masks/457238_mask.png
457456,train,train/images/457456_sat.jpg,train/masks/457456_mask.png
457512,train,train/images/457512_sat.jpg,train/masks/457512_mask.png
457731,train,train/images/457731_sat.jpg,train/masks/457731_mask.png
457865,train,train/images/457865_sat.jpg,train/masks/457865_mask.png
458050,train,train/images/458050_sat.jpg,train/masks/458050_mask.png
458393,train,train/images/458393_sat.jpg,train/masks/458393_mask.png
458455,train,train/images/458455_sat.jpg,train/masks/458455_mask.png
458486,train,train/images/458486_sat.jpg,train/masks/458486_mask.png
458584,train,train/images/458584_sat.jpg,train/masks/458584_mask.png
458694,train,train/images/458694_sat.jpg,train/masks/458694_mask.png
45870,train,train/images/45870_sat.jpg,train/masks/45870_mask.png
458727,train,train/images/458727_sat.jpg,train/masks/458727_mask.png
458825,train,train/images/458825_sat.jpg,train/masks/458825_mask.png
459067,train,train/images/459067_sat.jpg,train/masks/459067_mask.png
459088,train,train/images/459088_sat.jpg,train/masks/459088_mask.png
459539,train,train/images/459539_sat.jpg,train/masks/459539_mask.png
459732,train,train/images/459732_sat.jpg,train/masks/459732_mask.png
459842,train,train/images/459842_sat.jpg,train/masks/459842_mask.png
459951,train,train/images/459951_sat.jpg,train/masks/459951_mask.png
459980,train,train/images/459980_sat.jpg,train/masks/459980_mask.png
460160,train,train/images/460160_sat.jpg,train/masks/460160_mask.png
460210,train,train/images/460210_sat.jpg,train/masks/460210_mask.png
460609,train,train/images/460609_sat.jpg,train/masks/460609_mask.png
460844,train,train/images/460844_sat.jpg,train/masks/460844_mask.png
46094,train,train/images/46094_sat.jpg,train/masks/46094_mask.png
461165,train,train/images/461165_sat.jpg,train/masks/461165_mask.png
461178,train,train/images/461178_sat.jpg,train/masks/461178_mask.png
461275,train,train/images/461275_sat.jpg,train/masks/461275_mask.png
461405,train,train/images/461405_sat.jpg,train/masks/461405_mask.png
461464,train,train/images/461464_sat.jpg,train/masks/461464_mask.png
461477,train,train/images/461477_sat.jpg,train/masks/461477_mask.png
461706,train,train/images/461706_sat.jpg,train/masks/461706_mask.png
461727,train,train/images/461727_sat.jpg,train/masks/461727_mask.png
461832,train,train/images/461832_sat.jpg,train/masks/461832_mask.png
461993,train,train/images/461993_sat.jpg,train/masks/461993_mask.png
461998,train,train/images/461998_sat.jpg,train/masks/461998_mask.png
462068,train,train/images/462068_sat.jpg,train/masks/462068_mask.png
46214,train,train/images/46214_sat.jpg,train/masks/46214_mask.png
462244,train,train/images/462244_sat.jpg,train/masks/462244_mask.png
462257,train,train/images/462257_sat.jpg,train/masks/462257_mask.png
462303,train,train/images/462303_sat.jpg,train/masks/462303_mask.png
462331,train,train/images/462331_sat.jpg,train/masks/462331_mask.png
462353,train,train/images/462353_sat.jpg,train/masks/462353_mask.png
462368,train,train/images/462368_sat.jpg,train/masks/462368_mask.png
462805,train,train/images/462805_sat.jpg,train/masks/462805_mask.png
462844,train,train/images/462844_sat.jpg,train/masks/462844_mask.png
462975,train,train/images/462975_sat.jpg,train/masks/462975_mask.png
463151,train,train/images/463151_sat.jpg,train/masks/463151_mask.png
463505,train,train/images/463505_sat.jpg,train/masks/463505_mask.png
463706,train,train/images/463706_sat.jpg,train/masks/463706_mask.png
463761,train,train/images/463761_sat.jpg,train/masks/463761_mask.png
463826,train,train/images/463826_sat.jpg,train/masks/463826_mask.png
463877,train,train/images/463877_sat.jpg,train/masks/463877_mask.png
464064,train,train/images/464064_sat.jpg,train/masks/464064_mask.png
464065,train,train/images/464065_sat.jpg,train/masks/464065_mask.png
464073,train,train/images/464073_sat.jpg,train/masks/464073_mask.png
464129,train,train/images/464129_sat.jpg,train/masks/464129_mask.png
46459,train,train/images/46459_sat.jpg,train/masks/46459_mask.png
464724,train,train/images/464724_sat.jpg,train/masks/464724_mask.png
465407,train,train/images/465407_sat.jpg,train/masks/465407_mask.png
465492,train,train/images/465492_sat.jpg,train/masks/465492_mask.png
465606,train,train/images/465606_sat.jpg,train/masks/465606_mask.png
465665,train,train/images/465665_sat.jpg,train/masks/465665_mask.png
465844,train,train/images/465844_sat.jpg,train/masks/465844_mask.png
465911,train,train/images/465911_sat.jpg,train/masks/465911_mask.png
46601,train,train/images/46601_sat.jpg,train/masks/46601_mask.png
466064,train,train/images/466064_sat.jpg,train/masks/466064_mask.png
466175,train,train/images/466175_sat.jpg,train/masks/466175_mask.png
466415,train,train/images/466415_sat.jpg,train/masks/466415_mask.png
466524,train,train/images/466524_sat.jpg,train/masks/466524_mask.png
466541,train,train/images/466541_sat.jpg,train/masks/466541_mask.png
466889,train,train/images/466889_sat.jpg,train/masks/466889_mask.png
467053,train,train/images/467053_sat.jpg,train/masks/467053_mask.png
467054,train,train/images/467054_sat.jpg,train/masks/467054_mask.png
46714,train,train/images/46714_sat.jpg,train/masks/46714_mask.png
467507,train,train/images/467507_sat.jpg,train/masks/467507_mask.png
468054,train,train/images/468054_sat.jpg,train/masks/468054_mask.png
468074,train,train/images/468074_sat.jpg,train/masks/468074_mask.png
468274,train,train/images/468274_sat.jpg,train/masks/468274_mask.png
468662,train,train/images/468662_sat.jpg,train/masks/468662_mask.png
469319,train,train/images/469319_sat.jpg,train/masks/469319_mask.png
469345,train,train/images/469345_sat.jpg,train/masks/469345_mask.png
469451,train,train/images/469451_sat.jpg,train/masks/469451_mask.png
469587,train,train/images/469587_sat.jpg,train/masks/469587_mask.png
469867,train,train/images/469867_sat.jpg,train/masks/469867_mask.png
470078,train,train/images/470078_sat.jpg,train/masks/470078_mask.png
470278,train,train/images/470278_sat.jpg,train/masks/470278_mask.png
470428,train,train/images/470428_sat.jpg,train/masks/470428_mask.png
470708,train,train/images/470708_sat.jpg,train/masks/470708_mask.png
471033,train,train/images/471033_sat.jpg,train/masks/471033_mask.png
471129,train,train/images/471129_sat.jpg,train/masks/471129_mask.png
471214,train,train/images/471214_sat.jpg,train/masks/471214_mask.png
47136,train,train/images/47136_sat.jpg,train/masks/47136_mask.png
47144,train,train/images/47144_sat.jpg,train/masks/47144_mask.png
471960,train,train/images/471960_sat.jpg,train/masks/471960_mask.png
471994,train,train/images/471994_sat.jpg,train/masks/471994_mask.png
472031,train,train/images/472031_sat.jpg,train/masks/472031_mask.png
472152,train,train/images/472152_sat.jpg,train/masks/472152_mask.png
472280,train,train/images/472280_sat.jpg,train/masks/472280_mask.png
472354,train,train/images/472354_sat.jpg,train/masks/472354_mask.png
472362,train,train/images/472362_sat.jpg,train/masks/472362_mask.png
472410,train,train/images/472410_sat.jpg,train/masks/472410_mask.png
472475,train,train/images/472475_sat.jpg,train/masks/472475_mask.png
472590,train,train/images/472590_sat.jpg,train/masks/472590_mask.png
472623,train,train/images/472623_sat.jpg,train/masks/472623_mask.png
47284,train,train/images/47284_sat.jpg,train/masks/47284_mask.png
472908,train,train/images/472908_sat.jpg,train/masks/472908_mask.png
472925,train,train/images/472925_sat.jpg,train/masks/472925_mask.png
472987,train,train/images/472987_sat.jpg,train/masks/472987_mask.png
473058,train,train/images/473058_sat.jpg,train/masks/473058_mask.png
473205,train,train/images/473205_sat.jpg,train/masks/473205_mask.png
473388,train,train/images/473388_sat.jpg,train/masks/473388_mask.png
473437,train,train/images/473437_sat.jpg,train/masks/473437_mask.png
473645,train,train/images/473645_sat.jpg,train/masks/473645_mask.png
473650,train,train/images/473650_sat.jpg,train/masks/473650_mask.png
473751,train,train/images/473751_sat.jpg,train/masks/473751_mask.png
473955,train,train/images/473955_sat.jpg,train/masks/473955_mask.png
474132,train,train/images/474132_sat.jpg,train/masks/474132_mask.png
474444,train,train/images/474444_sat.jpg,train/masks/474444_mask.png
474500,train,train/images/474500_sat.jpg,train/masks/474500_mask.png
474573,train,train/images/474573_sat.jpg,train/masks/474573_mask.png
474581,train,train/images/474581_sat.jpg,train/masks/474581_mask.png
474767,train,train/images/474767_sat.jpg,train/masks/474767_mask.png
474849,train,train/images/474849_sat.jpg,train/masks/474849_mask.png
474998,train,train/images/474998_sat.jpg,train/masks/474998_mask.png
475041,train,train/images/475041_sat.jpg,train/masks/475041_mask.png
475067,train,train/images/475067_sat.jpg,train/masks/475067_mask.png
475265,train,train/images/475265_sat.jpg,train/masks/475265_mask.png
475284,train,train/images/475284_sat.jpg,train/masks/475284_mask.png
47541,train,train/images/47541_sat.jpg,train/masks/47541_mask.png
475480,train,train/images/475480_sat.jpg,train/masks/475480_mask.png
475676,train,train/images/475676_sat.jpg,train/masks/475676_mask.png
475747,train,train/images/475747_sat.jpg,train/masks/475747_mask.png
475934,train,train/images/475934_sat.jpg,train/masks/475934_mask.png
475984,train,train/images/475984_sat.jpg,train/masks/475984_mask.png
476096,train,train/images/476096_sat.jpg,train/masks/476096_mask.png
476162,train,train/images/476162_sat.jpg,train/masks/476162_mask.png
476208,train,train/images/476208_sat.jpg,train/masks/476208_mask.png
476264,train,train/images/476264_sat.jpg,train/masks/476264_mask.png
476335,train,train/images/476335_sat.jpg,train/masks/476335_mask.png
476415,train,train/images/476415_sat.jpg,train/masks/476415_mask.png
476486,train,train/images/476486_sat.jpg,train/masks/476486_mask.png
476597,train,train/images/476597_sat.jpg,train/masks/476597_mask.png
476874,train,train/images/476874_sat.jpg,train/masks/476874_mask.png
477475,train,train/images/477475_sat.jpg,train/masks/477475_mask.png
477500,train,train/images/477500_sat.jpg,train/masks/477500_mask.png
477671,train,train/images/477671_sat.jpg,train/masks/477671_mask.png
477695,train,train/images/477695_sat.jpg,train/masks/477695_mask.png
477821,train,train/images/477821_sat.jpg,train/masks/477821_mask.png
477968,train,train/images/477968_sat.jpg,train/masks/477968_mask.png
478066,train,train/images/478066_sat.jpg,train/masks/478066_mask.png
478077,train,train/images/478077_sat.jpg,train/masks/478077_mask.png
478111,train,train/images/478111_sat.jpg,train/masks/478111_mask.png
478144,train,train/images/478144_sat.jpg,train/masks/478144_mask.png
478332,train,train/images/478332_sat.jpg,train/masks/478332_mask.png
478917,train,train/images/478917_sat.jpg,train/masks/478917_mask.png
478935,train,train/images/478935_sat.jpg,train/masks/478935_mask.png
479161,train,train/images/479161_sat.jpg,train/masks/479161_mask.png
479232,train,train/images/479232_sat.jpg,train/masks/479232_mask.png
47925,train,train/images/47925_sat.jpg,train/masks/47925_mask.png
479347,train,train/images/479347_sat.jpg,train/masks/479347_mask.png
47935,train,train/images/47935_sat.jpg,train/masks/47935_mask.png
47939,train,train/images/47939_sat.jpg,train/masks/47939_mask.png
479400,train,train/images/479400_sat.jpg,train/masks/479400_mask.png
479496,train,train/images/479496_sat.jpg,train/masks/479496_mask.png
479791,train,train/images/479791_sat.jpg,train/masks/479791_mask.png
479847,train,train/images/479847_sat.jpg,train/masks/479847_mask.png
480057,train,train/images/480057_sat.jpg,train/masks/480057_mask.png
480214,train,train/images/480214_sat.jpg,train/masks/480214_mask.png
480329,train,train/images/480329_sat.jpg,train/masks/480329_mask.png
480408,train,train/images/480408_sat.jpg,train/masks/480408_mask.png
480527,train,train/images/480527_sat.jpg,train/masks/480527_mask.png
480788,train,train/images/480788_sat.jpg,train/masks/480788_mask.png
480809,train,train/images/480809_sat.jpg,train/masks/480809_mask.png
480917,train,train/images/480917_sat.jpg,train/masks/480917_mask.png
48094,train,train/images/48094_sat.jpg,train/masks/48094_mask.png
481154,train,train/images/481154_sat.jpg,train/masks/481154_mask.png
481211,train,train/images/481211_sat.jpg,train/masks/481211_mask.png
481527,train,train/images/481527_sat.jpg,train/masks/481527_mask.png
48152,train,train/images/48152_sat.jpg,train/masks/48152_mask.png
48189,train,train/images/48189_sat.jpg,train/masks/48189_mask.png
481958,train,train/images/481958_sat.jpg,train/masks/481958_mask.png
482085,train,train/images/482085_sat.jpg,train/masks/482085_mask.png
482203,train,train/images/482203_sat.jpg,train/masks/482203_mask.png
482233,train,train/images/482233_sat.jpg,train/masks/482233_mask.png
482277,train,train/images/482277_sat.jpg,train/masks/482277_mask.png
482343,train,train/images/482343_sat.jpg,train/masks/482343_mask.png
482744,train,train/images/482744_sat.jpg,train/masks/482744_mask.png
482855,train,train/images/482855_sat.jpg,train/masks/482855_mask.png
482895,train,train/images/482895_sat.jpg,train/masks/482895_mask.png
483028,train,train/images/483028_sat.jpg,train/masks/483028_mask.png
48306,train,train/images/48306_sat.jpg,train/masks/48306_mask.png
483082,train,train/images/483082_sat.jpg,train/masks/483082_mask.png
483392,train,train/images/483392_sat.jpg,train/masks/483392_mask.png
483576,train,train/images/483576_sat.jpg,train/masks/483576_mask.png
483698,train,train/images/483698_sat.jpg,train/masks/483698_mask.png
48378,train,train/images/48378_sat.jpg,train/masks/48378_mask.png
483919,train,train/images/483919_sat.jpg,train/masks/483919_mask.png
483961,train,train/images/483961_sat.jpg,train/masks/483961_mask.png
48412,train,train/images/48412_sat.jpg,train/masks/48412_mask.png
484186,train,train/images/484186_sat.jpg,train/masks/484186_mask.png
48419,train,train/images/48419_sat.jpg,train/masks/48419_mask.png
484479,train,train/images/484479_sat.jpg,train/masks/484479_mask.png
484650,train,train/images/484650_sat.jpg,train/masks/484650_mask.png
484976,train,train/images/484976_sat.jpg,train/masks/484976_mask.png
485034,train,train/images/485034_sat.jpg,train/masks/485034_mask.png
485141,train,train/images/485141_sat.jpg,train/masks/485141_mask.png
485186,train,train/images/485186_sat.jpg,train/masks/485186_mask.png
485389,train,train/images/485389_sat.jpg,train/masks/485389_mask.png
485468,train,train/images/485468_sat.jpg,train/masks/485468_mask.png
485516,train,train/images/485516_sat.jpg,train/masks/485516_mask.png
485768,train,train/images/485768_sat.jpg,train/masks/485768_mask.png
485951,train,train/images/485951_sat.jpg,train/masks/485951_mask.png
486292,train,train/images/486292_sat.jpg,train/masks/486292_mask.png
486442,train,train/images/486442_sat.jpg,train/masks/486442_mask.png
486602,train,train/images/486602_sat.jpg,train/masks/486602_mask.png
48682,train,train/images/48682_sat.jpg,train/masks/48682_mask.png
486861,train,train/images/486861_sat.jpg,train/masks/486861_mask.png
487073,train,train/images/487073_sat.jpg,train/masks/487073_mask.png
48710,train,train/images/48710_sat.jpg,train/masks/48710_mask.png
487305,train,train/images/487305_sat.jpg,train/masks/487305_mask.png
48730,train,train/images/48730_sat.jpg,train/masks/48730_mask.png
487358,train,train/images/487358_sat.jpg,train/masks/487358_mask.png
487582,train,train/images/487582_sat.jpg,train/masks/487582_mask.png
487618,train,train/images/487618_sat.jpg,train/masks/487618_mask.png
487723,train,train/images/487723_sat.jpg,train/masks/487723_mask.png
487796,train,train/images/487796_sat.jpg,train/masks/487796_mask.png
48819,train,train/images/48819_sat.jpg,train/masks/48819_mask.png
488260,train,train/images/488260_sat.jpg,train/masks/488260_mask.png
488449,train,train/images/488449_sat.jpg,train/masks/488449_mask.png
48845,train,train/images/48845_sat.jpg,train/masks/48845_mask.png
488561,train,train/images/488561_sat.jpg,train/masks/488561_mask.png
488851,train,train/images/488851_sat.jpg,train/masks/488851_mask.png
48890,train,train/images/48890_sat.jpg,train/masks/48890_mask.png
489036,train,train/images/489036_sat.jpg,train/masks/489036_mask.png
489145,train,train/images/489145_sat.jpg,train/masks/489145_mask.png
489313,train,train/images/489313_sat.jpg,train/masks/489313_mask.png
489463,train,train/images/489463_sat.jpg,train/masks/489463_mask.png
489655,train,train/images/489655_sat.jpg,train/masks/489655_mask.png
489684,train,train/images/489684_sat.jpg,train/masks/489684_mask.png
489703,train,train/images/489703_sat.jpg,train/masks/489703_mask.png
489725,train,train/images/489725_sat.jpg,train/masks/489725_mask.png
489731,train,train/images/489731_sat.jpg,train/masks/489731_mask.png
489779,train,train/images/489779_sat.jpg,train/masks/489779_mask.png
489892,train,train/images/489892_sat.jpg,train/masks/489892_mask.png
490221,train,train/images/490221_sat.jpg,train/masks/490221_mask.png
4903,train,train/images/4903_sat.jpg,train/masks/4903_mask.png
49067,train,train/images/49067_sat.jpg,train/masks/49067_mask.png
490941,train,train/images/490941_sat.jpg,train/masks/490941_mask.png
491219,train,train/images/491219_sat.jpg,train/masks/491219_mask.png
491350,train,train/images/491350_sat.jpg,train/masks/491350_mask.png
491468,train,train/images/491468_sat.jpg,train/masks/491468_mask.png
491685,train,train/images/491685_sat.jpg,train/masks/491685_mask.png
491748,train,train/images/491748_sat.jpg,train/masks/491748_mask.png
491843,train,train/images/491843_sat.jpg,train/masks/491843_mask.png
491869,train,train/images/491869_sat.jpg,train/masks/491869_mask.png
491932,train,train/images/491932_sat.jpg,train/masks/491932_mask.png
491937,train,train/images/491937_sat.jpg,train/masks/491937_mask.png
491947,train,train/images/491947_sat.jpg,train/masks/491947_mask.png
492023,train,train/images/492023_sat.jpg,train/masks/492023_mask.png
492610,train,train/images/492610_sat.jpg,train/masks/492610_mask.png
492666,train,train/images/492666_sat.jpg,train/masks/492666_mask.png
492842,train,train/images/492842_sat.jpg,train/masks/492842_mask.png
492913,train,train/images/492913_sat.jpg,train/masks/492913_mask.png
492923,train,train/images/492923_sat.jpg,train/masks/492923_mask.png
49320,train,train/images/49320_sat.jpg,train/masks/49320_mask.png
49325,train,train/images/49325_sat.jpg,train/masks/49325_mask.png
493400,train,train/images/493400_sat.jpg,train/masks/493400_mask.png
493450,train,train/images/493450_sat.jpg,train/masks/493450_mask.png
493562,train,train/images/493562_sat.jpg,train/masks/493562_mask.png
493618,train,train/images/493618_sat.jpg,train/masks/493618_mask.png
493626,train,train/images/493626_sat.jpg,train/masks/493626_mask.png
493655,train,train/images/493655_sat.jpg,train/masks/493655_mask.png
493705,train,train/images/493705_sat.jpg,train/masks/493705_mask.png
493904,train,train/images/493904_sat.jpg,train/masks/493904_mask.png
494003,train,train/images/494003_sat.jpg,train/masks/494003_mask.png
494012,train,train/images/494012_sat.jpg,train/masks/494012_mask.png
494222,train,train/images/494222_sat.jpg,train/masks/494222_mask.png
49425,train,train/images/49425_sat.jpg,train/masks/49425_mask.png
494274,train,train/images/494274_sat.jpg,train/masks/494274_mask.png
49432,train,train/images/49432_sat.jpg,train/masks/49432_mask.png
494367,train,train/images/494367_sat.jpg,train/masks/494367_mask.png
494800,train,train/images/494800_sat.jpg,train/masks/494800_mask.png
495050,train,train/images/495050_sat.jpg,train/masks/495050_mask.png
495562,train,train/images/495562_sat.jpg,train/masks/495562_mask.png
495651,train,train/images/495651_sat.jpg,train/masks/495651_mask.png
495744,train,train/images/495744_sat.jpg,train/masks/495744_mask.png
49576,train,train/images/49576_sat.jpg,train/masks/49576_mask.png
495787,train,train/images/495787_sat.jpg,train/masks/495787_mask.png
495891,train,train/images/495891_sat.jpg,train/masks/495891_mask.png
496117,train,train/images/496117_sat.jpg,train/masks/496117_mask.png
496439,train,train/images/496439_sat.jpg,train/masks/496439_mask.png
497305,train,train/images/497305_sat.jpg,train/masks/497305_mask.png
497307,train,train/images/497307_sat.jpg,train/masks/497307_mask.png
497407,train,train/images/497407_sat.jpg,train/masks/497407_mask.png
497916,train,train/images/497916_sat.jpg,train/masks/497916_mask.png
497990,train,train/images/497990_sat.jpg,train/masks/497990_mask.png
499198,train,train/images/499198_sat.jpg,train/masks/499198_mask.png
499333,train,train/images/499333_sat.jpg,train/masks/499333_mask.png
499345,train,train/images/499345_sat.jpg,train/masks/499345_mask.png
499574,train,train/images/499574_sat.jpg,train/masks/499574_mask.png
499706,train,train/images/499706_sat.jpg,train/masks/499706_mask.png
49975,train,train/images/49975_sat.jpg,train/masks/49975_mask.png
499763,train,train/images/499763_sat.jpg,train/masks/499763_mask.png
49977,train,train/images/49977_sat.jpg,train/masks/49977_mask.png
499882,train,train/images/499882_sat.jpg,train/masks/499882_mask.png
499987,train,train/images/499987_sat.jpg,train/masks/499987_mask.png
500063,train,train/images/500063_sat.jpg,train/masks/500063_mask.png
500086,train,train/images/500086_sat.jpg,train/masks/500086_mask.png
500322,train,train/images/500322_sat.jpg,train/masks/500322_mask.png
50045,train,train/images/50045_sat.jpg,train/masks/50045_mask.png
500516,train,train/images/500516_sat.jpg,train/masks/500516_mask.png
500599,train,train/images/500599_sat.jpg,train/masks/500599_mask.png
500675,train,train/images/500675_sat.jpg,train/masks/500675_mask.png
500758,train,train/images/500758_sat.jpg,train/masks/500758_mask.png
50103,train,train/images/50103_sat.jpg,train/masks/50103_mask.png
501109,train,train/images/501109_sat.jpg,train/masks/501109_mask.png
501239,train,train/images/501239_sat.jpg,train/masks/501239_mask.png
501578,train,train/images/501578_sat.jpg,train/masks/501578_mask.png
501593,train,train/images/501593_sat.jpg,train/masks/501593_mask.png
501739,train,train/images/501739_sat.jpg,train/masks/501739_mask.png
501956,train,train/images/501956_sat.jpg,train/masks/501956_mask.png
501966,train,train/images/501966_sat.jpg,train/masks/501966_mask.png
502218,train,train/images/502218_sat.jpg,train/masks/502218_mask.png
502298,train,train/images/502298_sat.jpg,train/masks/502298_mask.png
502428,train,train/images/502428_sat.jpg,train/masks/502428_mask.png
502690,train,train/images/502690_sat.jpg,train/masks/502690_mask.png
502840,train,train/images/502840_sat.jpg,train/masks/502840_mask.png
502993,train,train/images/502993_sat.jpg,train/masks/502993_mask.png
503368,train,train/images/503368_sat.jpg,train/masks/503368_mask.png
503385,train,train/images/503385_sat.jpg,train/masks/503385_mask.png
503450,train,train/images/503450_sat.jpg,train/masks/503450_mask.png
503492,train,train/images/503492_sat.jpg,train/masks/503492_mask.png
50368,train,train/images/50368_sat.jpg,train/masks/50368_mask.png
503695,train,train/images/503695_sat.jpg,train/masks/503695_mask.png
503716,train,train/images/503716_sat.jpg,train/masks/503716_mask.png
503735,train,train/images/503735_sat.jpg,train/masks/503735_mask.png
503760,train,train/images/503760_sat.jpg,train/masks/503760_mask.png
503810,train,train/images/503810_sat.jpg,train/masks/503810_mask.png
503917,train,train/images/503917_sat.jpg,train/masks/503917_mask.png
504127,train,train/images/504127_sat.jpg,train/masks/504127_mask.png
504527,train,train/images/504527_sat.jpg,train/masks/504527_mask.png
504545,train,train/images/504545_sat.jpg,train/masks/504545_mask.png
504595,train,train/images/504595_sat.jpg,train/masks/504595_mask.png
504749,train,train/images/504749_sat.jpg,train/masks/504749_mask.png
504758,train,train/images/504758_sat.jpg,train/masks/504758_mask.png
505418,train,train/images/505418_sat.jpg,train/masks/505418_mask.png
505727,train,train/images/505727_sat.jpg,train/masks/505727_mask.png
505756,train,train/images/505756_sat.jpg,train/masks/505756_mask.png
506242,train,train/images/506242_sat.jpg,train/masks/506242_mask.png
506346,train,train/images/506346_sat.jpg,train/masks/506346_mask.png
50639,train,train/images/50639_sat.jpg,train/masks/50639_mask.png
506421,train,train/images/506421_sat.jpg,train/masks/506421_mask.png
506830,train,train/images/506830_sat.jpg,train/masks/506830_mask.png
507236,train,train/images/507236_sat.jpg,train/masks/507236_mask.png
507329,train,train/images/507329_sat.jpg,train/masks/507329_mask.png
507376,train,train/images/507376_sat.jpg,train/masks/507376_mask.png
507420,train,train/images/507420_sat.jpg,train/masks/507420_mask.png
50782,train,train/images/50782_sat.jpg,train/masks/50782_mask.png
508222,train,train/images/508222_sat.jpg,train/masks/508222_mask.png
508418,train,train/images/508418_sat.jpg,train/masks/508418_mask.png
508542,train,train/images/508542_sat.jpg,train/masks/508542_mask.png
508583,train,train/images/508583_sat.jpg,train/masks/508583_mask.png
508835,train,train/images/508835_sat.jpg,train/masks/508835_mask.png
508885,train,train/images/508885_sat.jpg,train/masks/508885_mask.png
508905,train,train/images/508905_sat.jpg,train/masks/508905_mask.png
508910,train,train/images/508910_sat.jpg,train/masks/508910_mask.png
508914,train,train/images/508914_sat.jpg,train/masks/508914_mask.png
508970,train,train/images/508970_sat.jpg,train/masks/508970_mask.png
509056,train,train/images/509056_sat.jpg,train/masks/509056_mask.png
509171,train,train/images/509171_sat.jpg,train/masks/509171_mask.png
50919,train,train/images/50919_sat.jpg,train/masks/50919_mask.png
509471,train,train/images/509471_sat.jpg,train/masks/509471_mask.png
509781,train,train/images/509781_sat.jpg,train/masks/509781_mask.png
510528,train,train/images/510528_sat.jpg,train/masks/510528_mask.png
511055,train,train/images/511055_sat.jpg,train/masks/511055_mask.png
511174,train,train/images/511174_sat.jpg,train/masks/511174_mask.png
511239,train,train/images/511239_sat.jpg,train/masks/511239_mask.png
511320,train,train/images/511320_sat.jpg,train/masks/511320_mask.png
511525,train,train/images/511525_sat.jpg,train/masks/511525_mask.png
511762,train,train/images/511762_sat.jpg,train/masks/511762_mask.png
511798,train,train/images/511798_sat.jpg,train/masks/511798_mask.png
511871,train,train/images/511871_sat.jpg,train/masks/511871_mask.png
511878,train,train/images/511878_sat.jpg,train/masks/511878_mask.png
512098,train,train/images/512098_sat.jpg,train/masks/512098_mask.png
512129,train,train/images/512129_sat.jpg,train/masks/512129_mask.png
512416,train,train/images/512416_sat.jpg,train/masks/512416_mask.png
51242,train,train/images/51242_sat.jpg,train/masks/51242_mask.png
512435,train,train/images/512435_sat.jpg,train/masks/512435_mask.png
512592,train,train/images/512592_sat.jpg,train/masks/512592_mask.png
512863,train,train/images/512863_sat.jpg,train/masks/512863_mask.png
513194,train,train/images/513194_sat.jpg,train/masks/513194_mask.png
513316,train,train/images/513316_sat.jpg,train/masks/513316_mask.png
513436,train,train/images/513436_sat.jpg,train/masks/513436_mask.png
513539,train,train/images/513539_sat.jpg,train/masks/513539_mask.png
513635,train,train/images/513635_sat.jpg,train/masks/513635_mask.png
513903,train,train/images/513903_sat.jpg,train/masks/513903_mask.png
514122,train,train/images/514122_sat.jpg,train/masks/514122_mask.png
514166,train,train/images/514166_sat.jpg,train/masks/514166_mask.png
514168,train,train/images/514168_sat.jpg,train/masks/514168_mask.png
514171,train,train/images/514171_sat.jpg,train/masks/514171_mask.png
514453,train,train/images/514453_sat.jpg,train/masks/514453_mask.png
514669,train,train/images/514669_sat.jpg,train/masks/514669_mask.png
514835,train,train/images/514835_sat.jpg,train/masks/514835_mask.png
515241,train,train/images/515241_sat.jpg,train/masks/515241_mask.png
515491,train,train/images/515491_sat.jpg,train/masks/515491_mask.png
515576,train,train/images/515576_sat.jpg,train/masks/515576_mask.png
515673,train,train/images/515673_sat.jpg,train/masks/515673_mask.png
515857,train,train/images/515857_sat.jpg,train/masks/515857_mask.png
515984,train,train/images/515984_sat.jpg,train/masks/515984_mask.png
516017,train,train/images/516017_sat.jpg,train/masks/516017_mask.png
51631,train,train/images/51631_sat.jpg,train/masks/51631_mask.png
51634,train,train/images/51634_sat.jpg,train/masks/51634_mask.png
516362,train,train/images/516362_sat.jpg,train/masks/516362_mask.png
516577,train,train/images/516577_sat.jpg,train/masks/516577_mask.png
516986,train,train/images/516986_sat.jpg,train/masks/516986_mask.png
517286,train,train/images/517286_sat.jpg,train/masks/517286_mask.png
517328,train,train/images/517328_sat.jpg,train/masks/517328_mask.png
517389,train,train/images/517389_sat.jpg,train/masks/517389_mask.png
517474,train,train/images/517474_sat.jpg,train/masks/517474_mask.png
518159,train,train/images/518159_sat.jpg,train/masks/518159_mask.png
518247,train,train/images/518247_sat.jpg,train/masks/518247_mask.png
518256,train,train/images/518256_sat.jpg,train/masks/518256_mask.png
518383,train,train/images/518383_sat.jpg,train/masks/518383_mask.png
518402,train,train/images/518402_sat.jpg,train/masks/518402_mask.png
518410,train,train/images/518410_sat.jpg,train/masks/518410_mask.png
518439,train,train/images/518439_sat.jpg,train/masks/518439_mask.png
51857,train,train/images/51857_sat.jpg,train/masks/51857_mask.png
518657,train,train/images/518657_sat.jpg,train/masks/518657_mask.png
519132,train,train/images/519132_sat.jpg,train/masks/519132_mask.png
51913,train,train/images/51913_sat.jpg,train/masks/51913_mask.png
519280,train,train/images/519280_sat.jpg,train/masks/519280_mask.png
519313,train,train/images/519313_sat.jpg,train/masks/519313_mask.png
519392,train,train/images/519392_sat.jpg,train/masks/519392_mask.png
519406,train,train/images/519406_sat.jpg,train/masks/519406_mask.png
519458,train,train/images/519458_sat.jpg,train/masks/519458_mask.png
51946,train,train/images/51946_sat.jpg,train/masks/51946_mask.png
519597,train,train/images/519597_sat.jpg,train/masks/519597_mask.png
519944,train,train/images/519944_sat.jpg,train/masks/519944_mask.png
520111,train,train/images/520111_sat.jpg,train/masks/520111_mask.png
52011,train,train/images/52011_sat.jpg,train/masks/52011_mask.png
520272,train,train/images/520272_sat.jpg,train/masks/520272_mask.png
520367,train,train/images/520367_sat.jpg,train/masks/520367_mask.png
52082,train,train/images/52082_sat.jpg,train/masks/52082_mask.png
521130,train,train/images/521130_sat.jpg,train/masks/521130_mask.png
521299,train,train/images/521299_sat.jpg,train/masks/521299_mask.png
521396,train,train/images/521396_sat.jpg,train/masks/521396_mask.png
521507,train,train/images/521507_sat.jpg,train/masks/521507_mask.png
521597,train,train/images/521597_sat.jpg,train/masks/521597_mask.png
521735,train,train/images/521735_sat.jpg,train/masks/521735_mask.png
52192,train,train/images/52192_sat.jpg,train/masks/52192_mask.png
521932,train,train/images/521932_sat.jpg,train/masks/521932_mask.png
522003,train,train/images/522003_sat.jpg,train/masks/522003_mask.png
522063,train,train/images/522063_sat.jpg,train/masks/522063_mask.png
522155,train,train/images/522155_sat.jpg,train/masks/522155_mask.png
522174,train,train/images/522174_sat.jpg,train/masks/522174_mask.png
522344,train,train/images/522344_sat.jpg,train/masks/522344_mask.png
522498,train,train/images/522498_sat.jpg,train/masks/522498_mask.png
522539,train,train/images/522539_sat.jpg,train/masks/522539_mask.png
522757,train,train/images/522757_sat.jpg,train/masks/522757_mask.png
522851,train,train/images/522851_sat.jpg,train/masks/522851_mask.png
522907,train,train/images/522907_sat.jpg,train/masks/522907_mask.png
522914,train,train/images/522914_sat.jpg,train/masks/522914_mask.png
523037,train,train/images/523037_sat.jpg,train/masks/523037_mask.png
52304,train,train/images/52304_sat.jpg,train/masks/52304_mask.png
523306,train,train/images/523306_sat.jpg,train/masks/523306_mask.png
523322,train,train/images/523322_sat.jpg,train/masks/523322_mask.png
523589,train,train/images/523589_sat.jpg,train/masks/523589_mask.png
523766,train,train/images/523766_sat.jpg,train/masks/523766_mask.png
523832,train,train/images/523832_sat.jpg,train/masks/523832_mask.png
523849,train,train/images/523849_sat.jpg,train/masks/523849_mask.png
523891,train,train/images/523891_sat.jpg,train/masks/523891_mask.png
524062,train,train/images/524062_sat.jpg,train/masks/524062_mask.png
52421,train,train/images/52421_sat.jpg,train/masks/52421_mask.png
524240,train,train/images/524240_sat.jpg,train/masks/524240_mask.png
524543,train,train/images/524543_sat.jpg,train/masks/524543_mask.png
52477,train,train/images/52477_sat.jpg,train/masks/52477_mask.png
524792,train,train/images/524792_sat.jpg,train/masks/524792_mask.png
524793,train,train/images/524793_sat.jpg,train/masks/524793_mask.png
52481,train,train/images/52481_sat.jpg,train/masks/52481_mask.png
524829,train,train/images/524829_sat.jpg,train/masks/524829_mask.png
524867,train,train/images/524867_sat.jpg,train/masks/524867_mask.png
524879,train,train/images/524879_sat.jpg,train/masks/524879_mask.png
524918,train,train/images/524918_sat.jpg,train/masks/524918_mask.png
525147,train,train/images/525147_sat.jpg,train/masks/525147_mask.png
525454,train,train/images/525454_sat.jpg,train/masks/525454_mask.png
525683,train,train/images/525683_sat.jpg,train/masks/525683_mask.png
525743,train,train/images/525743_sat.jpg,train/masks/525743_mask.png
52581,train,train/images/52581_sat.jpg,train/masks/52581_mask.png
525884,train,train/images/525884_sat.jpg,train/masks/525884_mask.png
525952,train,train/images/525952_sat.jpg,train/masks/525952_mask.png
525996,train,train/images/525996_sat.jpg,train/masks/525996_mask.png
525999,train,train/images/525999_sat.jpg,train/masks/525999_mask.png
526025,train,train/images/526025_sat.jpg,train/masks/526025_mask.png
526053,train,train/images/526053_sat.jpg,train/masks/526053_mask.png
526988,train,train/images/526988_sat.jpg,train/masks/526988_mask.png
527316,train,train/images/527316_sat.jpg,train/masks/527316_mask.png
52743,train,train/images/52743_sat.jpg,train/masks/52743_mask.png
527572,train,train/images/527572_sat.jpg,train/masks/527572_mask.png
527591,train,train/images/527591_sat.jpg,train/masks/527591_mask.png
5279,train,train/images/5279_sat.jpg,train/masks/5279_mask.png
528005,train,train/images/528005_sat.jpg,train/masks/528005_mask.png
528213,train,train/images/528213_sat.jpg,train/masks/528213_mask.png
528241,train,train/images/528241_sat.jpg,train/masks/528241_mask.png
528496,train,train/images/528496_sat.jpg,train/masks/528496_mask.png
52850,train,train/images/52850_sat.jpg,train/masks/52850_mask.png
528546,train,train/images/528546_sat.jpg,train/masks/528546_mask.png
528798,train,train/images/528798_sat.jpg,train/masks/528798_mask.png
528828,train,train/images/528828_sat.jpg,train/masks/528828_mask.png
529100,train,train/images/529100_sat.jpg,train/masks/529100_mask.png
529543,train,train/images/529543_sat.jpg,train/masks/529543_mask.png
529616,train,train/images/529616_sat.jpg,train/masks/529616_mask.png
529641,train,train/images/529641_sat.jpg,train/masks/529641_mask.png
529643,train,train/images/529643_sat.jpg,train/masks/529643_mask.png
529686,train,train/images/529686_sat.jpg,train/masks/529686_mask.png
529743,train,train/images/529743_sat.jpg,train/masks/529743_mask.png
529820,train,train/images/529820_sat.jpg,train/masks/529820_mask.png
529915,train,train/images/529915_sat.jpg,train/masks/529915_mask.png
530184,train,train/images/530184_sat.jpg,train/masks/530184_mask.png
530257,train,train/images/530257_sat.jpg,train/masks/530257_mask.png
53041,train,train/images/53041_sat.jpg,train/masks/53041_mask.png
530575,train,train/images/530575_sat.jpg,train/masks/530575_mask.png
530632,train,train/images/530632_sat.jpg,train/masks/530632_mask.png
53065,train,train/images/53065_sat.jpg,train/masks/53065_mask.png
530857,train,train/images/530857_sat.jpg,train/masks/530857_mask.png
531060,train,train/images/531060_sat.jpg,train/masks/531060_mask.png
531068,train,train/images/531068_sat.jpg,train/masks/531068_mask.png
53109,train,train/images/53109_sat.jpg,train/masks/53109_mask.png
531276,train,train/images/531276_sat.jpg,train/masks/531276_mask.png
531722,train,train/images/531722_sat.jpg,train/masks/531722_mask.png
53179,train,train/images/53179_sat.jpg,train/masks/53179_mask.png
531826,train,train/images/531826_sat.jpg,train/masks/531826_mask.png
531880,train,train/images/531880_sat.jpg,train/masks/531880_mask.png
532161,train,train/images/532161_sat.jpg,train/masks/532161_mask.png
532269,train,train/images/532269_sat.jpg,train/masks/532269_mask.png
532685,train,train/images/532685_sat.jpg,train/masks/532685_mask.png
532925,train,train/images/532925_sat.jpg,train/masks/532925_mask.png
533054,train,train/images/533054_sat.jpg,train/masks/533054_mask.png
533195,train,train/images/533195_sat.jpg,train/masks/533195_mask.png
53349,train,train/images/53349_sat.jpg,train/masks/53349_mask.png
533679,train,train/images/533679_sat.jpg,train/masks/533679_mask.png
533738,train,train/images/533738_sat.jpg,train/masks/533738_mask.png
534017,train,train/images/534017_sat.jpg,train/masks/534017_mask.png
534142,train,train/images/534142_sat.jpg,train/masks/534142_mask.png
534198,train,train/images/534198_sat.jpg,train/masks/534198_mask.png
534274,train,train/images/534274_sat.jpg,train/masks/534274_mask.png
534410,train,train/images/534410_sat.jpg,train/masks/534410_mask.png
534629,train,train/images/534629_sat.jpg,train/masks/534629_mask.png
534644,train,train/images/534644_sat.jpg,train/masks/534644_mask.png
534759,train,train/images/534759_sat.jpg,train/masks/534759_mask.png
534822,train,train/images/534822_sat.jpg,train/masks/534822_mask.png
534866,train,train/images/534866_sat.jpg,train/masks/534866_mask.png
535133,train,train/images/535133_sat.jpg,train/masks/535133_mask.png
535255,train,train/images/535255_sat.jpg,train/masks/535255_mask.png
535597,train,train/images/535597_sat.jpg,train/masks/535597_mask.png
535862,train,train/images/535862_sat.jpg,train/masks/535862_mask.png
536023,train,train/images/536023_sat.jpg,train/masks/536023_mask.png
536045,train,train/images/536045_sat.jpg,train/masks/536045_mask.png
536089,train,train/images/536089_sat.jpg,train/masks/536089_mask.png
536197,train,train/images/536197_sat.jpg,train/masks/536197_mask.png
536260,train,train/images/536260_sat.jpg,train/masks/536260_mask.png
536368,train,train/images/536368_sat.jpg,train/masks/536368_mask.png
536722,train,train/images/536722_sat.jpg,train/masks/536722_mask.png
537301,train,train/images/537301_sat.jpg,train/masks/537301_mask.png
537307,train,train/images/537307_sat.jpg,train/masks/537307_mask.png
537649,train,train/images/537649_sat.jpg,train/masks/537649_mask.png
537715,train,train/images/537715_sat.jpg,train/masks/537715_mask.png
537833,train,train/images/537833_sat.jpg,train/masks/537833_mask.png
537862,train,train/images/537862_sat.jpg,train/masks/537862_mask.png
538058,train,train/images/538058_sat.jpg,train/masks/538058_mask.png
538197,train,train/images/538197_sat.jpg,train/masks/538197_mask.png
538270,train,train/images/538270_sat.jpg,train/masks/538270_mask.png
538331,train,train/images/538331_sat.jpg,train/masks/538331_mask.png
5386,train,train/images/5386_sat.jpg,train/masks/5386_mask.png
538786,train,train/images/538786_sat.jpg,train/masks/538786_mask.png
538837,train,train/images/538837_sat.jpg,train/masks/538837_mask.png
538884,train,train/images/538884_sat.jpg,train/masks/538884_mask.png
538961,train,train/images/538961_sat.jpg,train/masks/538961_mask.png
539039,train,train/images/539039_sat.jpg,train/masks/539039_mask.png
539138,train,train/images/539138_sat.jpg,train/masks/539138_mask.png
539191,train,train/images/539191_sat.jpg,train/masks/539191_mask.png
539249,train,train/images/539249_sat.jpg,train/masks/539249_mask.png
539391,train,train/images/539391_sat.jpg,train/masks/539391_mask.png
539751,train,train/images/539751_sat.jpg,train/masks/539751_mask.png
539996,train,train/images/539996_sat.jpg,train/masks/539996_mask.png
540111,train,train/images/540111_sat.jpg,train/masks/540111_mask.png
54024,train,train/images/54024_sat.jpg,train/masks/54024_mask.png
540679,train,train/images/540679_sat.jpg,train/masks/540679_mask.png
540699,train,train/images/540699_sat.jpg,train/masks/540699_mask.png
540706,train,train/images/540706_sat.jpg,train/masks/540706_mask.png
540725,train,train/images/540725_sat.jpg,train/masks/540725_mask.png
540983,train,train/images/540983_sat.jpg,train/masks/540983_mask.png
541097,train,train/images/541097_sat.jpg,train/masks/541097_mask.png
541364,train,train/images/541364_sat.jpg,train/masks/541364_mask.png
541430,train,train/images/541430_sat.jpg,train/masks/541430_mask.png
5415,train,train/images/5415_sat.jpg,train/masks/5415_mask.png
541703,train,train/images/541703_sat.jpg,train/masks/541703_mask.png
541950,train,train/images/541950_sat.jpg,train/masks/541950_mask.png
541,train,train/images/541_sat.jpg,train/masks/541_mask.png
542502,train,train/images/542502_sat.jpg,train/masks/542502_mask.png
542648,train,train/images/542648_sat.jpg,train/masks/542648_mask.png
542856,train,train/images/542856_sat.jpg,train/masks/542856_mask.png
543006,train,train/images/543006_sat.jpg,train/masks/543006_mask.png
543558,train,train/images/543558_sat.jpg,train/masks/543558_mask.png
543577,train,train/images/543577_sat.jpg,train/masks/543577_mask.png
543609,train,train/images/543609_sat.jpg,train/masks/543609_mask.png
543812,train,train/images/543812_sat.jpg,train/masks/543812_mask.png
543827,train,train/images/543827_sat.jpg,train/masks/543827_mask.png
544055,train,train/images/544055_sat.jpg,train/masks/544055_mask.png
544381,train,train/images/544381_sat.jpg,train/masks/544381_mask.png
544660,train,train/images/544660_sat.jpg,train/masks/544660_mask.png
544705,train,train/images/544705_sat.jpg,train/masks/544705_mask.png
545004,train,train/images/545004_sat.jpg,train/masks/545004_mask.png
545721,train,train/images/545721_sat.jpg,train/masks/545721_mask.png
545764,train,train/images/545764_sat.jpg,train/masks/545764_mask.png
545986,train,train/images/545986_sat.jpg,train/masks/545986_mask.png
546104,train,train/images/546104_sat.jpg,train/masks/546104_mask.png
54635,train,train/images/54635_sat.jpg,train/masks/54635_mask.png
546562,train,train/images/546562_sat.jpg,train/masks/546562_mask.png
546608,train,train/images/546608_sat.jpg,train/masks/546608_mask.png
546615,train,train/images/546615_sat.jpg,train/masks/546615_mask.png
546662,train,train/images/546662_sat.jpg,train/masks/546662_mask.png
546811,train,train/images/546811_sat.jpg,train/masks/546811_mask.png
547154,train,train/images/547154_sat.jpg,train/masks/547154_mask.png
547238,train,train/images/547238_sat.jpg,train/masks/547238_mask.png
547364,train,train/images/547364_sat.jpg,train/masks/547364_mask.png
547924,train,train/images/547924_sat.jpg,train/masks/547924_mask.png
547926,train,train/images/547926_sat.jpg,train/masks/547926_mask.png
547941,train,train/images/547941_sat.jpg,train/masks/547941_mask.png
548256,train,train/images/548256_sat.jpg,train/masks/548256_mask.png
548282,train,train/images/548282_sat.jpg,train/masks/548282_mask.png
548420,train,train/images/548420_sat.jpg,train/masks/548420_mask.png
548550,train,train/images/548550_sat.jpg,train/masks/548550_mask.png
548912,train,train/images/548912_sat.jpg,train/masks/548912_mask.png
549429,train,train/images/549429_sat.jpg,train/masks/549429_mask.png
549767,train,train/images/549767_sat.jpg,train/masks/549767_mask.png
549813,train,train/images/549813_sat.jpg,train/masks/549813_mask.png
549863,train,train/images/549863_sat.jpg,train/masks/549863_mask.png
550136,train,train/images/550136_sat.jpg,train/masks/550136_mask.png
5501,train,train/images/5501_sat.jpg,train/masks/5501_mask.png
550467,train,train/images/550467_sat.jpg,train/masks/550467_mask.png
550477,train,train/images/550477_sat.jpg,train/masks/550477_mask.png
550516,train,train/images/550516_sat.jpg,train/masks/550516_mask.png
550549,train,train/images/550549_sat.jpg,train/masks/550549_mask.png
55062,train,train/images/55062_sat.jpg,train/masks/55062_mask.png
551019,train,train/images/551019_sat.jpg,train/masks/551019_mask.png
551404,train,train/images/551404_sat.jpg,train/masks/551404_mask.png
551562,train,train/images/551562_sat.jpg,train/masks/551562_mask.png
551684,train,train/images/551684_sat.jpg,train/masks/551684_mask.png
551940,train,train/images/551940_sat.jpg,train/masks/551940_mask.png
551957,train,train/images/551957_sat.jpg,train/masks/551957_mask.png
552120,train,train/images/552120_sat.jpg,train/masks/552120_mask.png
552162,train,train/images/552162_sat.jpg,train/masks/552162_mask.png
552300,train,train/images/552300_sat.jpg,train/masks/552300_mask.png
552311,train,train/images/552311_sat.jpg,train/masks/552311_mask.png
552324,train,train/images/552324_sat.jpg,train/masks/552324_mask.png
5523,train,train/images/5523_sat.jpg,train/masks/5523_mask.png
552424,train,train/images/552424_sat.jpg,train/masks/552424_mask.png
552530,train,train/images/552530_sat.jpg,train/masks/552530_mask.png
55261,train,train/images/55261_sat.jpg,train/masks/55261_mask.png
552708,train,train/images/552708_sat.jpg,train/masks/552708_mask.png
553521,train,train/images/553521_sat.jpg,train/masks/553521_mask.png
553996,train,train/images/553996_sat.jpg,train/masks/553996_mask.png
554086,train,train/images/554086_sat.jpg,train/masks/554086_mask.png
55447,train,train/images/55447_sat.jpg,train/masks/55447_mask.png
554528,train,train/images/554528_sat.jpg,train/masks/554528_mask.png
554895,train,train/images/554895_sat.jpg,train/masks/554895_mask.png
554966,train,train/images/554966_sat.jpg,train/masks/554966_mask.png
555181,train,train/images/555181_sat.jpg,train/masks/555181_mask.png
555329,train,train/images/555329_sat.jpg,train/masks/555329_mask.png
5555,train,train/images/5555_sat.jpg,train/masks/5555_mask.png
555610,train,train/images/555610_sat.jpg,train/masks/555610_mask.png
555777,train,train/images/555777_sat.jpg,train/masks/555777_mask.png
556106,train,train/images/556106_sat.jpg,train/masks/556106_mask.png
556251,train,train/images/556251_sat.jpg,train/masks/556251_mask.png
556272,train,train/images/556272_sat.jpg,train/masks/556272_mask.png
556565,train,train/images/556565_sat.jpg,train/masks/556565_mask.png
556624,train,train/images/556624_sat.jpg,train/masks/556624_mask.png
556651,train,train/images/556651_sat.jpg,train/masks/556651_mask.png
557198,train,train/images/557198_sat.jpg,train/masks/557198_mask.png
557244,train,train/images/557244_sat.jpg,train/masks/557244_mask.png
557532,train,train/images/557532_sat.jpg,train/masks/557532_mask.png
558167,train,train/images/558167_sat.jpg,train/masks/558167_mask.png
55826,train,train/images/55826_sat.jpg,train/masks/55826_mask.png
558336,train,train/images/558336_sat.jpg,train/masks/558336_mask.png
558585,train,train/images/558585_sat.jpg,train/masks/558585_mask.png
558593,train,train/images/558593_sat.jpg,train/masks/558593_mask.png
558937,train,train/images/558937_sat.jpg,train/masks/558937_mask.png
559203,train,train/images/559203_sat.jpg,train/masks/559203_mask.png
559237,train,train/images/559237_sat.jpg,train/masks/559237_mask.png
559320,train,train/images/559320_sat.jpg,train/masks/559320_mask.png
559550,train,train/images/559550_sat.jpg,train/masks/559550_mask.png
559771,train,train/images/559771_sat.jpg,train/masks/559771_mask.png
559864,train,train/images/559864_sat.jpg,train/masks/559864_mask.png
56001,train,train/images/56001_sat.jpg,train/masks/56001_mask.png
560064,train,train/images/560064_sat.jpg,train/masks/560064_mask.png
560262,train,train/images/560262_sat.jpg,train/masks/560262_mask.png
560779,train,train/images/560779_sat.jpg,train/masks/560779_mask.png
561005,train,train/images/561005_sat.jpg,train/masks/561005_mask.png
561049,train,train/images/561049_sat.jpg,train/masks/561049_mask.png
561133,train,train/images/561133_sat.jpg,train/masks/561133_mask.png
561152,train,train/images/561152_sat.jpg,train/masks/561152_mask.png
561170,train,train/images/561170_sat.jpg,train/masks/561170_mask.png
561599,train,train/images/561599_sat.jpg,train/masks/561599_mask.png
561840,train,train/images/561840_sat.jpg,train/masks/561840_mask.png
561896,train,train/images/561896_sat.jpg,train/masks/561896_mask.png
562433,train,train/images/562433_sat.jpg,train/masks/562433_mask.png
562586,train,train/images/562586_sat.jpg,train/masks/562586_mask.png
562,train,train/images/562_sat.jpg,train/masks/562_mask.png
563058,train,train/images/563058_sat.jpg,train/masks/563058_mask.png
563131,train,train/images/563131_sat.jpg,train/masks/563131_mask.png
563197,train,train/images/563197_sat.jpg,train/masks/563197_mask.png
563354,train,train/images/563354_sat.jpg,train/masks/563354_mask.png
563528,train,train/images/563528_sat.jpg,train/masks/563528_mask.png
563569,train,train/images/563569_sat.jpg,train/masks/563569_mask.png
563695,train,train/images/563695_sat.jpg,train/masks/563695_mask.png
56371,train,train/images/56371_sat.jpg,train/masks/56371_mask.png
563801,train,train/images/563801_sat.jpg,train/masks/563801_mask.png
563983,train,train/images/563983_sat.jpg,train/masks/563983_mask.png
564006,train,train/images/564006_sat.jpg,train/masks/564006_mask.png
56417,train,train/images/56417_sat.jpg,train/masks/56417_mask.png
564189,train,train/images/564189_sat.jpg,train/masks/564189_mask.png
56456,train,train/images/56456_sat.jpg,train/masks/56456_mask.png
56468,train,train/images/56468_sat.jpg,train/masks/56468_mask.png
564839,train,train/images/564839_sat.jpg,train/masks/564839_mask.png
564885,train,train/images/564885_sat.jpg,train/masks/564885_mask.png
565072,train,train/images/565072_sat.jpg,train/masks/565072_mask.png
565112,train,train/images/565112_sat.jpg,train/masks/565112_mask.png
565207,train,train/images/565207_sat.jpg,train/masks/565207_mask.png
565294,train,train/images/565294_sat.jpg,train/masks/565294_mask.png
565512,train,train/images/565512_sat.jpg,train/masks/565512_mask.png
565689,train,train/images/565689_sat.jpg,train/masks/565689_mask.png
565871,train,train/images/565871_sat.jpg,train/masks/565871_mask.png
565891,train,train/images/565891_sat.jpg,train/masks/565891_mask.png
566139,train,train/images/566139_sat.jpg,train/masks/566139_mask.png
566430,train,train/images/566430_sat.jpg,train/masks/566430_mask.png
566463,train,train/images/566463_sat.jpg,train/masks/566463_mask.png
566479,train,train/images/566479_sat.jpg,train/masks/566479_mask.png
566503,train,train/images/566503_sat.jpg,train/masks/566503_mask.png
566521,train,train/images/566521_sat.jpg,train/masks/566521_mask.png
56652,train,train/images/56652_sat.jpg,train/masks/56652_mask.png
566750,train,train/images/566750_sat.jpg,train/masks/566750_mask.png
566788,train,train/images/566788_sat.jpg,train/masks/566788_mask.png
566823,train,train/images/566823_sat.jpg,train/masks/566823_mask.png
566886,train,train/images/566886_sat.jpg,train/masks/566886_mask.png
5668,train,train/images/5668_sat.jpg,train/masks/5668_mask.png
566987,train,train/images/566987_sat.jpg,train/masks/566987_mask.png
567141,train,train/images/567141_sat.jpg,train/masks/567141_mask.png
567147,train,train/images/567147_sat.jpg,train/masks/567147_mask.png
567448,train,train/images/567448_sat.jpg,train/masks/567448_mask.png
567642,train,train/images/567642_sat.jpg,train/masks/567642_mask.png
567919,train,train/images/567919_sat.jpg,train/masks/567919_mask.png
567935,train,train/images/567935_sat.jpg,train/masks/567935_mask.png
567954,train,train/images/567954_sat.jpg,train/masks/567954_mask.png
568254,train,train/images/568254_sat.jpg,train/masks/568254_mask.png
568345,train,train/images/568345_sat.jpg,train/masks/568345_mask.png
568403,train,train/images/568403_sat.jpg,train/masks/568403_mask.png
56845,train,train/images/56845_sat.jpg,train/masks/56845_mask.png
569406,train,train/images/569406_sat.jpg,train/masks/569406_mask.png
569455,train,train/images/569455_sat.jpg,train/masks/569455_mask.png
569545,train,train/images/569545_sat.jpg,train/masks/569545_mask.png
569680,train,train/images/569680_sat.jpg,train/masks/569680_mask.png
569697,train,train/images/569697_sat.jpg,train/masks/569697_mask.png
569918,train,train/images/569918_sat.jpg,train/masks/569918_mask.png
569971,train,train/images/569971_sat.jpg,train/masks/569971_mask.png
569991,train,train/images/569991_sat.jpg,train/masks/569991_mask.png
570163,train,train/images/570163_sat.jpg,train/masks/570163_mask.png
570197,train,train/images/570197_sat.jpg,train/masks/570197_mask.png
570612,train,train/images/570612_sat.jpg,train/masks/570612_mask.png
570749,train,train/images/570749_sat.jpg,train/masks/570749_mask.png
570954,train,train/images/570954_sat.jpg,train/masks/570954_mask.png
571251,train,train/images/571251_sat.jpg,train/masks/571251_mask.png
571341,train,train/images/571341_sat.jpg,train/masks/571341_mask.png
571624,train,train/images/571624_sat.jpg,train/masks/571624_mask.png
571802,train,train/images/571802_sat.jpg,train/masks/571802_mask.png
571809,train,train/images/571809_sat.jpg,train/masks/571809_mask.png
572289,train,train/images/572289_sat.jpg,train/masks/572289_mask.png
572490,train,train/images/572490_sat.jpg,train/masks/572490_mask.png
572614,train,train/images/572614_sat.jpg,train/masks/572614_mask.png
572634,train,train/images/572634_sat.jpg,train/masks/572634_mask.png
572651,train,train/images/572651_sat.jpg,train/masks/572651_mask.png
572797,train,train/images/572797_sat.jpg,train/masks/572797_mask.png
572809,train,train/images/572809_sat.jpg,train/masks/572809_mask.png
572867,train,train/images/572867_sat.jpg,train/masks/572867_mask.png
573331,train,train/images/573331_sat.jpg,train/masks/573331_mask.png
573365,train,train/images/573365_sat.jpg,train/masks/573365_mask.png
57377,train,train/images/57377_sat.jpg,train/masks/57377_mask.png
573888,train,train/images/573888_sat.jpg,train/masks/573888_mask.png
574010,train,train/images/574010_sat.jpg,train/masks/574010_mask.png
574091,train,train/images/574091_sat.jpg,train/masks/574091_mask.png
5740,train,train/images/5740_sat.jpg,train/masks/5740_mask.png
574172,train,train/images/574172_sat.jpg,train/masks/574172_mask.png
574311,train,train/images/574311_sat.jpg,train/masks/574311_mask.png
574395,train,train/images/574395_sat.jpg,train/masks/574395_mask.png
574420,train,train/images/574420_sat.jpg,train/masks/574420_mask.png
574494,train,train/images/574494_sat.jpg,train/masks/574494_mask.png
574546,train,train/images/574546_sat.jpg,train/masks/574546_mask.png
574592,train,train/images/574592_sat.jpg,train/masks/574592_mask.png
574652,train,train/images/574652_sat.jpg,train/masks/574652_mask.png
574721,train,train/images/574721_sat.jpg,train/masks/574721_mask.png
575268,train,train/images/575268_sat.jpg,train/masks/575268_mask.png
575549,train,train/images/575549_sat.jpg,train/masks/575549_mask.png
575556,train,train/images/575556_sat.jpg,train/masks/575556_mask.png
575577,train,train/images/575577_sat.jpg,train/masks/575577_mask.png
575623,train,train/images/575623_sat.jpg,train/masks/575623_mask.png
575698,train,train/images/575698_sat.jpg,train/masks/575698_mask.png
575817,train,train/images/575817_sat.jpg,train/masks/575817_mask.png
57595,train,train/images/57595_sat.jpg,train/masks/57595_mask.png
576071,train,train/images/576071_sat.jpg,train/masks/576071_mask.png
576096,train,train/images/576096_sat.jpg,train/masks/576096_mask.png
576228,train,train/images/576228_sat.jpg,train/masks/576228_mask.png
576266,train,train/images/576266_sat.jpg,train/masks/576266_mask.png
576302,train,train/images/576302_sat.jpg,train/masks/576302_mask.png
57632,train,train/images/57632_sat.jpg,train/masks/57632_mask.png
57645,train,train/images/57645_sat.jpg,train/masks/57645_mask.png
576818,train,train/images/576818_sat.jpg,train/masks/576818_mask.png
576981,train,train/images/576981_sat.jpg,train/masks/576981_mask.png
577027,train,train/images/577027_sat.jpg,train/masks/577027_mask.png
577078,train,train/images/577078_sat.jpg,train/masks/577078_mask.png
577208,train,train/images/577208_sat.jpg,train/masks/577208_mask.png
577294,train,train/images/577294_sat.jpg,train/masks/577294_mask.png
577350,train,train/images/577350_sat.jpg,train/masks/577350_mask.png
577422,train,train/images/577422_sat.jpg,train/masks/577422_mask.png
577480,train,train/images/577480_sat.jpg,train/masks/577480_mask.png
577610,train,train/images/577610_sat.jpg,train/masks/577610_mask.png
577799,train,train/images/577799_sat.jpg,train/masks/577799_mask.png
57809,train,train/images/57809_sat.jpg,train/masks/57809_mask.png
578203,train,train/images/578203_sat.jpg,train/masks/578203_mask.png
578247,train,train/images/578247_sat.jpg,train/masks/578247_mask.png
578379,train,train/images/578379_sat.jpg,train/masks/578379_mask.png
578480,train,train/images/578480_sat.jpg,train/masks/578480_mask.png
578692,train,train/images/578692_sat.jpg,train/masks/578692_mask.png
578957,train,train/images/578957_sat.jpg,train/masks/578957_mask.png
579118,train,train/images/579118_sat.jpg,train/masks/579118_mask.png
579481,train,train/images/579481_sat.jpg,train/masks/579481_mask.png
579735,train,train/images/579735_sat.jpg,train/masks/579735_mask.png
579837,train,train/images/579837_sat.jpg,train/masks/579837_mask.png
580246,train,train/images/580246_sat.jpg,train/masks/580246_mask.png
580385,train,train/images/580385_sat.jpg,train/masks/580385_mask.png
580455,train,train/images/580455_sat.jpg,train/masks/580455_mask.png
580468,train,train/images/580468_sat.jpg,train/masks/580468_mask.png
58053,train,train/images/58053_sat.jpg,train/masks/58053_mask.png
580674,train,train/images/580674_sat.jpg,train/masks/580674_mask.png
580959,train,train/images/580959_sat.jpg,train/masks/580959_mask.png
581284,train,train/images/581284_sat.jpg,train/masks/581284_mask.png
581535,train,train/images/581535_sat.jpg,train/masks/581535_mask.png
581664,train,train/images/581664_sat.jpg,train/masks/581664_mask.png
581698,train,train/images/581698_sat.jpg,train/masks/581698_mask.png
581725,train,train/images/581725_sat.jpg,train/masks/581725_mask.png
581915,train,train/images/581915_sat.jpg,train/masks/581915_mask.png
582163,train,train/images/582163_sat.jpg,train/masks/582163_mask.png
582270,train,train/images/582270_sat.jpg,train/masks/582270_mask.png
582585,train,train/images/582585_sat.jpg,train/masks/582585_mask.png
582820,train,train/images/582820_sat.jpg,train/masks/582820_mask.png
582884,train,train/images/582884_sat.jpg,train/masks/582884_mask.png
582928,train,train/images/582928_sat.jpg,train/masks/582928_mask.png
582996,train,train/images/582996_sat.jpg,train/masks/582996_mask.png
583499,train,train/images/583499_sat.jpg,train/masks/583499_mask.png
583530,train,train/images/583530_sat.jpg,train/masks/583530_mask.png
583564,train,train/images/583564_sat.jpg,train/masks/583564_mask.png
583569,train,train/images/583569_sat.jpg,train/masks/583569_mask.png
583583,train,train/images/583583_sat.jpg,train/masks/583583_mask.png
583637,train,train/images/583637_sat.jpg,train/masks/583637_mask.png
583754,train,train/images/583754_sat.jpg,train/masks/583754_mask.png
583858,train,train/images/583858_sat.jpg,train/masks/583858_mask.png
583970,train,train/images/583970_sat.jpg,train/masks/583970_mask.png
584026,train,train/images/584026_sat.jpg,train/masks/584026_mask.png
584130,train,train/images/584130_sat.jpg,train/masks/584130_mask.png
584245,train,train/images/584245_sat.jpg,train/masks/584245_mask.png
584345,train,train/images/584345_sat.jpg,train/masks/584345_mask.png
584527,train,train/images/584527_sat.jpg,train/masks/584527_mask.png
584565,train,train/images/584565_sat.jpg,train/masks/584565_mask.png
584677,train,train/images/584677_sat.jpg,train/masks/584677_mask.png
585134,train,train/images/585134_sat.jpg,train/masks/585134_mask.png
585172,train,train/images/585172_sat.jpg,train/masks/585172_mask.png
585197,train,train/images/585197_sat.jpg,train/masks/585197_mask.png
585200,train,train/images/585200_sat.jpg,train/masks/585200_mask.png
585417,train,train/images/585417_sat.jpg,train/masks/585417_mask.png
585486,train,train/images/585486_sat.jpg,train/masks/585486_mask.png
585609,train,train/images/585609_sat.jpg,train/masks/585609_mask.png
58569,train,train/images/58569_sat.jpg,train/masks/58569_mask.png
585992,train,train/images/585992_sat.jpg,train/masks/585992_mask.png
586070,train,train/images/586070_sat.jpg,train/masks/586070_mask.png
586090,train,train/images/586090_sat.jpg,train/masks/586090_mask.png
586239,train,train/images/586239_sat.jpg,train/masks/586239_mask.png
586422,train,train/images/586422_sat.jpg,train/masks/586422_mask.png
586635,train,train/images/586635_sat.jpg,train/masks/586635_mask.png
586983,train,train/images/586983_sat.jpg,train/masks/586983_mask.png
587045,train,train/images/587045_sat.jpg,train/masks/587045_mask.png
587283,train,train/images/587283_sat.jpg,train/masks/587283_mask.png
58733,train,train/images/58733_sat.jpg,train/masks/58733_mask.png
587820,train,train/images/587820_sat.jpg,train/masks/587820_mask.png
587857,train,train/images/587857_sat.jpg,train/masks/587857_mask.png
588160,train,train/images/588160_sat.jpg,train/masks/588160_mask.png
588289,train,train/images/588289_sat.jpg,train/masks/588289_mask.png
588627,train,train/images/588627_sat.jpg,train/masks/588627_mask.png
588923,train,train/images/588923_sat.jpg,train/masks/588923_mask.png
589088,train,train/images/589088_sat.jpg,train/masks/589088_mask.png
589337,train,train/images/589337_sat.jpg,train/masks/589337_mask.png
589420,train,train/images/589420_sat.jpg,train/masks/589420_mask.png
589551,train,train/images/589551_sat.jpg,train/masks/589551_mask.png
589954,train,train/images/589954_sat.jpg,train/masks/589954_mask.png
590035,train,train/images/590035_sat.jpg,train/masks/590035_mask.png
590066,train,train/images/590066_sat.jpg,train/masks/590066_mask.png
590105,train,train/images/590105_sat.jpg,train/masks/590105_mask.png
590402,train,train/images/590402_sat.jpg,train/masks/590402_mask.png
590465,train,train/images/590465_sat.jpg,train/masks/590465_mask.png
590576,train,train/images/590576_sat.jpg,train/masks/590576_mask.png
590750,train,train/images/590750_sat.jpg,train/masks/590750_mask.png
590949,train,train/images/590949_sat.jpg,train/masks/590949_mask.png
59116,train,train/images/59116_sat.jpg,train/masks/59116_mask.png
59174,train,train/images/59174_sat.jpg,train/masks/59174_mask.png
591818,train,train/images/591818_sat.jpg,train/masks/591818_mask.png
591921,train,train/images/591921_sat.jpg,train/masks/591921_mask.png
592026,train,train/images/592026_sat.jpg,train/masks/592026_mask.png
592128,train,train/images/592128_sat.jpg,train/masks/592128_mask.png
592314,train,train/images/592314_sat.jpg,train/masks/592314_mask.png
592427,train,train/images/592427_sat.jpg,train/masks/592427_mask.png
592441,train,train/images/592441_sat.jpg,train/masks/592441_mask.png
592455,train,train/images/592455_sat.jpg,train/masks/592455_mask.png
592479,train,train/images/592479_sat.jpg,train/masks/592479_mask.png
59251,train,train/images/59251_sat.jpg,train/masks/59251_mask.png
592891,train,train/images/592891_sat.jpg,train/masks/592891_mask.png
592931,train,train/images/592931_sat.jpg,train/masks/592931_mask.png
592967,train,train/images/592967_sat.jpg,train/masks/592967_mask.png
592996,train,train/images/592996_sat.jpg,train/masks/592996_mask.png
593063,train,train/images/593063_sat.jpg,train/masks/593063_mask.png
593096,train,train/images/593096_sat.jpg,train/masks/593096_mask.png
593161,train,train/images/593161_sat.jpg,train/masks/593161_mask.png
593191,train,train/images/593191_sat.jpg,train/masks/593191_mask.png
593246,train,train/images/593246_sat.jpg,train/masks/593246_mask.png
59340,train,train/images/59340_sat.jpg,train/masks/59340_mask.png
593587,train,train/images/593587_sat.jpg,train/masks/593587_mask.png
593632,train,train/images/593632_sat.jpg,train/masks/593632_mask.png
593764,train,train/images/593764_sat.jpg,train/masks/593764_mask.png
593963,train,train/images/593963_sat.jpg,train/masks/593963_mask.png
594026,train,train/images/594026_sat.jpg,train/masks/594026_mask.png
594066,train,train/images/594066_sat.jpg,train/masks/594066_mask.png
594108,train,train/images/594108_sat.jpg,train/masks/594108_mask.png
594189,train,train/images/594189_sat.jpg,train/masks/594189_mask.png
594262,train,train/images/594262_sat.jpg,train/masks/594262_mask.png
594274,train,train/images/594274_sat.jpg,train/masks/594274_mask.png
594358,train,train/images/594358_sat.jpg,train/masks/594358_mask.png
59461,train,train/images/59461_sat.jpg,train/masks/59461_mask.png
594703,train,train/images/594703_sat.jpg,train/masks/594703_mask.png
594709,train,train/images/594709_sat.jpg,train/masks/594709_mask.png
5947,train,train/images/5947_sat.jpg,train/masks/5947_mask.png
594865,train,train/images/594865_sat.jpg,train/masks/594865_mask.png
595090,train,train/images/595090_sat.jpg,train/masks/595090_mask.png
595454,train,train/images/595454_sat.jpg,train/masks/595454_mask.png
59554,train,train/images/59554_sat.jpg,train/masks/59554_mask.png
595564,train,train/images/595564_sat.jpg,train/masks/595564_mask.png
595717,train,train/images/595717_sat.jpg,train/masks/595717_mask.png
595773,train,train/images/595773_sat.jpg,train/masks/595773_mask.png
595983,train,train/images/595983_sat.jpg,train/masks/595983_mask.png
596179,train,train/images/596179_sat.jpg,train/masks/596179_mask.png
596572,train,train/images/596572_sat.jpg,train/masks/596572_mask.png
596573,train,train/images/596573_sat.jpg,train/masks/596573_mask.png
596747,train,train/images/596747_sat.jpg,train/masks/596747_mask.png
59675,train,train/images/59675_sat.jpg,train/masks/59675_mask.png
596771,train,train/images/596771_sat.jpg,train/masks/596771_mask.png
596772,train,train/images/596772_sat.jpg,train/masks/596772_mask.png
596940,train,train/images/596940_sat.jpg,train/masks/596940_mask.png
596954,train,train/images/596954_sat.jpg,train/masks/596954_mask.png
597231,train,train/images/597231_sat.jpg,train/masks/597231_mask.png
597361,train,train/images/597361_sat.jpg,train/masks/597361_mask.png
597397,train,train/images/597397_sat.jpg,train/masks/597397_mask.png
597518,train,train/images/597518_sat.jpg,train/masks/597518_mask.png
597644,train,train/images/597644_sat.jpg,train/masks/597644_mask.png
597803,train,train/images/597803_sat.jpg,train/masks/597803_mask.png
597812,train,train/images/597812_sat.jpg,train/masks/597812_mask.png
597934,train,train/images/597934_sat.jpg,train/masks/597934_mask.png
59797,train,train/images/59797_sat.jpg,train/masks/59797_mask.png
598017,train,train/images/598017_sat.jpg,train/masks/598017_mask.png
59805,train,train/images/59805_sat.jpg,train/masks/59805_mask.png
59830,train,train/images/59830_sat.jpg,train/masks/59830_mask.png
598497,train,train/images/598497_sat.jpg,train/masks/598497_mask.png
598580,train,train/images/598580_sat.jpg,train/masks/598580_mask.png
599143,train,train/images/599143_sat.jpg,train/masks/599143_mask.png
599864,train,train/images/599864_sat.jpg,train/masks/599864_mask.png
599941,train,train/images/599941_sat.jpg,train/masks/599941_mask.png
599967,train,train/images/599967_sat.jpg,train/masks/599967_mask.png
600147,train,train/images/600147_sat.jpg,train/masks/600147_mask.png
600175,train,train/images/600175_sat.jpg,train/masks/600175_mask.png
600550,train,train/images/600550_sat.jpg,train/masks/600550_mask.png
600556,train,train/images/600556_sat.jpg,train/masks/600556_mask.png
600622,train,train/images/600622_sat.jpg,train/masks/600622_mask.png
600652,train,train/images/600652_sat.jpg,train/masks/600652_mask.png
600754,train,train/images/600754_sat.jpg,train/masks/600754_mask.png
600841,train,train/images/600841_sat.jpg,train/masks/600841_mask.png
601082,train,train/images/601082_sat.jpg,train/masks/601082_mask.png
601401,train,train/images/601401_sat.jpg,train/masks/601401_mask.png
601450,train,train/images/601450_sat.jpg,train/masks/601450_mask.png
601576,train,train/images/601576_sat.jpg,train/masks/601576_mask.png
601596,train,train/images/601596_sat.jpg,train/masks/601596_mask.png
601597,train,train/images/601597_sat.jpg,train/masks/601597_mask.png
601618,train,train/images/601618_sat.jpg,train/masks/601618_mask.png
601685,train,train/images/601685_sat.jpg,train/masks/601685_mask.png
601859,train,train/images/601859_sat.jpg,train/masks/601859_mask.png
601983,train,train/images/601983_sat.jpg,train/masks/601983_mask.png
602097,train,train/images/602097_sat.jpg,train/masks/602097_mask.png
60212,train,train/images/60212_sat.jpg,train/masks/60212_mask.png
60217,train,train/images/60217_sat.jpg,train/masks/60217_mask.png
602292,train,train/images/602292_sat.jpg,train/masks/602292_mask.png
602377,train,train/images/602377_sat.jpg,train/masks/602377_mask.png
602716,train,train/images/602716_sat.jpg,train/masks/602716_mask.png
602,train,train/images/602_sat.jpg,train/masks/602_mask.png
603189,train,train/images/603189_sat.jpg,train/masks/603189_mask.png
603190,train,train/images/603190_sat.jpg,train/masks/603190_mask.png
603213,train,train/images/603213_sat.jpg,train/masks/603213_mask.png
603331,train,train/images/603331_sat.jpg,train/masks/603331_mask.png
603448,train,train/images/603448_sat.jpg,train/masks/603448_mask.png
603570,train,train/images/603570_sat.jpg,train/masks/603570_mask.png
603764,train,train/images/603764_sat.jpg,train/masks/603764_mask.png
603840,train,train/images/603840_sat.jpg,train/masks/603840_mask.png
603849,train,train/images/603849_sat.jpg,train/masks/603849_mask.png
603884,train,train/images/603884_sat.jpg,train/masks/603884_mask.png
603912,train,train/images/603912_sat.jpg,train/masks/603912_mask.png
604000,train,train/images/604000_sat.jpg,train/masks/604000_mask.png
604143,train,train/images/604143_sat.jpg,train/masks/604143_mask.png
60415,train,train/images/60415_sat.jpg,train/masks/60415_mask.png
604244,train,train/images/604244_sat.jpg,train/masks/604244_mask.png
604305,train,train/images/604305_sat.jpg,train/masks/604305_mask.png
60445,train,train/images/60445_sat.jpg,train/masks/60445_mask.png
604560,train,train/images/604560_sat.jpg,train/masks/604560_mask.png
604577,train,train/images/604577_sat.jpg,train/masks/604577_mask.png
604596,train,train/images/604596_sat.jpg,train/masks/604596_mask.png
604767,train,train/images/604767_sat.jpg,train/masks/604767_mask.png
604821,train,train/images/604821_sat.jpg,train/masks/604821_mask.png
60483,train,train/images/60483_sat.jpg,train/masks/60483_mask.png
604913,train,train/images/604913_sat.jpg,train/masks/604913_mask.png
604916,train,train/images/604916_sat.jpg,train/masks/604916_mask.png
605229,train,train/images/605229_sat.jpg,train/masks/605229_mask.png
605287,train,train/images/605287_sat.jpg,train/masks/605287_mask.png
605592,train,train/images/605592_sat.jpg,train/masks/605592_mask.png
605602,train,train/images/605602_sat.jpg,train/masks/605602_mask.png
605723,train,train/images/605723_sat.jpg,train/masks/605723_mask.png
606228,train,train/images/606228_sat.jpg,train/masks/606228_mask.png
606249,train,train/images/606249_sat.jpg,train/masks/606249_mask.png
606254,train,train/images/606254_sat.jpg,train/masks/606254_mask.png
606543,train,train/images/606543_sat.jpg,train/masks/606543_mask.png
606809,train,train/images/606809_sat.jpg,train/masks/606809_mask.png
606850,train,train/images/606850_sat.jpg,train/masks/606850_mask.png
606903,train,train/images/606903_sat.jpg,train/masks/606903_mask.png
606928,train,train/images/606928_sat.jpg,train/masks/606928_mask.png
60696,train,train/images/60696_sat.jpg,train/masks/60696_mask.png
607022,train,train/images/607022_sat.jpg,train/masks/607022_mask.png
607142,train,train/images/607142_sat.jpg,train/masks/607142_mask.png
60720,train,train/images/60720_sat.jpg,train/masks/60720_mask.png
607242,train,train/images/607242_sat.jpg,train/masks/607242_mask.png
607288,train,train/images/607288_sat.jpg,train/masks/607288_mask.png
607365,train,train/images/607365_sat.jpg,train/masks/607365_mask.png
607459,train,train/images/607459_sat.jpg,train/masks/607459_mask.png
607487,train,train/images/607487_sat.jpg,train/masks/607487_mask.png
607575,train,train/images/607575_sat.jpg,train/masks/607575_mask.png
607606,train,train/images/607606_sat.jpg,train/masks/607606_mask.png
607661,train,train/images/607661_sat.jpg,train/masks/607661_mask.png
60774,train,train/images/60774_sat.jpg,train/masks/60774_mask.png
607807,train,train/images/607807_sat.jpg,train/masks/607807_mask.png
607896,train,train/images/607896_sat.jpg,train/masks/607896_mask.png
607935,train,train/images/607935_sat.jpg,train/masks/607935_mask.png
608001,train,train/images/608001_sat.jpg,train/masks/608001_mask.png
608052,train,train/images/608052_sat.jpg,train/masks/608052_mask.png
608673,train,train/images/608673_sat.jpg,train/masks/608673_mask.png
608782,train,train/images/608782_sat.jpg,train/masks/608782_mask.png
608864,train,train/images/608864_sat.jpg,train/masks/608864_mask.png
609106,train,train/images/609106_sat.jpg,train/masks/609106_mask.png
609413,train,train/images/609413_sat.jpg,train/masks/609413_mask.png
609597,train,train/images/609597_sat.jpg,train/masks/609597_mask.png
609624,train,train/images/609624_sat.jpg,train/masks/609624_mask.png
60962,train,train/images/60962_sat.jpg,train/masks/60962_mask.png
609667,train,train/images/609667_sat.jpg,train/masks/609667_mask.png
610183,train,train/images/610183_sat.jpg,train/masks/610183_mask.png
610367,train,train/images/610367_sat.jpg,train/masks/610367_mask.png
610614,train,train/images/610614_sat.jpg,train/masks/610614_mask.png
611011,train,train/images/611011_sat.jpg,train/masks/611011_mask.png
611510,train,train/images/611510_sat.jpg,train/masks/611510_mask.png
611569,train,train/images/611569_sat.jpg,train/masks/611569_mask.png
611598,train,train/images/611598_sat.jpg,train/masks/611598_mask.png
611707,train,train/images/611707_sat.jpg,train/masks/611707_mask.png
611848,train,train/images/611848_sat.jpg,train/masks/611848_mask.png
611936,train,train/images/611936_sat.jpg,train/masks/611936_mask.png
611968,train,train/images/611968_sat.jpg,train/masks/611968_mask.png
612216,train,train/images/612216_sat.jpg,train/masks/612216_mask.png
612254,train,train/images/612254_sat.jpg,train/masks/612254_mask.png
612298,train,train/images/612298_sat.jpg,train/masks/612298_mask.png
612436,train,train/images/612436_sat.jpg,train/masks/612436_mask.png
612645,train,train/images/612645_sat.jpg,train/masks/612645_mask.png
612970,train,train/images/612970_sat.jpg,train/masks/612970_mask.png
613155,train,train/images/613155_sat.jpg,train/masks/613155_mask.png
61348,train,train/images/61348_sat.jpg,train/masks/61348_mask.png
613639,train,train/images/613639_sat.jpg,train/masks/613639_mask.png
613661,train,train/images/613661_sat.jpg,train/masks/613661_mask.png
613916,train,train/images/613916_sat.jpg,train/masks/613916_mask.png
613973,train,train/images/613973_sat.jpg,train/masks/613973_mask.png
614158,train,train/images/614158_sat.jpg,train/masks/614158_mask.png
614192,train,train/images/614192_sat.jpg,train/masks/614192_mask.png
614289,train,train/images/614289_sat.jpg,train/masks/614289_mask.png
614384,train,train/images/614384_sat.jpg,train/masks/614384_mask.png
614553,train,train/images/614553_sat.jpg,train/masks/614553_mask.png
614957,train,train/images/614957_sat.jpg,train/masks/614957_mask.png
615044,train,train/images/615044_sat.jpg,train/masks/615044_mask.png
61522,train,train/images/61522_sat.jpg,train/masks/61522_mask.png
615647,train,train/images/615647_sat.jpg,train/masks/615647_mask.png
615681,train,train/images/615681_sat.jpg,train/masks/615681_mask.png
615691,train,train/images/615691_sat.jpg,train/masks/615691_mask.png
615723,train,train/images/615723_sat.jpg,train/masks/615723_mask.png
615960,train,train/images/615960_sat.jpg,train/masks/615960_mask.png
616342,train,train/images/616342_sat.jpg,train/masks/616342_mask.png
616496,train,train/images/616496_sat.jpg,train/masks/616496_mask.png
616611,train,train/images/616611_sat.jpg,train/masks/616611_mask.png
616654,train,train/images/616654_sat.jpg,train/masks/616654_mask.png
616672,train,train/images/616672_sat.jpg,train/masks/616672_mask.png
616751,train,train/images/616751_sat.jpg,train/masks/616751_mask.png
616795,train,train/images/616795_sat.jpg,train/masks/616795_mask.png
617037,train,train/images/617037_sat.jpg,train/masks/617037_mask.png
617069,train,train/images/617069_sat.jpg,train/masks/617069_mask.png
617648,train,train/images/617648_sat.jpg,train/masks/617648_mask.png
617696,train,train/images/617696_sat.jpg,train/masks/617696_mask.png
617734,train,train/images/617734_sat.jpg,train/masks/617734_mask.png
617785,train,train/images/617785_sat.jpg,train/masks/617785_mask.png
618023,train,train/images/618023_sat.jpg,train/masks/618023_mask.png
61865,train,train/images/61865_sat.jpg,train/masks/61865_mask.png
618759,train,train/images/618759_sat.jpg,train/masks/618759_mask.png
619411,train,train/images/619411_sat.jpg,train/masks/619411_mask.png
619514,train,train/images/619514_sat.jpg,train/masks/619514_mask.png
619754,train,train/images/619754_sat.jpg,train/masks/619754_mask.png
620166,train,train/images/620166_sat.jpg,train/masks/620166_mask.png
620186,train,train/images/620186_sat.jpg,train/masks/620186_mask.png
620264,train,train/images/620264_sat.jpg,train/masks/620264_mask.png
620308,train,train/images/620308_sat.jpg,train/masks/620308_mask.png
620319,train,train/images/620319_sat.jpg,train/masks/620319_mask.png
620488,train,train/images/620488_sat.jpg,train/masks/620488_mask.png
620912,train,train/images/620912_sat.jpg,train/masks/620912_mask.png
621004,train,train/images/621004_sat.jpg,train/masks/621004_mask.png
621008,train,train/images/621008_sat.jpg,train/masks/621008_mask.png
621010,train,train/images/621010_sat.jpg,train/masks/621010_mask.png
621097,train,train/images/621097_sat.jpg,train/masks/621097_mask.png
621174,train,train/images/621174_sat.jpg,train/masks/621174_mask.png
621513,train,train/images/621513_sat.jpg,train/masks/621513_mask.png
621540,train,train/images/621540_sat.jpg,train/masks/621540_mask.png
621824,train,train/images/621824_sat.jpg,train/masks/621824_mask.png
622199,train,train/images/622199_sat.jpg,train/masks/622199_mask.png
62222,train,train/images/62222_sat.jpg,train/masks/62222_mask.png
622284,train,train/images/622284_sat.jpg,train/masks/622284_mask.png
622307,train,train/images/622307_sat.jpg,train/masks/622307_mask.png
622328,train,train/images/622328_sat.jpg,train/masks/622328_mask.png
622799,train,train/images/622799_sat.jpg,train/masks/622799_mask.png
622812,train,train/images/622812_sat.jpg,train/masks/622812_mask.png
622953,train,train/images/622953_sat.jpg,train/masks/622953_mask.png
622973,train,train/images/622973_sat.jpg,train/masks/622973_mask.png
623071,train,train/images/623071_sat.jpg,train/masks/623071_mask.png
623074,train,train/images/623074_sat.jpg,train/masks/623074_mask.png
62307,train,train/images/62307_sat.jpg,train/masks/62307_mask.png
623099,train,train/images/623099_sat.jpg,train/masks/623099_mask.png
623125,train,train/images/623125_sat.jpg,train/masks/623125_mask.png
623461,train,train/images/623461_sat.jpg,train/masks/623461_mask.png
623478,train,train/images/623478_sat.jpg,train/masks/623478_mask.png
623501,train,train/images/623501_sat.jpg,train/masks/623501_mask.png
623685,train,train/images/623685_sat.jpg,train/masks/623685_mask.png
623709,train,train/images/623709_sat.jpg,train/masks/623709_mask.png
62371,train,train/images/62371_sat.jpg,train/masks/62371_mask.png
623924,train,train/images/623924_sat.jpg,train/masks/623924_mask.png
623999,train,train/images/623999_sat.jpg,train/masks/623999_mask.png
624372,train,train/images/624372_sat.jpg,train/masks/624372_mask.png
624435,train,train/images/624435_sat.jpg,train/masks/624435_mask.png
62464,train,train/images/62464_sat.jpg,train/masks/62464_mask.png
624745,train,train/images/624745_sat.jpg,train/masks/624745_mask.png
624781,train,train/images/624781_sat.jpg,train/masks/624781_mask.png
624936,train,train/images/624936_sat.jpg,train/masks/624936_mask.png
62501,train,train/images/62501_sat.jpg,train/masks/62501_mask.png
625092,train,train/images/625092_sat.jpg,train/masks/625092_mask.png
625150,train,train/images/625150_sat.jpg,train/masks/625150_mask.png
625246,train,train/images/625246_sat.jpg,train/masks/625246_mask.png
625386,train,train/images/625386_sat.jpg,train/masks/625386_mask.png
625445,train,train/images/625445_sat.jpg,train/masks/625445_mask.png
625448,train,train/images/625448_sat.jpg,train/masks/625448_mask.png
625601,train,train/images/625601_sat.jpg,train/masks/625601_mask.png
62582,train,train/images/62582_sat.jpg,train/masks/62582_mask.png
625913,train,train/images/625913_sat.jpg,train/masks/625913_mask.png
626159,train,train/images/626159_sat.jpg,train/masks/626159_mask.png
626285,train,train/images/626285_sat.jpg,train/masks/626285_mask.png
626372,train,train/images/626372_sat.jpg,train/masks/626372_mask.png
626460,train,train/images/626460_sat.jpg,train/masks/626460_mask.png
626921,train,train/images/626921_sat.jpg,train/masks/626921_mask.png
627093,train,train/images/627093_sat.jpg,train/masks/627093_mask.png
627222,train,train/images/627222_sat.jpg,train/masks/627222_mask.png
627243,train,train/images/627243_sat.jpg,train/masks/627243_mask.png
62724,train,train/images/62724_sat.jpg,train/masks/62724_mask.png
627278,train,train/images/627278_sat.jpg,train/masks/627278_mask.png
627512,train,train/images/627512_sat.jpg,train/masks/627512_mask.png
627789,train,train/images/627789_sat.jpg,train/masks/627789_mask.png
627858,train,train/images/627858_sat.jpg,train/masks/627858_mask.png
627,train,train/images/627_sat.jpg,train/masks/627_mask.png
628060,train,train/images/628060_sat.jpg,train/masks/628060_mask.png
628136,train,train/images/628136_sat.jpg,train/masks/628136_mask.png
6281,train,train/images/6281_sat.jpg,train/masks/6281_mask.png
628204,train,train/images/628204_sat.jpg,train/masks/628204_mask.png
628494,train,train/images/628494_sat.jpg,train/masks/628494_mask.png
628662,train,train/images/628662_sat.jpg,train/masks/628662_mask.png
628686,train,train/images/628686_sat.jpg,train/masks/628686_mask.png
628971,train,train/images/628971_sat.jpg,train/masks/628971_mask.png
628983,train,train/images/628983_sat.jpg,train/masks/628983_mask.png
62946,train,train/images/62946_sat.jpg,train/masks/62946_mask.png
629477,train,train/images/629477_sat.jpg,train/masks/629477_mask.png
6294,train,train/images/6294_sat.jpg,train/masks/6294_mask.png
629683,train,train/images/629683_sat.jpg,train/masks/629683_mask.png
629707,train,train/images/629707_sat.jpg,train/masks/629707_mask.png
629721,train,train/images/629721_sat.jpg,train/masks/629721_mask.png
629812,train,train/images/629812_sat.jpg,train/masks/629812_mask.png
630077,train,train/images/630077_sat.jpg,train/masks/630077_mask.png
630092,train,train/images/630092_sat.jpg,train/masks/630092_mask.png
63019,train,train/images/63019_sat.jpg,train/masks/63019_mask.png
630221,train,train/images/630221_sat.jpg,train/masks/630221_mask.png
630236,train,train/images/630236_sat.jpg,train/masks/630236_mask.png
63040,train,train/images/63040_sat.jpg,train/masks/63040_mask.png
630417,train,train/images/630417_sat.jpg,train/masks/630417_mask.png
63042,train,train/images/63042_sat.jpg,train/masks/63042_mask.png
630794,train,train/images/630794_sat.jpg,train/masks/630794_mask.png
630865,train,train/images/630865_sat.jpg,train/masks/630865_mask.png
63098,train,train/images/63098_sat.jpg,train/masks/63098_mask.png
631198,train,train/images/631198_sat.jpg,train/masks/631198_mask.png
631211,train,train/images/631211_sat.jpg,train/masks/631211_mask.png
631233,train,train/images/631233_sat.jpg,train/masks/631233_mask.png
631271,train,train/images/631271_sat.jpg,train/masks/631271_mask.png
631451,train,train/images/631451_sat.jpg,train/masks/631451_mask.png
631538,train,train/images/631538_sat.jpg,train/masks/631538_mask.png
631714,train,train/images/631714_sat.jpg,train/masks/631714_mask.png
631884,train,train/images/631884_sat.jpg,train/masks/631884_mask.png
631919,train,train/images/631919_sat.jpg,train/masks/631919_mask.png
632065,train,train/images/632065_sat.jpg,train/masks/632065_mask.png
632124,train,train/images/632124_sat.jpg,train/masks/632124_mask.png
632287,train,train/images/632287_sat.jpg,train/masks/632287_mask.png
63238,train,train/images/63238_sat.jpg,train/masks/63238_mask.png
632403,train,train/images/632403_sat.jpg,train/masks/632403_mask.png
632438,train,train/images/632438_sat.jpg,train/masks/632438_mask.png
632632,train,train/images/632632_sat.jpg,train/masks/632632_mask.png
632655,train,train/images/632655_sat.jpg,train/masks/632655_mask.png
632798,train,train/images/632798_sat.jpg,train/masks/632798_mask.png
63314,train,train/images/63314_sat.jpg,train/masks/63314_mask.png
633221,train,train/images/633221_sat.jpg,train/masks/633221_mask.png
633675,train,train/images/633675_sat.jpg,train/masks/633675_mask.png
633970,train,train/images/633970_sat.jpg,train/masks/633970_mask.png
634289,train,train/images/634289_sat.jpg,train/masks/634289_mask.png
634362,train,train/images/634362_sat.jpg,train/masks/634362_mask.png
63467,train,train/images/63467_sat.jpg,train/masks/63467_mask.png
634935,train,train/images/634935_sat.jpg,train/masks/634935_mask.png
635312,train,train/images/635312_sat.jpg,train/masks/635312_mask.png
635362,train,train/images/635362_sat.jpg,train/masks/635362_mask.png
635410,train,train/images/635410_sat.jpg,train/masks/635410_mask.png
635475,train,train/images/635475_sat.jpg,train/masks/635475_mask.png
635527,train,train/images/635527_sat.jpg,train/masks/635527_mask.png
636013,train,train/images/636013_sat.jpg,train/masks/636013_mask.png
636014,train,train/images/636014_sat.jpg,train/masks/636014_mask.png
636021,train,train/images/636021_sat.jpg,train/masks/636021_mask.png
636079,train,train/images/636079_sat.jpg,train/masks/636079_mask.png
636279,train,train/images/636279_sat.jpg,train/masks/636279_mask.png
636333,train,train/images/636333_sat.jpg,train/masks/636333_mask.png
636958,train,train/images/636958_sat.jpg,train/masks/636958_mask.png
63721,train,train/images/63721_sat.jpg,train/masks/63721_mask.png
637318,train,train/images/637318_sat.jpg,train/masks/637318_mask.png
637336,train,train/images/637336_sat.jpg,train/masks/637336_mask.png
63743,train,train/images/63743_sat.jpg,train/masks/63743_mask.png
63754,train,train/images/63754_sat.jpg,train/masks/63754_mask.png
637684,train,train/images/637684_sat.jpg,train/masks/637684_mask.png
637754,train,train/images/637754_sat.jpg,train/masks/637754_mask.png
638045,train,train/images/638045_sat.jpg,train/masks/638045_mask.png
638100,train,train/images/638100_sat.jpg,train/masks/638100_mask.png
638181,train,train/images/638181_sat.jpg,train/masks/638181_mask.png
6383,train,train/images/6383_sat.jpg,train/masks/6383_mask.png
638532,train,train/images/638532_sat.jpg,train/masks/638532_mask.png
63865,train,train/images/63865_sat.jpg,train/masks/63865_mask.png
638717,train,train/images/638717_sat.jpg,train/masks/638717_mask.png
63873,train,train/images/63873_sat.jpg,train/masks/63873_mask.png
638829,train,train/images/638829_sat.jpg,train/masks/638829_mask.png
638920,train,train/images/638920_sat.jpg,train/masks/638920_mask.png
639198,train,train/images/639198_sat.jpg,train/masks/639198_mask.png
639480,train,train/images/639480_sat.jpg,train/masks/639480_mask.png
640253,train,train/images/640253_sat.jpg,train/masks/640253_mask.png
640436,train,train/images/640436_sat.jpg,train/masks/640436_mask.png
640548,train,train/images/640548_sat.jpg,train/masks/640548_mask.png
640623,train,train/images/640623_sat.jpg,train/masks/640623_mask.png
640682,train,train/images/640682_sat.jpg,train/masks/640682_mask.png
640693,train,train/images/640693_sat.jpg,train/masks/640693_mask.png
640763,train,train/images/640763_sat.jpg,train/masks/640763_mask.png
640816,train,train/images/640816_sat.jpg,train/masks/640816_mask.png
641064,train,train/images/641064_sat.jpg,train/masks/641064_mask.png
641148,train,train/images/641148_sat.jpg,train/masks/641148_mask.png
641221,train,train/images/641221_sat.jpg,train/masks/641221_mask.png
641429,train,train/images/641429_sat.jpg,train/masks/641429_mask.png
641511,train,train/images/641511_sat.jpg,train/masks/641511_mask.png
641519,train,train/images/641519_sat.jpg,train/masks/641519_mask.png
6415,train,train/images/6415_sat.jpg,train/masks/6415_mask.png
641705,train,train/images/641705_sat.jpg,train/masks/641705_mask.png
641916,train,train/images/641916_sat.jpg,train/masks/641916_mask.png
642020,train,train/images/642020_sat.jpg,train/masks/642020_mask.png
642169,train,train/images/642169_sat.jpg,train/masks/642169_mask.png
642260,train,train/images/642260_sat.jpg,train/masks/642260_mask.png
642342,train,train/images/642342_sat.jpg,train/masks/642342_mask.png
642402,train,train/images/642402_sat.jpg,train/masks/642402_mask.png
642408,train,train/images/642408_sat.jpg,train/masks/642408_mask.png
642760,train,train/images/642760_sat.jpg,train/masks/642760_mask.png
642768,train,train/images/642768_sat.jpg,train/masks/642768_mask.png
642894,train,train/images/642894_sat.jpg,train/masks/642894_mask.png
642961,train,train/images/642961_sat.jpg,train/masks/642961_mask.png
643154,train,train/images/643154_sat.jpg,train/masks/643154_mask.png
643427,train,train/images/643427_sat.jpg,train/masks/643427_mask.png
64343,train,train/images/64343_sat.jpg,train/masks/64343_mask.png
643671,train,train/images/643671_sat.jpg,train/masks/643671_mask.png
643722,train,train/images/643722_sat.jpg,train/masks/643722_mask.png
643780,train,train/images/643780_sat.jpg,train/masks/643780_mask.png
643934,train,train/images/643934_sat.jpg,train/masks/643934_mask.png
64398,train,train/images/64398_sat.jpg,train/masks/64398_mask.png
644027,train,train/images/644027_sat.jpg,train/masks/644027_mask.png
644503,train,train/images/644503_sat.jpg,train/masks/644503_mask.png
644508,train,train/images/644508_sat.jpg,train/masks/644508_mask.png
644723,train,train/images/644723_sat.jpg,train/masks/644723_mask.png
645088,train,train/images/645088_sat.jpg,train/masks/645088_mask.png
645125,train,train/images/645125_sat.jpg,train/masks/645125_mask.png
645278,train,train/images/645278_sat.jpg,train/masks/645278_mask.png
645527,train,train/images/645527_sat.jpg,train/masks/645527_mask.png
645554,train,train/images/645554_sat.jpg,train/masks/645554_mask.png
645580,train,train/images/645580_sat.jpg,train/masks/645580_mask.png
646160,train,train/images/646160_sat.jpg,train/masks/646160_mask.png
646501,train,train/images/646501_sat.jpg,train/masks/646501_mask.png
646522,train,train/images/646522_sat.jpg,train/masks/646522_mask.png
646530,train,train/images/646530_sat.jpg,train/masks/646530_mask.png
646682,train,train/images/646682_sat.jpg,train/masks/646682_mask.png
646830,train,train/images/646830_sat.jpg,train/masks/646830_mask.png
646908,train,train/images/646908_sat.jpg,train/masks/646908_mask.png
646948,train,train/images/646948_sat.jpg,train/masks/646948_mask.png
646974,train,train/images/646974_sat.jpg,train/masks/646974_mask.png
646979,train,train/images/646979_sat.jpg,train/masks/646979_mask.png
647771,train,train/images/647771_sat.jpg,train/masks/647771_mask.png
648152,train,train/images/648152_sat.jpg,train/masks/648152_mask.png
648470,train,train/images/648470_sat.jpg,train/masks/648470_mask.png
648552,train,train/images/648552_sat.jpg,train/masks/648552_mask.png
648592,train,train/images/648592_sat.jpg,train/masks/648592_mask.png
648598,train,train/images/648598_sat.jpg,train/masks/648598_mask.png
648616,train,train/images/648616_sat.jpg,train/masks/648616_mask.png
648815,train,train/images/648815_sat.jpg,train/masks/648815_mask.png
649332,train,train/images/649332_sat.jpg,train/masks/649332_mask.png
649400,train,train/images/649400_sat.jpg,train/masks/649400_mask.png
649408,train,train/images/649408_sat.jpg,train/masks/649408_mask.png
649594,train,train/images/649594_sat.jpg,train/masks/649594_mask.png
649640,train,train/images/649640_sat.jpg,train/masks/649640_mask.png
649675,train,train/images/649675_sat.jpg,train/masks/649675_mask.png
64979,train,train/images/64979_sat.jpg,train/masks/64979_mask.png
649934,train,train/images/649934_sat.jpg,train/masks/649934_mask.png
650108,train,train/images/650108_sat.jpg,train/masks/650108_mask.png
650238,train,train/images/650238_sat.jpg,train/masks/650238_mask.png
650278,train,train/images/650278_sat.jpg,train/masks/650278_mask.png
650280,train,train/images/650280_sat.jpg,train/masks/650280_mask.png
650720,train,train/images/650720_sat.jpg,train/masks/650720_mask.png
650767,train,train/images/650767_sat.jpg,train/masks/650767_mask.png
650900,train,train/images/650900_sat.jpg,train/masks/650900_mask.png
651216,train,train/images/651216_sat.jpg,train/masks/651216_mask.png
651299,train,train/images/651299_sat.jpg,train/masks/651299_mask.png
651504,train,train/images/651504_sat.jpg,train/masks/651504_mask.png
651870,train,train/images/651870_sat.jpg,train/masks/651870_mask.png
652155,train,train/images/652155_sat.jpg,train/masks/652155_mask.png
652168,train,train/images/652168_sat.jpg,train/masks/652168_mask.png
65217,train,train/images/65217_sat.jpg,train/masks/65217_mask.png
652326,train,train/images/652326_sat.jpg,train/masks/652326_mask.png
652552,train,train/images/652552_sat.jpg,train/masks/652552_mask.png
652662,train,train/images/652662_sat.jpg,train/masks/652662_mask.png
652680,train,train/images/652680_sat.jpg,train/masks/652680_mask.png
652681,train,train/images/652681_sat.jpg,train/masks/652681_mask.png
652793,train,train/images/652793_sat.jpg,train/masks/652793_mask.png
653030,train,train/images/653030_sat.jpg,train/masks/653030_mask.png
653234,train,train/images/653234_sat.jpg,train/masks/653234_mask.png
653446,train,train/images/653446_sat.jpg,train/masks/653446_mask.png
65346,train,train/images/65346_sat.jpg,train/masks/65346_mask.png
653518,train,train/images/653518_sat.jpg,train/masks/653518_mask.png
653738,train,train/images/653738_sat.jpg,train/masks/653738_mask.png
653812,train,train/images/653812_sat.jpg,train/masks/653812_mask.png
653990,train,train/images/653990_sat.jpg,train/masks/653990_mask.png
654047,train,train/images/654047_sat.jpg,train/masks/654047_mask.png
654250,train,train/images/654250_sat.jpg,train/masks/654250_mask.png
654433,train,train/images/654433_sat.jpg,train/masks/654433_mask.png
654483,train,train/images/654483_sat.jpg,train/masks/654483_mask.png
654556,train,train/images/654556_sat.jpg,train/masks/654556_mask.png
654931,train,train/images/654931_sat.jpg,train/masks/654931_mask.png
655060,train,train/images/655060_sat.jpg,train/masks/655060_mask.png
655291,train,train/images/655291_sat.jpg,train/masks/655291_mask.png
655307,train,train/images/655307_sat.jpg,train/masks/655307_mask.png
655598,train,train/images/655598_sat.jpg,train/masks/655598_mask.png
655767,train,train/images/655767_sat.jpg,train/masks/655767_mask.png
655825,train,train/images/655825_sat.jpg,train/masks/655825_mask.png
655957,train,train/images/655957_sat.jpg,train/masks/655957_mask.png
655,train,train/images/655_sat.jpg,train/masks/655_mask.png
65602,train,train/images/65602_sat.jpg,train/masks/65602_mask.png
65617,train,train/images/65617_sat.jpg,train/masks/65617_mask.png
656294,train,train/images/656294_sat.jpg,train/masks/656294_mask.png
656447,train,train/images/656447_sat.jpg,train/masks/656447_mask.png
656508,train,train/images/656508_sat.jpg,train/masks/656508_mask.png
656960,train,train/images/656960_sat.jpg,train/masks/656960_mask.png
657133,train,train/images/657133_sat.jpg,train/masks/657133_mask.png
657230,train,train/images/657230_sat.jpg,train/masks/657230_mask.png
657360,train,train/images/657360_sat.jpg,train/masks/657360_mask.png
657371,train,train/images/657371_sat.jpg,train/masks/657371_mask.png
657452,train,train/images/657452_sat.jpg,train/masks/657452_mask.png
657641,train,train/images/657641_sat.jpg,train/masks/657641_mask.png
658196,train,train/images/658196_sat.jpg,train/masks/658196_mask.png
658602,train,train/images/658602_sat.jpg,train/masks/658602_mask.png
658620,train,train/images/658620_sat.jpg,train/masks/658620_mask.png
658626,train,train/images/658626_sat.jpg,train/masks/658626_mask.png
65864,train,train/images/65864_sat.jpg,train/masks/65864_mask.png
658704,train,train/images/658704_sat.jpg,train/masks/658704_mask.png
658883,train,train/images/658883_sat.jpg,train/masks/658883_mask.png
659140,train,train/images/659140_sat.jpg,train/masks/659140_mask.png
659209,train,train/images/659209_sat.jpg,train/masks/659209_mask.png
659638,train,train/images/659638_sat.jpg,train/masks/659638_mask.png
659670,train,train/images/659670_sat.jpg,train/masks/659670_mask.png
659689,train,train/images/659689_sat.jpg,train/masks/659689_mask.png
659891,train,train/images/659891_sat.jpg,train/masks/659891_mask.png
660195,train,train/images/660195_sat.jpg,train/masks/660195_mask.png
660517,train,train/images/660517_sat.jpg,train/masks/660517_mask.png
660691,train,train/images/660691_sat.jpg,train/masks/660691_mask.png
661368,train,train/images/661368_sat.jpg,train/masks/661368_mask.png
661589,train,train/images/661589_sat.jpg,train/masks/661589_mask.png
661786,train,train/images/661786_sat.jpg,train/masks/661786_mask.png
66180,train,train/images/66180_sat.jpg,train/masks/66180_mask.png
661812,train,train/images/661812_sat.jpg,train/masks/661812_mask.png
662005,train,train/images/662005_sat.jpg,train/masks/662005_mask.png
662044,train,train/images/662044_sat.jpg,train/masks/662044_mask.png
662167,train,train/images/662167_sat.jpg,train/masks/662167_mask.png
662246,train,train/images/662246_sat.jpg,train/masks/662246_mask.png
662422,train,train/images/662422_sat.jpg,train/masks/662422_mask.png
662620,train,train/images/662620_sat.jpg,train/masks/662620_mask.png
662692,train,train/images/662692_sat.jpg,train/masks/662692_mask.png
662917,train,train/images/662917_sat.jpg,train/masks/662917_mask.png
662935,train,train/images/662935_sat.jpg,train/masks/662935_mask.png
663252,train,train/images/663252_sat.jpg,train/masks/663252_mask.png
663316,train,train/images/663316_sat.jpg,train/masks/663316_mask.png
663404,train,train/images/663404_sat.jpg,train/masks/663404_mask.png
663438,train,train/images/663438_sat.jpg,train/masks/663438_mask.png
66351,train,train/images/66351_sat.jpg,train/masks/66351_mask.png
663533,train,train/images/663533_sat.jpg,train/masks/663533_mask.png
663869,train,train/images/663869_sat.jpg,train/masks/663869_mask.png
664031,train,train/images/664031_sat.jpg,train/masks/664031_mask.png
664036,train,train/images/664036_sat.jpg,train/masks/664036_mask.png
664405,train,train/images/664405_sat.jpg,train/masks/664405_mask.png
664839,train,train/images/664839_sat.jpg,train/masks/664839_mask.png
664887,train,train/images/664887_sat.jpg,train/masks/664887_mask.png
665023,train,train/images/665023_sat.jpg,train/masks/665023_mask.png
665500,train,train/images/665500_sat.jpg,train/masks/665500_mask.png
665514,train,train/images/665514_sat.jpg,train/masks/665514_mask.png
665540,train,train/images/665540_sat.jpg,train/masks/665540_mask.png
665694,train,train/images/665694_sat.jpg,train/masks/665694_mask.png
665729,train,train/images/665729_sat.jpg,train/masks/665729_mask.png
666341,train,train/images/666341_sat.jpg,train/masks/666341_mask.png
666640,train,train/images/666640_sat.jpg,train/masks/666640_mask.png
666658,train,train/images/666658_sat.jpg,train/masks/666658_mask.png
666668,train,train/images/666668_sat.jpg,train/masks/666668_mask.png
66676,train,train/images/66676_sat.jpg,train/masks/66676_mask.png
666886,train,train/images/666886_sat.jpg,train/masks/666886_mask.png
666918,train,train/images/666918_sat.jpg,train/masks/666918_mask.png
667059,train,train/images/667059_sat.jpg,train/masks/667059_mask.png
667627,train,train/images/667627_sat.jpg,train/masks/667627_mask.png
668618,train,train/images/668618_sat.jpg,train/masks/668618_mask.png
668712,train,train/images/668712_sat.jpg,train/masks/668712_mask.png
668768,train,train/images/668768_sat.jpg,train/masks/668768_mask.png
668846,train,train/images/668846_sat.jpg,train/masks/668846_mask.png
668861,train,train/images/668861_sat.jpg,train/masks/668861_mask.png
669038,train,train/images/669038_sat.jpg,train/masks/669038_mask.png
669051,train,train/images/669051_sat.jpg,train/masks/669051_mask.png
669101,train,train/images/669101_sat.jpg,train/masks/669101_mask.png
66910,train,train/images/66910_sat.jpg,train/masks/66910_mask.png
669142,train,train/images/669142_sat.jpg,train/masks/669142_mask.png
669233,train,train/images/669233_sat.jpg,train/masks/669233_mask.png
669237,train,train/images/669237_sat.jpg,train/masks/669237_mask.png
669553,train,train/images/669553_sat.jpg,train/masks/669553_mask.png
669564,train,train/images/669564_sat.jpg,train/masks/669564_mask.png
6696,train,train/images/6696_sat.jpg,train/masks/6696_mask.png
669884,train,train/images/669884_sat.jpg,train/masks/669884_mask.png
669960,train,train/images/669960_sat.jpg,train/masks/669960_mask.png
670062,train,train/images/670062_sat.jpg,train/masks/670062_mask.png
670271,train,train/images/670271_sat.jpg,train/masks/670271_mask.png
670413,train,train/images/670413_sat.jpg,train/masks/670413_mask.png
670414,train,train/images/670414_sat.jpg,train/masks/670414_mask.png
670783,train,train/images/670783_sat.jpg,train/masks/670783_mask.png
670807,train,train/images/670807_sat.jpg,train/masks/670807_mask.png
671143,train,train/images/671143_sat.jpg,train/masks/671143_mask.png
671179,train,train/images/671179_sat.jpg,train/masks/671179_mask.png
671552,train,train/images/671552_sat.jpg,train/masks/671552_mask.png
671952,train,train/images/671952_sat.jpg,train/masks/671952_mask.png
672305,train,train/images/672305_sat.jpg,train/masks/672305_mask.png
672953,train,train/images/672953_sat.jpg,train/masks/672953_mask.png
673035,train,train/images/673035_sat.jpg,train/masks/673035_mask.png
673794,train,train/images/673794_sat.jpg,train/masks/673794_mask.png
673848,train,train/images/673848_sat.jpg,train/masks/673848_mask.png
673904,train,train/images/673904_sat.jpg,train/masks/673904_mask.png
674026,train,train/images/674026_sat.jpg,train/masks/674026_mask.png
674155,train,train/images/674155_sat.jpg,train/masks/674155_mask.png
674283,train,train/images/674283_sat.jpg,train/masks/674283_mask.png
674679,train,train/images/674679_sat.jpg,train/masks/674679_mask.png
67470,train,train/images/67470_sat.jpg,train/masks/67470_mask.png
675133,train,train/images/675133_sat.jpg,train/masks/675133_mask.png
675145,train,train/images/675145_sat.jpg,train/masks/675145_mask.png
675430,train,train/images/675430_sat.jpg,train/masks/675430_mask.png
675455,train,train/images/675455_sat.jpg,train/masks/675455_mask.png
675479,train,train/images/675479_sat.jpg,train/masks/675479_mask.png
675545,train,train/images/675545_sat.jpg,train/masks/675545_mask.png
675817,train,train/images/675817_sat.jpg,train/masks/675817_mask.png
675819,train,train/images/675819_sat.jpg,train/masks/675819_mask.png
675862,train,train/images/675862_sat.jpg,train/masks/675862_mask.png
675866,train,train/images/675866_sat.jpg,train/masks/675866_mask.png
676161,train,train/images/676161_sat.jpg,train/masks/676161_mask.png
676239,train,train/images/676239_sat.jpg,train/masks/676239_mask.png
676440,train,train/images/676440_sat.jpg,train/masks/676440_mask.png
677828,train,train/images/677828_sat.jpg,train/masks/677828_mask.png
677861,train,train/images/677861_sat.jpg,train/masks/677861_mask.png
678247,train,train/images/678247_sat.jpg,train/masks/678247_mask.png
678463,train,train/images/678463_sat.jpg,train/masks/678463_mask.png
678766,train,train/images/678766_sat.jpg,train/masks/678766_mask.png
678881,train,train/images/678881_sat.jpg,train/masks/678881_mask.png
67889,train,train/images/67889_sat.jpg,train/masks/67889_mask.png
678993,train,train/images/678993_sat.jpg,train/masks/678993_mask.png
679091,train,train/images/679091_sat.jpg,train/masks/679091_mask.png
679320,train,train/images/679320_sat.jpg,train/masks/679320_mask.png
679534,train,train/images/679534_sat.jpg,train/masks/679534_mask.png
679539,train,train/images/679539_sat.jpg,train/masks/679539_mask.png
679572,train,train/images/679572_sat.jpg,train/masks/679572_mask.png
67970,train,train/images/67970_sat.jpg,train/masks/67970_mask.png
679925,train,train/images/679925_sat.jpg,train/masks/679925_mask.png
679949,train,train/images/679949_sat.jpg,train/masks/679949_mask.png
680199,train,train/images/680199_sat.jpg,train/masks/680199_mask.png
68022,train,train/images/68022_sat.jpg,train/masks/68022_mask.png
680270,train,train/images/680270_sat.jpg,train/masks/680270_mask.png
680398,train,train/images/680398_sat.jpg,train/masks/680398_mask.png
680928,train,train/images/680928_sat.jpg,train/masks/680928_mask.png
681104,train,train/images/681104_sat.jpg,train/masks/681104_mask.png
681141,train,train/images/681141_sat.jpg,train/masks/681141_mask.png
681238,train,train/images/681238_sat.jpg,train/masks/681238_mask.png
681248,train,train/images/681248_sat.jpg,train/masks/681248_mask.png
681273,train,train/images/681273_sat.jpg,train/masks/681273_mask.png
681344,train,train/images/681344_sat.jpg,train/masks/681344_mask.png
68142,train,train/images/68142_sat.jpg,train/masks/68142_mask.png
681474,train,train/images/681474_sat.jpg,train/masks/681474_mask.png
681650,train,train/images/681650_sat.jpg,train/masks/681650_mask.png
681963,train,train/images/681963_sat.jpg,train/masks/681963_mask.png
682069,train,train/images/682069_sat.jpg,train/masks/682069_mask.png
682129,train,train/images/682129_sat.jpg,train/masks/682129_mask.png
682291,train,train/images/682291_sat.jpg,train/masks/682291_mask.png
6822,train,train/images/6822_sat.jpg,train/masks/6822_mask.png
682308,train,train/images/682308_sat.jpg,train/masks/682308_mask.png
682374,train,train/images/682374_sat.jpg,train/masks/682374_mask.png
682429,train,train/images/682429_sat.jpg,train/masks/682429_mask.png
682892,train,train/images/682892_sat.jpg,train/masks/682892_mask.png
683199,train,train/images/683199_sat.jpg,train/masks/683199_mask.png
683201,train,train/images/683201_sat.jpg,train/masks/683201_mask.png
683317,train,train/images/683317_sat.jpg,train/masks/683317_mask.png
683363,train,train/images/683363_sat.jpg,train/masks/683363_mask.png
683410,train,train/images/683410_sat.jpg,train/masks/683410_mask.png
683467,train,train/images/683467_sat.jpg,train/masks/683467_mask.png
683585,train,train/images/683585_sat.jpg,train/masks/683585_mask.png
683788,train,train/images/683788_sat.jpg,train/masks/683788_mask.png
683814,train,train/images/683814_sat.jpg,train/masks/683814_mask.png
683838,train,train/images/683838_sat.jpg,train/masks/683838_mask.png
683856,train,train/images/683856_sat.jpg,train/masks/683856_mask.png
684066,train,train/images/684066_sat.jpg,train/masks/684066_mask.png
684145,train,train/images/684145_sat.jpg,train/masks/684145_mask.png
684164,train,train/images/684164_sat.jpg,train/masks/684164_mask.png
68427,train,train/images/68427_sat.jpg,train/masks/68427_mask.png
684359,train,train/images/684359_sat.jpg,train/masks/684359_mask.png
684603,train,train/images/684603_sat.jpg,train/masks/684603_mask.png
684687,train,train/images/684687_sat.jpg,train/masks/684687_mask.png
68561,train,train/images/68561_sat.jpg,train/masks/68561_mask.png
68562,train,train/images/68562_sat.jpg,train/masks/68562_mask.png
685727,train,train/images/685727_sat.jpg,train/masks/685727_mask.png
685750,train,train/images/685750_sat.jpg,train/masks/685750_mask.png
685762,train,train/images/685762_sat.jpg,train/masks/685762_mask.png
685896,train,train/images/685896_sat.jpg,train/masks/685896_mask.png
68596,train,train/images/68596_sat.jpg,train/masks/68596_mask.png
68616,train,train/images/68616_sat.jpg,train/masks/68616_mask.png
686449,train,train/images/686449_sat.jpg,train/masks/686449_mask.png
686523,train,train/images/686523_sat.jpg,train/masks/686523_mask.png
686547,train,train/images/686547_sat.jpg,train/masks/686547_mask.png
686693,train,train/images/686693_sat.jpg,train/masks/686693_mask.png
686810,train,train/images/686810_sat.jpg,train/masks/686810_mask.png
686939,train,train/images/686939_sat.jpg,train/masks/686939_mask.png
687265,train,train/images/687265_sat.jpg,train/masks/687265_mask.png
687318,train,train/images/687318_sat.jpg,train/masks/687318_mask.png
68733,train,train/images/68733_sat.jpg,train/masks/68733_mask.png
687396,train,train/images/687396_sat.jpg,train/masks/687396_mask.png
687433,train,train/images/687433_sat.jpg,train/masks/687433_mask.png
687712,train,train/images/687712_sat.jpg,train/masks/687712_mask.png
687729,train,train/images/687729_sat.jpg,train/masks/687729_mask.png
688119,train,train/images/688119_sat.jpg,train/masks/688119_mask.png
68814,train,train/images/68814_sat.jpg,train/masks/68814_mask.png
688154,train,train/images/688154_sat.jpg,train/masks/688154_mask.png
688173,train,train/images/688173_sat.jpg,train/masks/688173_mask.png
688218,train,train/images/688218_sat.jpg,train/masks/688218_mask.png
688388,train,train/images/688388_sat.jpg,train/masks/688388_mask.png
688471,train,train/images/688471_sat.jpg,train/masks/688471_mask.png
688587,train,train/images/688587_sat.jpg,train/masks/688587_mask.png
688756,train,train/images/688756_sat.jpg,train/masks/688756_mask.png
688847,train,train/images/688847_sat.jpg,train/masks/688847_mask.png
689078,train,train/images/689078_sat.jpg,train/masks/689078_mask.png
689263,train,train/images/689263_sat.jpg,train/masks/689263_mask.png
689530,train,train/images/689530_sat.jpg,train/masks/689530_mask.png
689551,train,train/images/689551_sat.jpg,train/masks/689551_mask.png
689630,train,train/images/689630_sat.jpg,train/masks/689630_mask.png
689911,train,train/images/689911_sat.jpg,train/masks/689911_mask.png
689951,train,train/images/689951_sat.jpg,train/masks/689951_mask.png
689986,train,train/images/689986_sat.jpg,train/masks/689986_mask.png
690021,train,train/images/690021_sat.jpg,train/masks/690021_mask.png
690411,train,train/images/690411_sat.jpg,train/masks/690411_mask.png
690430,train,train/images/690430_sat.jpg,train/masks/690430_mask.png
690443,train,train/images/690443_sat.jpg,train/masks/690443_mask.png
691185,train,train/images/691185_sat.jpg,train/masks/691185_mask.png
69128,train,train/images/69128_sat.jpg,train/masks/69128_mask.png
691662,train,train/images/691662_sat.jpg,train/masks/691662_mask.png
692067,train,train/images/692067_sat.jpg,train/masks/692067_mask.png
692169,train,train/images/692169_sat.jpg,train/masks/692169_mask.png
692188,train,train/images/692188_sat.jpg,train/masks/692188_mask.png
692502,train,train/images/692502_sat.jpg,train/masks/692502_mask.png
692569,train,train/images/692569_sat.jpg,train/masks/692569_mask.png
692627,train,train/images/692627_sat.jpg,train/masks/692627_mask.png
692655,train,train/images/692655_sat.jpg,train/masks/692655_mask.png
692921,train,train/images/692921_sat.jpg,train/masks/692921_mask.png
693103,train,train/images/693103_sat.jpg,train/masks/693103_mask.png
693141,train,train/images/693141_sat.jpg,train/masks/693141_mask.png
69335,train,train/images/69335_sat.jpg,train/masks/69335_mask.png
693470,train,train/images/693470_sat.jpg,train/masks/693470_mask.png
693813,train,train/images/693813_sat.jpg,train/masks/693813_mask.png
693888,train,train/images/693888_sat.jpg,train/masks/693888_mask.png
694261,train,train/images/694261_sat.jpg,train/masks/694261_mask.png
694341,train,train/images/694341_sat.jpg,train/masks/694341_mask.png
694384,train,train/images/694384_sat.jpg,train/masks/694384_mask.png
694668,train,train/images/694668_sat.jpg,train/masks/694668_mask.png
694679,train,train/images/694679_sat.jpg,train/masks/694679_mask.png
694729,train,train/images/694729_sat.jpg,train/masks/694729_mask.png
69479,train,train/images/69479_sat.jpg,train/masks/69479_mask.png
694828,train,train/images/694828_sat.jpg,train/masks/694828_mask.png
695004,train,train/images/695004_sat.jpg,train/masks/695004_mask.png
695052,train,train/images/695052_sat.jpg,train/masks/695052_mask.png
695186,train,train/images/695186_sat.jpg,train/masks/695186_mask.png
695262,train,train/images/695262_sat.jpg,train/masks/695262_mask.png
695415,train,train/images/695415_sat.jpg,train/masks/695415_mask.png
695531,train,train/images/695531_sat.jpg,train/masks/695531_mask.png
695632,train,train/images/695632_sat.jpg,train/masks/695632_mask.png
69568,train,train/images/69568_sat.jpg,train/masks/69568_mask.png
696016,train,train/images/696016_sat.jpg,train/masks/696016_mask.png
696096,train,train/images/696096_sat.jpg,train/masks/696096_mask.png
696333,train,train/images/696333_sat.jpg,train/masks/696333_mask.png
69637,train,train/images/69637_sat.jpg,train/masks/69637_mask.png
696550,train,train/images/696550_sat.jpg,train/masks/696550_mask.png
696599,train,train/images/696599_sat.jpg,train/masks/696599_mask.png
696812,train,train/images/696812_sat.jpg,train/masks/696812_mask.png
697156,train,train/images/697156_sat.jpg,train/masks/697156_mask.png
697165,train,train/images/697165_sat.jpg,train/masks/697165_mask.png
697216,train,train/images/697216_sat.jpg,train/masks/697216_mask.png
697488,train,train/images/697488_sat.jpg,train/masks/697488_mask.png
697814,train,train/images/697814_sat.jpg,train/masks/697814_mask.png
697871,train,train/images/697871_sat.jpg,train/masks/697871_mask.png
697903,train,train/images/697903_sat.jpg,train/masks/697903_mask.png
697939,train,train/images/697939_sat.jpg,train/masks/697939_mask.png
698428,train,train/images/698428_sat.jpg,train/masks/698428_mask.png
69853,train,train/images/69853_sat.jpg,train/masks/69853_mask.png
698949,train,train/images/698949_sat.jpg,train/masks/698949_mask.png
69896,train,train/images/69896_sat.jpg,train/masks/69896_mask.png
698989,train,train/images/698989_sat.jpg,train/masks/698989_mask.png
699022,train,train/images/699022_sat.jpg,train/masks/699022_mask.png
699076,train,train/images/699076_sat.jpg,train/masks/699076_mask.png
699275,train,train/images/699275_sat.jpg,train/masks/699275_mask.png
699877,train,train/images/699877_sat.jpg,train/masks/699877_mask.png
700023,train,train/images/700023_sat.jpg,train/masks/700023_mask.png
700216,train,train/images/700216_sat.jpg,train/masks/700216_mask.png
700268,train,train/images/700268_sat.jpg,train/masks/700268_mask.png
700383,train,train/images/700383_sat.jpg,train/masks/700383_mask.png
700576,train,train/images/700576_sat.jpg,train/masks/700576_mask.png
700753,train,train/images/700753_sat.jpg,train/masks/700753_mask.png
700971,train,train/images/700971_sat.jpg,train/masks/700971_mask.png
701163,train,train/images/701163_sat.jpg,train/masks/701163_mask.png
7011,train,train/images/7011_sat.jpg,train/masks/7011_mask.png
701263,train,train/images/701263_sat.jpg,train/masks/701263_mask.png
701304,train,train/images/701304_sat.jpg,train/masks/701304_mask.png
70160,train,train/images/70160_sat.jpg,train/masks/70160_mask.png
701651,train,train/images/701651_sat.jpg,train/masks/701651_mask.png
701827,train,train/images/701827_sat.jpg,train/masks/701827_mask.png
702023,train,train/images/702023_sat.jpg,train/masks/702023_mask.png
702136,train,train/images/702136_sat.jpg,train/masks/702136_mask.png
702551,train,train/images/702551_sat.jpg,train/masks/702551_mask.png
702777,train,train/images/702777_sat.jpg,train/masks/702777_mask.png
703054,train,train/images/703054_sat.jpg,train/masks/703054_mask.png
703102,train,train/images/703102_sat.jpg,train/masks/703102_mask.png
70312,train,train/images/70312_sat.jpg,train/masks/70312_mask.png
703300,train,train/images/703300_sat.jpg,train/masks/703300_mask.png
703489,train,train/images/703489_sat.jpg,train/masks/703489_mask.png
703624,train,train/images/703624_sat.jpg,train/masks/703624_mask.png
703661,train,train/images/703661_sat.jpg,train/masks/703661_mask.png
703903,train,train/images/703903_sat.jpg,train/masks/703903_mask.png
703960,train,train/images/703960_sat.jpg,train/masks/703960_mask.png
704392,train,train/images/704392_sat.jpg,train/masks/704392_mask.png
704571,train,train/images/704571_sat.jpg,train/masks/704571_mask.png
704600,train,train/images/704600_sat.jpg,train/masks/704600_mask.png
7046,train,train/images/7046_sat.jpg,train/masks/7046_mask.png
704940,train,train/images/704940_sat.jpg,train/masks/704940_mask.png
705112,train,train/images/705112_sat.jpg,train/masks/705112_mask.png
70522,train,train/images/70522_sat.jpg,train/masks/70522_mask.png
705360,train,train/images/705360_sat.jpg,train/masks/705360_mask.png
705390,train,train/images/705390_sat.jpg,train/masks/705390_mask.png
705577,train,train/images/705577_sat.jpg,train/masks/705577_mask.png
705579,train,train/images/705579_sat.jpg,train/masks/705579_mask.png
705767,train,train/images/705767_sat.jpg,train/masks/705767_mask.png
705897,train,train/images/705897_sat.jpg,train/masks/705897_mask.png
705989,train,train/images/705989_sat.jpg,train/masks/705989_mask.png
706051,train,train/images/706051_sat.jpg,train/masks/706051_mask.png
706141,train,train/images/706141_sat.jpg,train/masks/706141_mask.png
706175,train,train/images/706175_sat.jpg,train/masks/706175_mask.png
706206,train,train/images/706206_sat.jpg,train/masks/706206_mask.png
706483,train,train/images/706483_sat.jpg,train/masks/706483_mask.png
706490,train,train/images/706490_sat.jpg,train/masks/706490_mask.png
706589,train,train/images/706589_sat.jpg,train/masks/706589_mask.png
706709,train,train/images/706709_sat.jpg,train/masks/706709_mask.png
706733,train,train/images/706733_sat.jpg,train/masks/706733_mask.png
707088,train,train/images/707088_sat.jpg,train/masks/707088_mask.png
707152,train,train/images/707152_sat.jpg,train/masks/707152_mask.png
707157,train,train/images/707157_sat.jpg,train/masks/707157_mask.png
707210,train,train/images/707210_sat.jpg,train/masks/707210_mask.png
707235,train,train/images/707235_sat.jpg,train/masks/707235_mask.png
70749,train,train/images/70749_sat.jpg,train/masks/70749_mask.png
707554,train,train/images/707554_sat.jpg,train/masks/707554_mask.png
707576,train,train/images/707576_sat.jpg,train/masks/707576_mask.png
707759,train,train/images/707759_sat.jpg,train/masks/707759_mask.png
707783,train,train/images/707783_sat.jpg,train/masks/707783_mask.png
707784,train,train/images/707784_sat.jpg,train/masks/707784_mask.png
707893,train,train/images/707893_sat.jpg,train/masks/707893_mask.png
708268,train,train/images/708268_sat.jpg,train/masks/708268_mask.png
708311,train,train/images/708311_sat.jpg,train/masks/708311_mask.png
708675,train,train/images/708675_sat.jpg,train/masks/708675_mask.png
709045,train,train/images/709045_sat.jpg,train/masks/709045_mask.png
709100,train,train/images/709100_sat.jpg,train/masks/709100_mask.png
709202,train,train/images/709202_sat.jpg,train/masks/709202_mask.png
70933,train,train/images/70933_sat.jpg,train/masks/70933_mask.png
709593,train,train/images/709593_sat.jpg,train/masks/709593_mask.png
709761,train,train/images/709761_sat.jpg,train/masks/709761_mask.png
710127,train,train/images/710127_sat.jpg,train/masks/710127_mask.png
710283,train,train/images/710283_sat.jpg,train/masks/710283_mask.png
710326,train,train/images/710326_sat.jpg,train/masks/710326_mask.png
710332,train,train/images/710332_sat.jpg,train/masks/710332_mask.png
710678,train,train/images/710678_sat.jpg,train/masks/710678_mask.png
710849,train,train/images/710849_sat.jpg,train/masks/710849_mask.png
710935,train,train/images/710935_sat.jpg,train/masks/710935_mask.png
711166,train,train/images/711166_sat.jpg,train/masks/711166_mask.png
711268,train,train/images/711268_sat.jpg,train/masks/711268_mask.png
711325,train,train/images/711325_sat.jpg,train/masks/711325_mask.png
711372,train,train/images/711372_sat.jpg,train/masks/711372_mask.png
711527,train,train/images/711527_sat.jpg,train/masks/711527_mask.png
711693,train,train/images/711693_sat.jpg,train/masks/711693_mask.png
711711,train,train/images/711711_sat.jpg,train/masks/711711_mask.png
711749,train,train/images/711749_sat.jpg,train/masks/711749_mask.png
711758,train,train/images/711758_sat.jpg,train/masks/711758_mask.png
712340,train,train/images/712340_sat.jpg,train/masks/712340_mask.png
712417,train,train/images/712417_sat.jpg,train/masks/712417_mask.png
712551,train,train/images/712551_sat.jpg,train/masks/712551_mask.png
712648,train,train/images/712648_sat.jpg,train/masks/712648_mask.png
712728,train,train/images/712728_sat.jpg,train/masks/712728_mask.png
712899,train,train/images/712899_sat.jpg,train/masks/712899_mask.png
712943,train,train/images/712943_sat.jpg,train/masks/712943_mask.png
713138,train,train/images/713138_sat.jpg,train/masks/713138_mask.png
713612,train,train/images/713612_sat.jpg,train/masks/713612_mask.png
713865,train,train/images/713865_sat.jpg,train/masks/713865_mask.png
71429,train,train/images/71429_sat.jpg,train/masks/71429_mask.png
714515,train,train/images/714515_sat.jpg,train/masks/714515_mask.png
714640,train,train/images/714640_sat.jpg,train/masks/714640_mask.png
714700,train,train/images/714700_sat.jpg,train/masks/714700_mask.png
714735,train,train/images/714735_sat.jpg,train/masks/714735_mask.png
714780,train,train/images/714780_sat.jpg,train/masks/714780_mask.png
714791,train,train/images/714791_sat.jpg,train/masks/714791_mask.png
714883,train,train/images/714883_sat.jpg,train/masks/714883_mask.png
714942,train,train/images/714942_sat.jpg,train/masks/714942_mask.png
715082,train,train/images/715082_sat.jpg,train/masks/715082_mask.png
715124,train,train/images/715124_sat.jpg,train/masks/715124_mask.png
715129,train,train/images/715129_sat.jpg,train/masks/715129_mask.png
715251,train,train/images/715251_sat.jpg,train/masks/715251_mask.png
715505,train,train/images/715505_sat.jpg,train/masks/715505_mask.png
715606,train,train/images/715606_sat.jpg,train/masks/715606_mask.png
71574,train,train/images/71574_sat.jpg,train/masks/71574_mask.png
715802,train,train/images/715802_sat.jpg,train/masks/715802_mask.png
715844,train,train/images/715844_sat.jpg,train/masks/715844_mask.png
715887,train,train/images/715887_sat.jpg,train/masks/715887_mask.png
715931,train,train/images/715931_sat.jpg,train/masks/715931_mask.png
716091,train,train/images/716091_sat.jpg,train/masks/716091_mask.png
716115,train,train/images/716115_sat.jpg,train/masks/716115_mask.png
716204,train,train/images/716204_sat.jpg,train/masks/716204_mask.png
716527,train,train/images/716527_sat.jpg,train/masks/716527_mask.png
716533,train,train/images/716533_sat.jpg,train/masks/716533_mask.png
71671,train,train/images/71671_sat.jpg,train/masks/71671_mask.png
716796,train,train/images/716796_sat.jpg,train/masks/716796_mask.png
716847,train,train/images/716847_sat.jpg,train/masks/716847_mask.png
716970,train,train/images/716970_sat.jpg,train/masks/716970_mask.png
717014,train,train/images/717014_sat.jpg,train/masks/717014_mask.png
717068,train,train/images/717068_sat.jpg,train/masks/717068_mask.png
71706,train,train/images/71706_sat.jpg,train/masks/71706_mask.png
717126,train,train/images/717126_sat.jpg,train/masks/717126_mask.png
717181,train,train/images/717181_sat.jpg,train/masks/717181_mask.png
717213,train,train/images/717213_sat.jpg,train/masks/717213_mask.png
71759,train,train/images/71759_sat.jpg,train/masks/71759_mask.png
717919,train,train/images/717919_sat.jpg,train/masks/717919_mask.png
718018,train,train/images/718018_sat.jpg,train/masks/718018_mask.png
718165,train,train/images/718165_sat.jpg,train/masks/718165_mask.png
718185,train,train/images/718185_sat.jpg,train/masks/718185_mask.png
718231,train,train/images/718231_sat.jpg,train/masks/718231_mask.png
718338,train,train/images/718338_sat.jpg,train/masks/718338_mask.png
718446,train,train/images/718446_sat.jpg,train/masks/718446_mask.png
718541,train,train/images/718541_sat.jpg,train/masks/718541_mask.png
718606,train,train/images/718606_sat.jpg,train/masks/718606_mask.png
718920,train,train/images/718920_sat.jpg,train/masks/718920_mask.png
719077,train,train/images/719077_sat.jpg,train/masks/719077_mask.png
719143,train,train/images/719143_sat.jpg,train/masks/719143_mask.png
719219,train,train/images/719219_sat.jpg,train/masks/719219_mask.png
719394,train,train/images/719394_sat.jpg,train/masks/719394_mask.png
71939,train,train/images/71939_sat.jpg,train/masks/71939_mask.png
719482,train,train/images/719482_sat.jpg,train/masks/719482_mask.png
719559,train,train/images/719559_sat.jpg,train/masks/719559_mask.png
719635,train,train/images/719635_sat.jpg,train/masks/719635_mask.png
719768,train,train/images/719768_sat.jpg,train/masks/719768_mask.png
71993,train,train/images/71993_sat.jpg,train/masks/71993_mask.png
719952,train,train/images/719952_sat.jpg,train/masks/719952_mask.png
719968,train,train/images/719968_sat.jpg,train/masks/719968_mask.png
720018,train,train/images/720018_sat.jpg,train/masks/720018_mask.png
720997,train,train/images/720997_sat.jpg,train/masks/720997_mask.png
721100,train,train/images/721100_sat.jpg,train/masks/721100_mask.png
72141,train,train/images/72141_sat.jpg,train/masks/72141_mask.png
721436,train,train/images/721436_sat.jpg,train/masks/721436_mask.png
721868,train,train/images/721868_sat.jpg,train/masks/721868_mask.png
722038,train,train/images/722038_sat.jpg,train/masks/722038_mask.png
722267,train,train/images/722267_sat.jpg,train/masks/722267_mask.png
722527,train,train/images/722527_sat.jpg,train/masks/722527_mask.png
722659,train,train/images/722659_sat.jpg,train/masks/722659_mask.png
722817,train,train/images/722817_sat.jpg,train/masks/722817_mask.png
722948,train,train/images/722948_sat.jpg,train/masks/722948_mask.png
723042,train,train/images/723042_sat.jpg,train/masks/723042_mask.png
723117,train,train/images/723117_sat.jpg,train/masks/723117_mask.png
723127,train,train/images/723127_sat.jpg,train/masks/723127_mask.png
723143,train,train/images/723143_sat.jpg,train/masks/723143_mask.png
723196,train,train/images/723196_sat.jpg,train/masks/723196_mask.png
723199,train,train/images/723199_sat.jpg,train/masks/723199_mask.png
723226,train,train/images/723226_sat.jpg,train/masks/723226_mask.png
723436,train,train/images/723436_sat.jpg,train/masks/723436_mask.png
723483,train,train/images/723483_sat.jpg,train/masks/723483_mask.png
723622,train,train/images/723622_sat.jpg,train/masks/723622_mask.png
723722,train,train/images/723722_sat.jpg,train/masks/723722_mask.png
723970,train,train/images/723970_sat.jpg,train/masks/723970_mask.png
723990,train,train/images/723990_sat.jpg,train/masks/723990_mask.png
724095,train,train/images/724095_sat.jpg,train/masks/724095_mask.png
724431,train,train/images/724431_sat.jpg,train/masks/724431_mask.png
724485,train,train/images/724485_sat.jpg,train/masks/724485_mask.png
724705,train,train/images/724705_sat.jpg,train/masks/724705_mask.png
724870,train,train/images/724870_sat.jpg,train/masks/724870_mask.png
724941,train,train/images/724941_sat.jpg,train/masks/724941_mask.png
724993,train,train/images/724993_sat.jpg,train/masks/724993_mask.png
725014,train,train/images/725014_sat.jpg,train/masks/725014_mask.png
725115,train,train/images/725115_sat.jpg,train/masks/725115_mask.png
725183,train,train/images/725183_sat.jpg,train/masks/725183_mask.png
725239,train,train/images/725239_sat.jpg,train/masks/725239_mask.png
725249,train,train/images/725249_sat.jpg,train/masks/725249_mask.png
725359,train,train/images/725359_sat.jpg,train/masks/725359_mask.png
725392,train,train/images/725392_sat.jpg,train/masks/725392_mask.png
725472,train,train/images/725472_sat.jpg,train/masks/725472_mask.png
725747,train,train/images/725747_sat.jpg,train/masks/725747_mask.png
725833,train,train/images/725833_sat.jpg,train/masks/725833_mask.png
725843,train,train/images/725843_sat.jpg,train/masks/725843_mask.png
726148,train,train/images/726148_sat.jpg,train/masks/726148_mask.png
726271,train,train/images/726271_sat.jpg,train/masks/726271_mask.png
726557,train,train/images/726557_sat.jpg,train/masks/726557_mask.png
726668,train,train/images/726668_sat.jpg,train/masks/726668_mask.png
72689,train,train/images/72689_sat.jpg,train/masks/72689_mask.png
727230,train,train/images/727230_sat.jpg,train/masks/727230_mask.png
727315,train,train/images/727315_sat.jpg,train/masks/727315_mask.png
727435,train,train/images/727435_sat.jpg,train/masks/727435_mask.png
727513,train,train/images/727513_sat.jpg,train/masks/727513_mask.png
727773,train,train/images/727773_sat.jpg,train/masks/727773_mask.png
727840,train,train/images/727840_sat.jpg,train/masks/727840_mask.png
728547,train,train/images/728547_sat.jpg,train/masks/728547_mask.png
728843,train,train/images/728843_sat.jpg,train/masks/728843_mask.png
729020,train,train/images/729020_sat.jpg,train/masks/729020_mask.png
729246,train,train/images/729246_sat.jpg,train/masks/729246_mask.png
729444,train,train/images/729444_sat.jpg,train/masks/729444_mask.png
729661,train,train/images/729661_sat.jpg,train/masks/729661_mask.png
729885,train,train/images/729885_sat.jpg,train/masks/729885_mask.png
730185,train,train/images/730185_sat.jpg,train/masks/730185_mask.png
730270,train,train/images/730270_sat.jpg,train/masks/730270_mask.png
730281,train,train/images/730281_sat.jpg,train/masks/730281_mask.png
73033,train,train/images/73033_sat.jpg,train/masks/73033_mask.png
730376,train,train/images/730376_sat.jpg,train/masks/730376_mask.png
730524,train,train/images/730524_sat.jpg,train/masks/730524_mask.png
730531,train,train/images/730531_sat.jpg,train/masks/730531_mask.png
730614,train,train/images/730614_sat.jpg,train/masks/730614_mask.png
730763,train,train/images/730763_sat.jpg,train/masks/730763_mask.png
730949,train,train/images/730949_sat.jpg,train/masks/730949_mask.png
730973,train,train/images/730973_sat.jpg,train/masks/730973_mask.png
731150,train,train/images/731150_sat.jpg,train/masks/731150_mask.png
731187,train,train/images/731187_sat.jpg,train/masks/731187_mask.png
731391,train,train/images/731391_sat.jpg,train/masks/731391_mask.png
731685,train,train/images/731685_sat.jpg,train/masks/731685_mask.png
73183,train,train/images/73183_sat.jpg,train/masks/73183_mask.png
731856,train,train/images/731856_sat.jpg,train/masks/731856_mask.png
73185,train,train/images/73185_sat.jpg,train/masks/73185_mask.png
732011,train,train/images/732011_sat.jpg,train/masks/732011_mask.png
732079,train,train/images/732079_sat.jpg,train/masks/732079_mask.png
732273,train,train/images/732273_sat.jpg,train/masks/732273_mask.png
732310,train,train/images/732310_sat.jpg,train/masks/732310_mask.png
732602,train,train/images/732602_sat.jpg,train/masks/732602_mask.png
732691,train,train/images/732691_sat.jpg,train/masks/732691_mask.png
732841,train,train/images/732841_sat.jpg,train/masks/732841_mask.png
733019,train,train/images/733019_sat.jpg,train/masks/733019_mask.png
733110,train,train/images/733110_sat.jpg,train/masks/733110_mask.png
733133,train,train/images/733133_sat.jpg,train/masks/733133_mask.png
733417,train,train/images/733417_sat.jpg,train/masks/733417_mask.png
733437,train,train/images/733437_sat.jpg,train/masks/733437_mask.png
733755,train,train/images/733755_sat.jpg,train/masks/733755_mask.png
733881,train,train/images/733881_sat.jpg,train/masks/733881_mask.png
733966,train,train/images/733966_sat.jpg,train/masks/733966_mask.png
734040,train,train/images/734040_sat.jpg,train/masks/734040_mask.png
734244,train,train/images/734244_sat.jpg,train/masks/734244_mask.png
734534,train,train/images/734534_sat.jpg,train/masks/734534_mask.png
734610,train,train/images/734610_sat.jpg,train/masks/734610_mask.png
734621,train,train/images/734621_sat.jpg,train/masks/734621_mask.png
734675,train,train/images/734675_sat.jpg,train/masks/734675_mask.png
734704,train,train/images/734704_sat.jpg,train/masks/734704_mask.png
734903,train,train/images/734903_sat.jpg,train/masks/734903_mask.png
735003,train,train/images/735003_sat.jpg,train/masks/735003_mask.png
735075,train,train/images/735075_sat.jpg,train/masks/735075_mask.png
735376,train,train/images/735376_sat.jpg,train/masks/735376_mask.png
735617,train,train/images/735617_sat.jpg,train/masks/735617_mask.png
735784,train,train/images/735784_sat.jpg,train/masks/735784_mask.png
735929,train,train/images/735929_sat.jpg,train/masks/735929_mask.png
735969,train,train/images/735969_sat.jpg,train/masks/735969_mask.png
736091,train,train/images/736091_sat.jpg,train/masks/736091_mask.png
736329,train,train/images/736329_sat.jpg,train/masks/736329_mask.png
736444,train,train/images/736444_sat.jpg,train/masks/736444_mask.png
736465,train,train/images/736465_sat.jpg,train/masks/736465_mask.png
736629,train,train/images/736629_sat.jpg,train/masks/736629_mask.png
736666,train,train/images/736666_sat.jpg,train/masks/736666_mask.png
736732,train,train/images/736732_sat.jpg,train/masks/736732_mask.png
736761,train,train/images/736761_sat.jpg,train/masks/736761_mask.png
737263,train,train/images/737263_sat.jpg,train/masks/737263_mask.png
7372,train,train/images/7372_sat.jpg,train/masks/7372_mask.png
737508,train,train/images/737508_sat.jpg,train/masks/737508_mask.png
737584,train,train/images/737584_sat.jpg,train/masks/737584_mask.png
737666,train,train/images/737666_sat.jpg,train/masks/737666_mask.png
738170,train,train/images/738170_sat.jpg,train/masks/738170_mask.png
738407,train,train/images/738407_sat.jpg,train/masks/738407_mask.png
738456,train,train/images/738456_sat.jpg,train/masks/738456_mask.png
73857,train,train/images/73857_sat.jpg,train/masks/73857_mask.png
73867,train,train/images/73867_sat.jpg,train/masks/73867_mask.png
738721,train,train/images/738721_sat.jpg,train/masks/738721_mask.png
738813,train,train/images/738813_sat.jpg,train/masks/738813_mask.png
738906,train,train/images/738906_sat.jpg,train/masks/738906_mask.png
739225,train,train/images/739225_sat.jpg,train/masks/739225_mask.png
739465,train,train/images/739465_sat.jpg,train/masks/739465_mask.png
73959,train,train/images/73959_sat.jpg,train/masks/73959_mask.png
739815,train,train/images/739815_sat.jpg,train/masks/739815_mask.png
74010,train,train/images/74010_sat.jpg,train/masks/74010_mask.png
740261,train,train/images/740261_sat.jpg,train/masks/740261_mask.png
74057,train,train/images/74057_sat.jpg,train/masks/74057_mask.png
740865,train,train/images/740865_sat.jpg,train/masks/740865_mask.png
741188,train,train/images/741188_sat.jpg,train/masks/741188_mask.png
74143,train,train/images/74143_sat.jpg,train/masks/74143_mask.png
741476,train,train/images/741476_sat.jpg,train/masks/741476_mask.png
741508,train,train/images/741508_sat.jpg,train/masks/741508_mask.png
741728,train,train/images/741728_sat.jpg,train/masks/741728_mask.png
741749,train,train/images/741749_sat.jpg,train/masks/741749_mask.png
742031,train,train/images/742031_sat.jpg,train/masks/742031_mask.png
742141,train,train/images/742141_sat.jpg,train/masks/742141_mask.png
742390,train,train/images/742390_sat.jpg,train/masks/742390_mask.png
742461,train,train/images/742461_sat.jpg,train/masks/742461_mask.png
742678,train,train/images/742678_sat.jpg,train/masks/742678_mask.png
742880,train,train/images/742880_sat.jpg,train/masks/742880_mask.png
743007,train,train/images/743007_sat.jpg,train/masks/743007_mask.png
743078,train,train/images/743078_sat.jpg,train/masks/743078_mask.png
743232,train,train/images/743232_sat.jpg,train/masks/743232_mask.png
743450,train,train/images/743450_sat.jpg,train/masks/743450_mask.png
743506,train,train/images/743506_sat.jpg,train/masks/743506_mask.png
743617,train,train/images/743617_sat.jpg,train/masks/743617_mask.png
743645,train,train/images/743645_sat.jpg,train/masks/743645_mask.png
744056,train,train/images/744056_sat.jpg,train/masks/744056_mask.png
744091,train,train/images/744091_sat.jpg,train/masks/744091_mask.png
744092,train,train/images/744092_sat.jpg,train/masks/744092_mask.png
744129,train,train/images/744129_sat.jpg,train/masks/744129_mask.png
744188,train,train/images/744188_sat.jpg,train/masks/744188_mask.png
744794,train,train/images/744794_sat.jpg,train/masks/744794_mask.png
744973,train,train/images/744973_sat.jpg,train/masks/744973_mask.png
744975,train,train/images/744975_sat.jpg,train/masks/744975_mask.png
74497,train,train/images/74497_sat.jpg,train/masks/74497_mask.png
745086,train,train/images/745086_sat.jpg,train/masks/745086_mask.png
745107,train,train/images/745107_sat.jpg,train/masks/745107_mask.png
745266,train,train/images/745266_sat.jpg,train/masks/745266_mask.png
74552,train,train/images/74552_sat.jpg,train/masks/74552_mask.png
745704,train,train/images/745704_sat.jpg,train/masks/745704_mask.png
745880,train,train/images/745880_sat.jpg,train/masks/745880_mask.png
745902,train,train/images/745902_sat.jpg,train/masks/745902_mask.png
746005,train,train/images/746005_sat.jpg,train/masks/746005_mask.png
74600,train,train/images/74600_sat.jpg,train/masks/74600_mask.png
746094,train,train/images/746094_sat.jpg,train/masks/746094_mask.png
746431,train,train/images/746431_sat.jpg,train/masks/746431_mask.png
746499,train,train/images/746499_sat.jpg,train/masks/746499_mask.png
746743,train,train/images/746743_sat.jpg,train/masks/746743_mask.png
746839,train,train/images/746839_sat.jpg,train/masks/746839_mask.png
747312,train,train/images/747312_sat.jpg,train/masks/747312_mask.png
74737,train,train/images/74737_sat.jpg,train/masks/74737_mask.png
747392,train,train/images/747392_sat.jpg,train/masks/747392_mask.png
747616,train,train/images/747616_sat.jpg,train/masks/747616_mask.png
748045,train,train/images/748045_sat.jpg,train/masks/748045_mask.png
748093,train,train/images/748093_sat.jpg,train/masks/748093_mask.png
748425,train,train/images/748425_sat.jpg,train/masks/748425_mask.png
748548,train,train/images/748548_sat.jpg,train/masks/748548_mask.png
748601,train,train/images/748601_sat.jpg,train/masks/748601_mask.png
748913,train,train/images/748913_sat.jpg,train/masks/748913_mask.png
748989,train,train/images/748989_sat.jpg,train/masks/748989_mask.png
749627,train,train/images/749627_sat.jpg,train/masks/749627_mask.png
749641,train,train/images/749641_sat.jpg,train/masks/749641_mask.png
749648,train,train/images/749648_sat.jpg,train/masks/749648_mask.png
749787,train,train/images/749787_sat.jpg,train/masks/749787_mask.png
749859,train,train/images/749859_sat.jpg,train/masks/749859_mask.png
74988,train,train/images/74988_sat.jpg,train/masks/74988_mask.png
74989,train,train/images/74989_sat.jpg,train/masks/74989_mask.png
750187,train,train/images/750187_sat.jpg,train/masks/750187_mask.png
750210,train,train/images/750210_sat.jpg,train/masks/750210_mask.png
750445,train,train/images/750445_sat.jpg,train/masks/750445_mask.png
750485,train,train/images/750485_sat.jpg,train/masks/750485_mask.png
750530,train,train/images/750530_sat.jpg,train/masks/750530_mask.png
750608,train,train/images/750608_sat.jpg,train/masks/750608_mask.png
750772,train,train/images/750772_sat.jpg,train/masks/750772_mask.png
750897,train,train/images/750897_sat.jpg,train/masks/750897_mask.png
750956,train,train/images/750956_sat.jpg,train/masks/750956_mask.png
751202,train,train/images/751202_sat.jpg,train/masks/751202_mask.png
751448,train,train/images/751448_sat.jpg,train/masks/751448_mask.png
751585,train,train/images/751585_sat.jpg,train/masks/751585_mask.png
751700,train,train/images/751700_sat.jpg,train/masks/751700_mask.png
752005,train,train/images/752005_sat.jpg,train/masks/752005_mask.png
752517,train,train/images/752517_sat.jpg,train/masks/752517_mask.png
752601,train,train/images/752601_sat.jpg,train/masks/752601_mask.png
752614,train,train/images/752614_sat.jpg,train/masks/752614_mask.png
752708,train,train/images/752708_sat.jpg,train/masks/752708_mask.png
753016,train,train/images/753016_sat.jpg,train/masks/753016_mask.png
753215,train,train/images/753215_sat.jpg,train/masks/753215_mask.png
75330,train,train/images/75330_sat.jpg,train/masks/75330_mask.png
753384,train,train/images/753384_sat.jpg,train/masks/753384_mask.png
753390,train,train/images/753390_sat.jpg,train/masks/753390_mask.png
753614,train,train/images/753614_sat.jpg,train/masks/753614_mask.png
753638,train,train/images/753638_sat.jpg,train/masks/753638_mask.png
753663,train,train/images/753663_sat.jpg,train/masks/753663_mask.png
753676,train,train/images/753676_sat.jpg,train/masks/753676_mask.png
753694,train,train/images/753694_sat.jpg,train/masks/753694_mask.png
753907,train,train/images/753907_sat.jpg,train/masks/753907_mask.png
754467,train,train/images/754467_sat.jpg,train/masks/754467_mask.png
754506,train,train/images/754506_sat.jpg,train/masks/754506_mask.png
754539,train,train/images/754539_sat.jpg,train/masks/754539_mask.png
754670,train,train/images/754670_sat.jpg,train/masks/754670_mask.png
754944,train,train/images/754944_sat.jpg,train/masks/754944_mask.png
754948,train,train/images/754948_sat.jpg,train/masks/754948_mask.png
755069,train,train/images/755069_sat.jpg,train/masks/755069_mask.png
755342,train,train/images/755342_sat.jpg,train/masks/755342_mask.png
755362,train,train/images/755362_sat.jpg,train/masks/755362_mask.png
755575,train,train/images/755575_sat.jpg,train/masks/755575_mask.png
755605,train,train/images/755605_sat.jpg,train/masks/755605_mask.png
75561,train,train/images/75561_sat.jpg,train/masks/75561_mask.png
755736,train,train/images/755736_sat.jpg,train/masks/755736_mask.png
755954,train,train/images/755954_sat.jpg,train/masks/755954_mask.png
755970,train,train/images/755970_sat.jpg,train/masks/755970_mask.png
756116,train,train/images/756116_sat.jpg,train/masks/756116_mask.png
75611,train,train/images/75611_sat.jpg,train/masks/75611_mask.png
756844,train,train/images/756844_sat.jpg,train/masks/756844_mask.png
757028,train,train/images/757028_sat.jpg,train/masks/757028_mask.png
757146,train,train/images/757146_sat.jpg,train/masks/757146_mask.png
757279,train,train/images/757279_sat.jpg,train/masks/757279_mask.png
757333,train,train/images/757333_sat.jpg,train/masks/757333_mask.png
757498,train,train/images/757498_sat.jpg,train/masks/757498_mask.png
757554,train,train/images/757554_sat.jpg,train/masks/757554_mask.png
757803,train,train/images/757803_sat.jpg,train/masks/757803_mask.png
757829,train,train/images/757829_sat.jpg,train/masks/757829_mask.png
757855,train,train/images/757855_sat.jpg,train/masks/757855_mask.png
757922,train,train/images/757922_sat.jpg,train/masks/757922_mask.png
75815,train,train/images/75815_sat.jpg,train/masks/75815_mask.png
758229,train,train/images/758229_sat.jpg,train/masks/758229_mask.png
758267,train,train/images/758267_sat.jpg,train/masks/758267_mask.png
758397,train,train/images/758397_sat.jpg,train/masks/758397_mask.png
758481,train,train/images/758481_sat.jpg,train/masks/758481_mask.png
758578,train,train/images/758578_sat.jpg,train/masks/758578_mask.png
758682,train,train/images/758682_sat.jpg,train/masks/758682_mask.png
758734,train,train/images/758734_sat.jpg,train/masks/758734_mask.png
758779,train,train/images/758779_sat.jpg,train/masks/758779_mask.png
758828,train,train/images/758828_sat.jpg,train/masks/758828_mask.png
758957,train,train/images/758957_sat.jpg,train/masks/758957_mask.png
758973,train,train/images/758973_sat.jpg,train/masks/758973_mask.png
759019,train,train/images/759019_sat.jpg,train/masks/759019_mask.png
759091,train,train/images/759091_sat.jpg,train/masks/759091_mask.png
759166,train,train/images/759166_sat.jpg,train/masks/759166_mask.png
759355,train,train/images/759355_sat.jpg,train/masks/759355_mask.png
759445,train,train/images/759445_sat.jpg,train/masks/759445_mask.png
759537,train,train/images/759537_sat.jpg,train/masks/759537_mask.png
759607,train,train/images/759607_sat.jpg,train/masks/759607_mask.png
759655,train,train/images/759655_sat.jpg,train/masks/759655_mask.png
759945,train,train/images/759945_sat.jpg,train/masks/759945_mask.png
759949,train,train/images/759949_sat.jpg,train/masks/759949_mask.png
760036,train,train/images/760036_sat.jpg,train/masks/760036_mask.png
760069,train,train/images/760069_sat.jpg,train/masks/760069_mask.png
760170,train,train/images/760170_sat.jpg,train/masks/760170_mask.png
760255,train,train/images/760255_sat.jpg,train/masks/760255_mask.png
760294,train,train/images/760294_sat.jpg,train/masks/760294_mask.png
760338,train,train/images/760338_sat.jpg,train/masks/760338_mask.png
760377,train,train/images/760377_sat.jpg,train/masks/760377_mask.png
760436,train,train/images/760436_sat.jpg,train/masks/760436_mask.png
760891,train,train/images/760891_sat.jpg,train/masks/760891_mask.png
760962,train,train/images/760962_sat.jpg,train/masks/760962_mask.png
761056,train,train/images/761056_sat.jpg,train/masks/761056_mask.png
761119,train,train/images/761119_sat.jpg,train/masks/761119_mask.png
761239,train,train/images/761239_sat.jpg,train/masks/761239_mask.png
761646,train,train/images/761646_sat.jpg,train/masks/761646_mask.png
761666,train,train/images/761666_sat.jpg,train/masks/761666_mask.png
761866,train,train/images/761866_sat.jpg,train/masks/761866_mask.png
762023,train,train/images/762023_sat.jpg,train/masks/762023_mask.png
762116,train,train/images/762116_sat.jpg,train/masks/762116_mask.png
762387,train,train/images/762387_sat.jpg,train/masks/762387_mask.png
763393,train,train/images/763393_sat.jpg,train/masks/763393_mask.png
763554,train,train/images/763554_sat.jpg,train/masks/763554_mask.png
763876,train,train/images/763876_sat.jpg,train/masks/763876_mask.png
763947,train,train/images/763947_sat.jpg,train/masks/763947_mask.png
763964,train,train/images/763964_sat.jpg,train/masks/763964_mask.png
764015,train,train/images/764015_sat.jpg,train/masks/764015_mask.png
764194,train,train/images/764194_sat.jpg,train/masks/764194_mask.png
764272,train,train/images/764272_sat.jpg,train/masks/764272_mask.png
764386,train,train/images/764386_sat.jpg,train/masks/764386_mask.png
764396,train,train/images/764396_sat.jpg,train/masks/764396_mask.png
764473,train,train/images/764473_sat.jpg,train/masks/764473_mask.png
764483,train,train/images/764483_sat.jpg,train/masks/764483_mask.png
764632,train,train/images/764632_sat.jpg,train/masks/764632_mask.png
764954,train,train/images/764954_sat.jpg,train/masks/764954_mask.png
765293,train,train/images/765293_sat.jpg,train/masks/765293_mask.png
765415,train,train/images/765415_sat.jpg,train/masks/765415_mask.png
765458,train,train/images/765458_sat.jpg,train/masks/765458_mask.png
765569,train,train/images/765569_sat.jpg,train/masks/765569_mask.png
765839,train,train/images/765839_sat.jpg,train/masks/765839_mask.png
766110,train,train/images/766110_sat.jpg,train/masks/766110_mask.png
766187,train,train/images/766187_sat.jpg,train/masks/766187_mask.png
766257,train,train/images/766257_sat.jpg,train/masks/766257_mask.png
766536,train,train/images/766536_sat.jpg,train/masks/766536_mask.png
766872,train,train/images/766872_sat.jpg,train/masks/766872_mask.png
766889,train,train/images/766889_sat.jpg,train/masks/766889_mask.png
767144,train,train/images/767144_sat.jpg,train/masks/767144_mask.png
767261,train,train/images/767261_sat.jpg,train/masks/767261_mask.png
76736,train,train/images/76736_sat.jpg,train/masks/76736_mask.png
767432,train,train/images/767432_sat.jpg,train/masks/767432_mask.png
767454,train,train/images/767454_sat.jpg,train/masks/767454_mask.png
767496,train,train/images/767496_sat.jpg,train/masks/767496_mask.png
767537,train,train/images/767537_sat.jpg,train/masks/767537_mask.png
767677,train,train/images/767677_sat.jpg,train/masks/767677_mask.png
767726,train,train/images/767726_sat.jpg,train/masks/767726_mask.png
767812,train,train/images/767812_sat.jpg,train/masks/767812_mask.png
767819,train,train/images/767819_sat.jpg,train/masks/767819_mask.png
768007,train,train/images/768007_sat.jpg,train/masks/768007_mask.png
768045,train,train/images/768045_sat.jpg,train/masks/768045_mask.png
768086,train,train/images/768086_sat.jpg,train/masks/768086_mask.png
768224,train,train/images/768224_sat.jpg,train/masks/768224_mask.png
768401,train,train/images/768401_sat.jpg,train/masks/768401_mask.png
768818,train,train/images/768818_sat.jpg,train/masks/768818_mask.png
769104,train,train/images/769104_sat.jpg,train/masks/769104_mask.png
769154,train,train/images/769154_sat.jpg,train/masks/769154_mask.png
769287,train,train/images/769287_sat.jpg,train/masks/769287_mask.png
769360,train,train/images/769360_sat.jpg,train/masks/769360_mask.png
769376,train,train/images/769376_sat.jpg,train/masks/769376_mask.png
769666,train,train/images/769666_sat.jpg,train/masks/769666_mask.png
769777,train,train/images/769777_sat.jpg,train/masks/769777_mask.png
769782,train,train/images/769782_sat.jpg,train/masks/769782_mask.png
769940,train,train/images/769940_sat.jpg,train/masks/769940_mask.png
769960,train,train/images/769960_sat.jpg,train/masks/769960_mask.png
770001,train,train/images/770001_sat.jpg,train/masks/770001_mask.png
770292,train,train/images/770292_sat.jpg,train/masks/770292_mask.png
770434,train,train/images/770434_sat.jpg,train/masks/770434_mask.png
770503,train,train/images/770503_sat.jpg,train/masks/770503_mask.png
770634,train,train/images/770634_sat.jpg,train/masks/770634_mask.png
770659,train,train/images/770659_sat.jpg,train/masks/770659_mask.png
770696,train,train/images/770696_sat.jpg,train/masks/770696_mask.png
77085,train,train/images/77085_sat.jpg,train/masks/77085_mask.png
770882,train,train/images/770882_sat.jpg,train/masks/770882_mask.png
771036,train,train/images/771036_sat.jpg,train/masks/771036_mask.png
771180,train,train/images/771180_sat.jpg,train/masks/771180_mask.png
771314,train,train/images/771314_sat.jpg,train/masks/771314_mask.png
771348,train,train/images/771348_sat.jpg,train/masks/771348_mask.png
771440,train,train/images/771440_sat.jpg,train/masks/771440_mask.png
771451,train,train/images/771451_sat.jpg,train/masks/771451_mask.png
771504,train,train/images/771504_sat.jpg,train/masks/771504_mask.png
771517,train,train/images/771517_sat.jpg,train/masks/771517_mask.png
771601,train,train/images/771601_sat.jpg,train/masks/771601_mask.png
771718,train,train/images/771718_sat.jpg,train/masks/771718_mask.png
771767,train,train/images/771767_sat.jpg,train/masks/771767_mask.png
771823,train,train/images/771823_sat.jpg,train/masks/771823_mask.png
77200,train,train/images/77200_sat.jpg,train/masks/77200_mask.png
772077,train,train/images/772077_sat.jpg,train/masks/772077_mask.png
772275,train,train/images/772275_sat.jpg,train/masks/772275_mask.png
772377,train,train/images/772377_sat.jpg,train/masks/772377_mask.png
773391,train,train/images/773391_sat.jpg,train/masks/773391_mask.png
773427,train,train/images/773427_sat.jpg,train/masks/773427_mask.png
773440,train,train/images/773440_sat.jpg,train/masks/773440_mask.png
77378,train,train/images/77378_sat.jpg,train/masks/77378_mask.png
774382,train,train/images/774382_sat.jpg,train/masks/774382_mask.png
774511,train,train/images/774511_sat.jpg,train/masks/774511_mask.png
774528,train,train/images/774528_sat.jpg,train/masks/774528_mask.png
774720,train,train/images/774720_sat.jpg,train/masks/774720_mask.png
774730,train,train/images/774730_sat.jpg,train/masks/774730_mask.png
775397,train,train/images/775397_sat.jpg,train/masks/775397_mask.png
775478,train,train/images/775478_sat.jpg,train/masks/775478_mask.png
775515,train,train/images/775515_sat.jpg,train/masks/775515_mask.png
775617,train,train/images/775617_sat.jpg,train/masks/775617_mask.png
775963,train,train/images/775963_sat.jpg,train/masks/775963_mask.png
776146,train,train/images/776146_sat.jpg,train/masks/776146_mask.png
776201,train,train/images/776201_sat.jpg,train/masks/776201_mask.png
776336,train,train/images/776336_sat.jpg,train/masks/776336_mask.png
776369,train,train/images/776369_sat.jpg,train/masks/776369_mask.png
776759,train,train/images/776759_sat.jpg,train/masks/776759_mask.png
776780,train,train/images/776780_sat.jpg,train/masks/776780_mask.png
776801,train,train/images/776801_sat.jpg,train/masks/776801_mask.png
776852,train,train/images/776852_sat.jpg,train/masks/776852_mask.png
776873,train,train/images/776873_sat.jpg,train/masks/776873_mask.png
77698,train,train/images/77698_sat.jpg,train/masks/77698_mask.png
777018,train,train/images/777018_sat.jpg,train/masks/777018_mask.png
777914,train,train/images/777914_sat.jpg,train/masks/777914_mask.png
777977,train,train/images/777977_sat.jpg,train/masks/777977_mask.png
778025,train,train/images/778025_sat.jpg,train/masks/778025_mask.png
778053,train,train/images/778053_sat.jpg,train/masks/778053_mask.png
778115,train,train/images/778115_sat.jpg,train/masks/778115_mask.png
778294,train,train/images/778294_sat.jpg,train/masks/778294_mask.png
778675,train,train/images/778675_sat.jpg,train/masks/778675_mask.png
778803,train,train/images/778803_sat.jpg,train/masks/778803_mask.png
77880,train,train/images/77880_sat.jpg,train/masks/77880_mask.png
779128,train,train/images/779128_sat.jpg,train/masks/779128_mask.png
779168,train,train/images/779168_sat.jpg,train/masks/779168_mask.png
779169,train,train/images/779169_sat.jpg,train/masks/779169_mask.png
779400,train,train/images/779400_sat.jpg,train/masks/779400_mask.png
77950,train,train/images/77950_sat.jpg,train/masks/77950_mask.png
77955,train,train/images/77955_sat.jpg,train/masks/77955_mask.png
779588,train,train/images/779588_sat.jpg,train/masks/779588_mask.png
779760,train,train/images/779760_sat.jpg,train/masks/779760_mask.png
779811,train,train/images/779811_sat.jpg,train/masks/779811_mask.png
779878,train,train/images/779878_sat.jpg,train/masks/779878_mask.png
780044,train,train/images/780044_sat.jpg,train/masks/780044_mask.png
780219,train,train/images/780219_sat.jpg,train/masks/780219_mask.png
780337,train,train/images/780337_sat.jpg,train/masks/780337_mask.png
780479,train,train/images/780479_sat.jpg,train/masks/780479_mask.png
780544,train,train/images/780544_sat.jpg,train/masks/780544_mask.png
780630,train,train/images/780630_sat.jpg,train/masks/780630_mask.png
781622,train,train/images/781622_sat.jpg,train/masks/781622_mask.png
7817,train,train/images/7817_sat.jpg,train/masks/7817_mask.png
781848,train,train/images/781848_sat.jpg,train/masks/781848_mask.png
78186,train,train/images/78186_sat.jpg,train/masks/78186_mask.png
781938,train,train/images/781938_sat.jpg,train/masks/781938_mask.png
782055,train,train/images/782055_sat.jpg,train/masks/782055_mask.png
782227,train,train/images/782227_sat.jpg,train/masks/782227_mask.png
782279,train,train/images/782279_sat.jpg,train/masks/782279_mask.png
782351,train,train/images/782351_sat.jpg,train/masks/782351_mask.png
782622,train,train/images/782622_sat.jpg,train/masks/782622_mask.png
782731,train,train/images/782731_sat.jpg,train/masks/782731_mask.png
782793,train,train/images/782793_sat.jpg,train/masks/782793_mask.png
782938,train,train/images/782938_sat.jpg,train/masks/782938_mask.png
783142,train,train/images/783142_sat.jpg,train/masks/783142_mask.png
783144,train,train/images/783144_sat.jpg,train/masks/783144_mask.png
783598,train,train/images/783598_sat.jpg,train/masks/783598_mask.png
783818,train,train/images/783818_sat.jpg,train/masks/783818_mask.png
78391,train,train/images/78391_sat.jpg,train/masks/78391_mask.png
783991,train,train/images/783991_sat.jpg,train/masks/783991_mask.png
784134,train,train/images/784134_sat.jpg,train/masks/784134_mask.png
784397,train,train/images/784397_sat.jpg,train/masks/784397_mask.png
784659,train,train/images/784659_sat.jpg,train/masks/784659_mask.png
784925,train,train/images/784925_sat.jpg,train/masks/784925_mask.png
785117,train,train/images/785117_sat.jpg,train/masks/785117_mask.png
785180,train,train/images/785180_sat.jpg,train/masks/785180_mask.png
785363,train,train/images/785363_sat.jpg,train/masks/785363_mask.png
785528,train,train/images/785528_sat.jpg,train/masks/785528_mask.png
785735,train,train/images/785735_sat.jpg,train/masks/785735_mask.png
785843,train,train/images/785843_sat.jpg,train/masks/785843_mask.png
785870,train,train/images/785870_sat.jpg,train/masks/785870_mask.png
786084,train,train/images/786084_sat.jpg,train/masks/786084_mask.png
786248,train,train/images/786248_sat.jpg,train/masks/786248_mask.png
786302,train,train/images/786302_sat.jpg,train/masks/786302_mask.png
786615,train,train/images/786615_sat.jpg,train/masks/786615_mask.png
786664,train,train/images/786664_sat.jpg,train/masks/786664_mask.png
786824,train,train/images/786824_sat.jpg,train/masks/786824_mask.png
786907,train,train/images/786907_sat.jpg,train/masks/786907_mask.png
786966,train,train/images/786966_sat.jpg,train/masks/786966_mask.png
787091,train,train/images/787091_sat.jpg,train/masks/787091_mask.png
787095,train,train/images/787095_sat.jpg,train/masks/787095_mask.png
787116,train,train/images/787116_sat.jpg,train/masks/787116_mask.png
787694,train,train/images/787694_sat.jpg,train/masks/787694_mask.png
78795,train,train/images/78795_sat.jpg,train/masks/78795_mask.png
788114,train,train/images/788114_sat.jpg,train/masks/788114_mask.png
788177,train,train/images/788177_sat.jpg,train/masks/788177_mask.png
78819,train,train/images/78819_sat.jpg,train/masks/78819_mask.png
788311,train,train/images/788311_sat.jpg,train/masks/788311_mask.png
788463,train,train/images/788463_sat.jpg,train/masks/788463_mask.png
788531,train,train/images/788531_sat.jpg,train/masks/788531_mask.png
788696,train,train/images/788696_sat.jpg,train/masks/788696_mask.png
78882,train,train/images/78882_sat.jpg,train/masks/78882_mask.png
789010,train,train/images/789010_sat.jpg,train/masks/789010_mask.png
789021,train,train/images/789021_sat.jpg,train/masks/789021_mask.png
789055,train,train/images/789055_sat.jpg,train/masks/789055_mask.png
789110,train,train/images/789110_sat.jpg,train/masks/789110_mask.png
78927,train,train/images/78927_sat.jpg,train/masks/78927_mask.png
789310,train,train/images/789310_sat.jpg,train/masks/789310_mask.png
78934,train,train/images/78934_sat.jpg,train/masks/78934_mask.png
789897,train,train/images/789897_sat.jpg,train/masks/789897_mask.png
789926,train,train/images/789926_sat.jpg,train/masks/789926_mask.png
790349,train,train/images/790349_sat.jpg,train/masks/790349_mask.png
790590,train,train/images/790590_sat.jpg,train/masks/790590_mask.png
790599,train,train/images/790599_sat.jpg,train/masks/790599_mask.png
791242,train,train/images/791242_sat.jpg,train/masks/791242_mask.png
791499,train,train/images/791499_sat.jpg,train/masks/791499_mask.png
791632,train,train/images/791632_sat.jpg,train/masks/791632_mask.png
79234,train,train/images/79234_sat.jpg,train/masks/79234_mask.png
792552,train,train/images/792552_sat.jpg,train/masks/792552_mask.png
792582,train,train/images/792582_sat.jpg,train/masks/792582_mask.png
792667,train,train/images/792667_sat.jpg,train/masks/792667_mask.png
79292,train,train/images/79292_sat.jpg,train/masks/79292_mask.png
793162,train,train/images/793162_sat.jpg,train/masks/793162_mask.png
793205,train,train/images/793205_sat.jpg,train/masks/793205_mask.png
793498,train,train/images/793498_sat.jpg,train/masks/793498_mask.png
793658,train,train/images/793658_sat.jpg,train/masks/793658_mask.png
793762,train,train/images/793762_sat.jpg,train/masks/793762_mask.png
793993,train,train/images/793993_sat.jpg,train/masks/793993_mask.png
794194,train,train/images/794194_sat.jpg,train/masks/794194_mask.png
794215,train,train/images/794215_sat.jpg,train/masks/794215_mask.png
794377,train,train/images/794377_sat.jpg,train/masks/794377_mask.png
794521,train,train/images/794521_sat.jpg,train/masks/794521_mask.png
794616,train,train/images/794616_sat.jpg,train/masks/794616_mask.png
794635,train,train/images/794635_sat.jpg,train/masks/794635_mask.png
794943,train,train/images/794943_sat.jpg,train/masks/794943_mask.png
795156,train,train/images/795156_sat.jpg,train/masks/795156_mask.png
795367,train,train/images/795367_sat.jpg,train/masks/795367_mask.png
795582,train,train/images/795582_sat.jpg,train/masks/795582_mask.png
795676,train,train/images/795676_sat.jpg,train/masks/795676_mask.png
795731,train,train/images/795731_sat.jpg,train/masks/795731_mask.png
795773,train,train/images/795773_sat.jpg,train/masks/795773_mask.png
796699,train,train/images/796699_sat.jpg,train/masks/796699_mask.png
796707,train,train/images/796707_sat.jpg,train/masks/796707_mask.png
796875,train,train/images/796875_sat.jpg,train/masks/796875_mask.png
797036,train,train/images/797036_sat.jpg,train/masks/797036_mask.png
797110,train,train/images/797110_sat.jpg,train/masks/797110_mask.png
79720,train,train/images/79720_sat.jpg,train/masks/79720_mask.png
798293,train,train/images/798293_sat.jpg,train/masks/798293_mask.png
798468,train,train/images/798468_sat.jpg,train/masks/798468_mask.png
798630,train,train/images/798630_sat.jpg,train/masks/798630_mask.png
798911,train,train/images/798911_sat.jpg,train/masks/798911_mask.png
799094,train,train/images/799094_sat.jpg,train/masks/799094_mask.png
799417,train,train/images/799417_sat.jpg,train/masks/799417_mask.png
799613,train,train/images/799613_sat.jpg,train/masks/799613_mask.png
799678,train,train/images/799678_sat.jpg,train/masks/799678_mask.png
800005,train,train/images/800005_sat.jpg,train/masks/800005_mask.png
800061,train,train/images/800061_sat.jpg,train/masks/800061_mask.png
800286,train,train/images/800286_sat.jpg,train/masks/800286_mask.png
800325,train,train/images/800325_sat.jpg,train/masks/800325_mask.png
800523,train,train/images/800523_sat.jpg,train/masks/800523_mask.png
800556,train,train/images/800556_sat.jpg,train/masks/800556_mask.png
800647,train,train/images/800647_sat.jpg,train/masks/800647_mask.png
800704,train,train/images/800704_sat.jpg,train/masks/800704_mask.png
80092,train,train/images/80092_sat.jpg,train/masks/80092_mask.png
800933,train,train/images/800933_sat.jpg,train/masks/800933_mask.png
801036,train,train/images/801036_sat.jpg,train/masks/801036_mask.png
801061,train,train/images/801061_sat.jpg,train/masks/801061_mask.png
801268,train,train/images/801268_sat.jpg,train/masks/801268_mask.png
801271,train,train/images/801271_sat.jpg,train/masks/801271_mask.png
801398,train,train/images/801398_sat.jpg,train/masks/801398_mask.png
801557,train,train/images/801557_sat.jpg,train/masks/801557_mask.png
801587,train,train/images/801587_sat.jpg,train/masks/801587_mask.png
801594,train,train/images/801594_sat.jpg,train/masks/801594_mask.png
801687,train,train/images/801687_sat.jpg,train/masks/801687_mask.png
802074,train,train/images/802074_sat.jpg,train/masks/802074_mask.png
802198,train,train/images/802198_sat.jpg,train/masks/802198_mask.png
802401,train,train/images/802401_sat.jpg,train/masks/802401_mask.png
802746,train,train/images/802746_sat.jpg,train/masks/802746_mask.png
802758,train,train/images/802758_sat.jpg,train/masks/802758_mask.png
802821,train,train/images/802821_sat.jpg,train/masks/802821_mask.png
803210,train,train/images/803210_sat.jpg,train/masks/803210_mask.png
803431,train,train/images/803431_sat.jpg,train/masks/803431_mask.png
80348,train,train/images/80348_sat.jpg,train/masks/80348_mask.png
803852,train,train/images/803852_sat.jpg,train/masks/803852_mask.png
803990,train,train/images/803990_sat.jpg,train/masks/803990_mask.png
803993,train,train/images/803993_sat.jpg,train/masks/803993_mask.png
803999,train,train/images/803999_sat.jpg,train/masks/803999_mask.png
804001,train,train/images/804001_sat.jpg,train/masks/804001_mask.png
804011,train,train/images/804011_sat.jpg,train/masks/804011_mask.png
804064,train,train/images/804064_sat.jpg,train/masks/804064_mask.png
80442,train,train/images/80442_sat.jpg,train/masks/80442_mask.png
804590,train,train/images/804590_sat.jpg,train/masks/804590_mask.png
804816,train,train/images/804816_sat.jpg,train/masks/804816_mask.png
8048,train,train/images/8048_sat.jpg,train/masks/8048_mask.png
804925,train,train/images/804925_sat.jpg,train/masks/804925_mask.png
805093,train,train/images/805093_sat.jpg,train/masks/805093_mask.png
805340,train,train/images/805340_sat.jpg,train/masks/805340_mask.png
805413,train,train/images/805413_sat.jpg,train/masks/805413_mask.png
805530,train,train/images/805530_sat.jpg,train/masks/805530_mask.png
805540,train,train/images/805540_sat.jpg,train/masks/805540_mask.png
805692,train,train/images/805692_sat.jpg,train/masks/805692_mask.png
805815,train,train/images/805815_sat.jpg,train/masks/805815_mask.png
805996,train,train/images/805996_sat.jpg,train/masks/805996_mask.png
806060,train,train/images/806060_sat.jpg,train/masks/806060_mask.png
806195,train,train/images/806195_sat.jpg,train/masks/806195_mask.png
806315,train,train/images/806315_sat.jpg,train/masks/806315_mask.png
806355,train,train/images/806355_sat.jpg,train/masks/806355_mask.png
806420,train,train/images/806420_sat.jpg,train/masks/806420_mask.png
806426,train,train/images/806426_sat.jpg,train/masks/806426_mask.png
806696,train,train/images/806696_sat.jpg,train/masks/806696_mask.png
806712,train,train/images/806712_sat.jpg,train/masks/806712_mask.png
806941,train,train/images/806941_sat.jpg,train/masks/806941_mask.png
807206,train,train/images/807206_sat.jpg,train/masks/807206_mask.png
80758,train,train/images/80758_sat.jpg,train/masks/80758_mask.png
80773,train,train/images/80773_sat.jpg,train/masks/80773_mask.png
8078,train,train/images/8078_sat.jpg,train/masks/8078_mask.png
807917,train,train/images/807917_sat.jpg,train/masks/807917_mask.png
808479,train,train/images/808479_sat.jpg,train/masks/808479_mask.png
808719,train,train/images/808719_sat.jpg,train/masks/808719_mask.png
808910,train,train/images/808910_sat.jpg,train/masks/808910_mask.png
808984,train,train/images/808984_sat.jpg,train/masks/808984_mask.png
809150,train,train/images/809150_sat.jpg,train/masks/809150_mask.png
809153,train,train/images/809153_sat.jpg,train/masks/809153_mask.png
810032,train,train/images/810032_sat.jpg,train/masks/810032_mask.png
810101,train,train/images/810101_sat.jpg,train/masks/810101_mask.png
810689,train,train/images/810689_sat.jpg,train/masks/810689_mask.png
81104,train,train/images/81104_sat.jpg,train/masks/81104_mask.png
811470,train,train/images/811470_sat.jpg,train/masks/811470_mask.png
81150,train,train/images/81150_sat.jpg,train/masks/81150_mask.png
811919,train,train/images/811919_sat.jpg,train/masks/811919_mask.png
812075,train,train/images/812075_sat.jpg,train/masks/812075_mask.png
812252,train,train/images/812252_sat.jpg,train/masks/812252_mask.png
812399,train,train/images/812399_sat.jpg,train/masks/812399_mask.png
812562,train,train/images/812562_sat.jpg,train/masks/812562_mask.png
812636,train,train/images/812636_sat.jpg,train/masks/812636_mask.png
812741,train,train/images/812741_sat.jpg,train/masks/812741_mask.png
812751,train,train/images/812751_sat.jpg,train/masks/812751_mask.png
813301,train,train/images/813301_sat.jpg,train/masks/813301_mask.png
813464,train,train/images/813464_sat.jpg,train/masks/813464_mask.png
813523,train,train/images/813523_sat.jpg,train/masks/813523_mask.png
813792,train,train/images/813792_sat.jpg,train/masks/813792_mask.png
813939,train,train/images/813939_sat.jpg,train/masks/813939_mask.png
813998,train,train/images/813998_sat.jpg,train/masks/813998_mask.png
814358,train,train/images/814358_sat.jpg,train/masks/814358_mask.png
814488,train,train/images/814488_sat.jpg,train/masks/814488_mask.png
814518,train,train/images/814518_sat.jpg,train/masks/814518_mask.png
81456,train,train/images/81456_sat.jpg,train/masks/81456_mask.png
814574,train,train/images/814574_sat.jpg,train/masks/814574_mask.png
814591,train,train/images/814591_sat.jpg,train/masks/814591_mask.png
814649,train,train/images/814649_sat.jpg,train/masks/814649_mask.png
81465,train,train/images/81465_sat.jpg,train/masks/81465_mask.png
814946,train,train/images/814946_sat.jpg,train/masks/814946_mask.png
815028,train,train/images/815028_sat.jpg,train/masks/815028_mask.png
815085,train,train/images/815085_sat.jpg,train/masks/815085_mask.png
815113,train,train/images/815113_sat.jpg,train/masks/815113_mask.png
815168,train,train/images/815168_sat.jpg,train/masks/815168_mask.png
815188,train,train/images/815188_sat.jpg,train/masks/815188_mask.png
815240,train,train/images/815240_sat.jpg,train/masks/815240_mask.png
81539,train,train/images/81539_sat.jpg,train/masks/81539_mask.png
815402,train,train/images/815402_sat.jpg,train/masks/815402_mask.png
816269,train,train/images/816269_sat.jpg,train/masks/816269_mask.png
816279,train,train/images/816279_sat.jpg,train/masks/816279_mask.png
8162,train,train/images/8162_sat.jpg,train/masks/8162_mask.png
816391,train,train/images/816391_sat.jpg,train/masks/816391_mask.png
816459,train,train/images/816459_sat.jpg,train/masks/816459_mask.png
816528,train,train/images/816528_sat.jpg,train/masks/816528_mask.png
816622,train,train/images/816622_sat.jpg,train/masks/816622_mask.png
816904,train,train/images/816904_sat.jpg,train/masks/816904_mask.png
817076,train,train/images/817076_sat.jpg,train/masks/817076_mask.png
817465,train,train/images/817465_sat.jpg,train/masks/817465_mask.png
817575,train,train/images/817575_sat.jpg,train/masks/817575_mask.png
817650,train,train/images/817650_sat.jpg,train/masks/817650_mask.png
818225,train,train/images/818225_sat.jpg,train/masks/818225_mask.png
818396,train,train/images/818396_sat.jpg,train/masks/818396_mask.png
818569,train,train/images/818569_sat.jpg,train/masks/818569_mask.png
818643,train,train/images/818643_sat.jpg,train/masks/818643_mask.png
818645,train,train/images/818645_sat.jpg,train/masks/818645_mask.png
818648,train,train/images/818648_sat.jpg,train/masks/818648_mask.png
818958,train,train/images/818958_sat.jpg,train/masks/818958_mask.png
818980,val,val/images/818980_sat.jpg,val/masks/818980_mask.png
819027,val,val/images/819027_sat.jpg,val/masks/819027_mask.png
819036,val,val/images/819036_sat.jpg,val/masks/819036_mask.png
819184,val,val/images/819184_sat.jpg,val/masks/819184_mask.png
819282,val,val/images/819282_sat.jpg,val/masks/819282_mask.png
819456,val,val/images/819456_sat.jpg,val/masks/819456_mask.png
81946,val,val/images/81946_sat.jpg,val/masks/81946_mask.png
81977,val,val/images/81977_sat.jpg,val/masks/81977_mask.png
819858,val,val/images/819858_sat.jpg,val/masks/819858_mask.png
820023,val,val/images/820023_sat.jpg,val/masks/820023_mask.png
820167,val,val/images/820167_sat.jpg,val/masks/820167_mask.png
820272,val,val/images/820272_sat.jpg,val/masks/820272_mask.png
820362,val,val/images/820362_sat.jpg,val/masks/820362_mask.png
820463,val,val/images/820463_sat.jpg,val/masks/820463_mask.png
820497,val,val/images/820497_sat.jpg,val/masks/820497_mask.png
820536,val,val/images/820536_sat.jpg,val/masks/820536_mask.png
82054,val,val/images/82054_sat.jpg,val/masks/82054_mask.png
82060,val,val/images/82060_sat.jpg,val/masks/82060_mask.png
820787,val,val/images/820787_sat.jpg,val/masks/820787_mask.png
820820,val,val/images/820820_sat.jpg,val/masks/820820_mask.png
821061,val,val/images/821061_sat.jpg,val/masks/821061_mask.png
821072,val,val/images/821072_sat.jpg,val/masks/821072_mask.png
821194,val,val/images/821194_sat.jpg,val/masks/821194_mask.png
821246,val,val/images/821246_sat.jpg,val/masks/821246_mask.png
821399,val,val/images/821399_sat.jpg,val/masks/821399_mask.png
82144,val,val/images/82144_sat.jpg,val/masks/82144_mask.png
821625,val,val/images/821625_sat.jpg,val/masks/821625_mask.png
822197,val,val/images/822197_sat.jpg,val/masks/822197_mask.png
82237,val,val/images/82237_sat.jpg,val/masks/82237_mask.png
822425,val,val/images/822425_sat.jpg,val/masks/822425_mask.png
822823,val,val/images/822823_sat.jpg,val/masks/822823_mask.png
823183,val,val/images/823183_sat.jpg,val/masks/823183_mask.png
823438,val,val/images/823438_sat.jpg,val/masks/823438_mask.png
823500,val,val/images/823500_sat.jpg,val/masks/823500_mask.png
823514,val,val/images/823514_sat.jpg,val/masks/823514_mask.png
823582,val,val/images/823582_sat.jpg,val/masks/823582_mask.png
823608,val,val/images/823608_sat.jpg,val/masks/823608_mask.png
823673,val,val/images/823673_sat.jpg,val/masks/823673_mask.png
82374,val,val/images/82374_sat.jpg,val/masks/82374_mask.png
823835,val,val/images/823835_sat.jpg,val/masks/823835_mask.png
823886,val,val/images/823886_sat.jpg,val/masks/823886_mask.png
824271,val,val/images/824271_sat.jpg,val/masks/824271_mask.png
824276,val,val/images/824276_sat.jpg,val/masks/824276_mask.png
824303,val,val/images/824303_sat.jpg,val/masks/824303_mask.png
824574,val,val/images/824574_sat.jpg,val/masks/824574_mask.png
82457,val,val/images/82457_sat.jpg,val/masks/82457_mask.png
824589,val,val/images/824589_sat.jpg,val/masks/824589_mask.png
824865,val,val/images/824865_sat.jpg,val/masks/824865_mask.png
825009,val,val/images/825009_sat.jpg,val/masks/825009_mask.png
825095,val,val/images/825095_sat.jpg,val/masks/825095_mask.png
825134,val,val/images/825134_sat.jpg,val/masks/825134_mask.png
825218,val,val/images/825218_sat.jpg,val/masks/825218_mask.png
825272,val,val/images/825272_sat.jpg,val/masks/825272_mask.png
825309,val,val/images/825309_sat.jpg,val/masks/825309_mask.png
825359,val,val/images/825359_sat.jpg,val/masks/825359_mask.png
825427,val,val/images/825427_sat.jpg,val/masks/825427_mask.png
825486,val,val/images/825486_sat.jpg,val/masks/825486_mask.png
825538,val,val/images/825538_sat.jpg,val/masks/825538_mask.png
825558,val,val/images/825558_sat.jpg,val/masks/825558_mask.png
825884,val,val/images/825884_sat.jpg,val/masks/825884_mask.png
825933,val,val/images/825933_sat.jpg,val/masks/825933_mask.png
826258,val,val/images/826258_sat.jpg,val/masks/826258_mask.png
826412,val,val/images/826412_sat.jpg,val/masks/826412_mask.png
826518,val,val/images/826518_sat.jpg,val/masks/826518_mask.png
826593,val,val/images/826593_sat.jpg,val/masks/826593_mask.png
82676,val,val/images/82676_sat.jpg,val/masks/82676_mask.png
826780,val,val/images/826780_sat.jpg,val/masks/826780_mask.png
82681,val,val/images/82681_sat.jpg,val/masks/82681_mask.png
826921,val,val/images/826921_sat.jpg,val/masks/826921_mask.png
826982,val,val/images/826982_sat.jpg,val/masks/826982_mask.png
827391,val,val/images/827391_sat.jpg,val/masks/827391_mask.png
827392,val,val/images/827392_sat.jpg,val/masks/827392_mask.png
827454,val,val/images/827454_sat.jpg,val/masks/827454_mask.png
827587,val,val/images/827587_sat.jpg,val/masks/827587_mask.png
82759,val,val/images/82759_sat.jpg,val/masks/82759_mask.png
827829,val,val/images/827829_sat.jpg,val/masks/827829_mask.png
827984,val,val/images/827984_sat.jpg,val/masks/827984_mask.png
828130,val,val/images/828130_sat.jpg,val/masks/828130_mask.png
828247,val,val/images/828247_sat.jpg,val/masks/828247_mask.png
828309,val,val/images/828309_sat.jpg,val/masks/828309_mask.png
828369,val,val/images/828369_sat.jpg,val/masks/828369_mask.png
828496,val,val/images/828496_sat.jpg,val/masks/828496_mask.png
828582,val,val/images/828582_sat.jpg,val/masks/828582_mask.png
828599,val,val/images/828599_sat.jpg,val/masks/828599_mask.png
828845,val,val/images/828845_sat.jpg,val/masks/828845_mask.png
828875,val,val/images/828875_sat.jpg,val/masks/828875_mask.png
828904,val,val/images/828904_sat.jpg,val/masks/828904_mask.png
828925,val,val/images/828925_sat.jpg,val/masks/828925_mask.png
829034,val,val/images/829034_sat.jpg,val/masks/829034_mask.png
829196,val,val/images/829196_sat.jpg,val/masks/829196_mask.png
829335,val,val/images/829335_sat.jpg,val/masks/829335_mask.png
829346,val,val/images/829346_sat.jpg,val/masks/829346_mask.png
829413,val,val/images/829413_sat.jpg,val/masks/829413_mask.png
829522,val,val/images/829522_sat.jpg,val/masks/829522_mask.png
829648,val,val/images/829648_sat.jpg,val/masks/829648_mask.png
83004,val,val/images/83004_sat.jpg,val/masks/83004_mask.png
830342,val,val/images/830342_sat.jpg,val/masks/830342_mask.png
830465,val,val/images/830465_sat.jpg,val/masks/830465_mask.png
830740,val,val/images/830740_sat.jpg,val/masks/830740_mask.png
830842,val,val/images/830842_sat.jpg,val/masks/830842_mask.png
831007,val,val/images/831007_sat.jpg,val/masks/831007_mask.png
831156,val,val/images/831156_sat.jpg,val/masks/831156_mask.png
831213,val,val/images/831213_sat.jpg,val/masks/831213_mask.png
831265,val,val/images/831265_sat.jpg,val/masks/831265_mask.png
831346,val,val/images/831346_sat.jpg,val/masks/831346_mask.png
831394,val,val/images/831394_sat.jpg,val/masks/831394_mask.png
831505,val,val/images/831505_sat.jpg,val/masks/831505_mask.png
831619,val,val/images/831619_sat.jpg,val/masks/831619_mask.png
8317,val,val/images/8317_sat.jpg,val/masks/8317_mask.png
832167,val,val/images/832167_sat.jpg,val/masks/832167_mask.png
83219,val,val/images/83219_sat.jpg,val/masks/83219_mask.png
832358,val,val/images/832358_sat.jpg,val/masks/832358_mask.png
832482,val,val/images/832482_sat.jpg,val/masks/832482_mask.png
832501,val,val/images/832501_sat.jpg,val/masks/832501_mask.png
832625,val,val/images/832625_sat.jpg,val/masks/832625_mask.png
833021,val,val/images/833021_sat.jpg,val/masks/833021_mask.png
833275,val,val/images/833275_sat.jpg,val/masks/833275_mask.png
833377,val,val/images/833377_sat.jpg,val/masks/833377_mask.png
833388,val,val/images/833388_sat.jpg,val/masks/833388_mask.png
833457,val,val/images/833457_sat.jpg,val/masks/833457_mask.png
833540,val,val/images/833540_sat.jpg,val/masks/833540_mask.png
833598,val,val/images/833598_sat.jpg,val/masks/833598_mask.png
833625,val,val/images/833625_sat.jpg,val/masks/833625_mask.png
833628,val,val/images/833628_sat.jpg,val/masks/833628_mask.png
833783,val,val/images/833783_sat.jpg,val/masks/833783_mask.png
833912,val,val/images/833912_sat.jpg,val/masks/833912_mask.png
834144,val,val/images/834144_sat.jpg,val/masks/834144_mask.png
834245,val,val/images/834245_sat.jpg,val/masks/834245_mask.png
834264,val,val/images/834264_sat.jpg,val/masks/834264_mask.png
834703,val,val/images/834703_sat.jpg,val/masks/834703_mask.png
834861,val,val/images/834861_sat.jpg,val/masks/834861_mask.png
83490,val,val/images/83490_sat.jpg,val/masks/83490_mask.png
834943,val,val/images/834943_sat.jpg,val/masks/834943_mask.png
834966,val,val/images/834966_sat.jpg,val/masks/834966_mask.png
83520,val,val/images/83520_sat.jpg,val/masks/83520_mask.png
835437,val,val/images/835437_sat.jpg,val/masks/835437_mask.png
835491,val,val/images/835491_sat.jpg,val/masks/835491_mask.png
835924,val,val/images/835924_sat.jpg,val/masks/835924_mask.png
836056,val,val/images/836056_sat.jpg,val/masks/836056_mask.png
836166,val,val/images/836166_sat.jpg,val/masks/836166_mask.png
836197,val,val/images/836197_sat.jpg,val/masks/836197_mask.png
836305,val,val/images/836305_sat.jpg,val/masks/836305_mask.png
836312,val,val/images/836312_sat.jpg,val/masks/836312_mask.png
83643,val,val/images/83643_sat.jpg,val/masks/83643_mask.png
836484,val,val/images/836484_sat.jpg,val/masks/836484_mask.png
836613,val,val/images/836613_sat.jpg,val/masks/836613_mask.png
836726,val,val/images/836726_sat.jpg,val/masks/836726_mask.png
836812,val,val/images/836812_sat.jpg,val/masks/836812_mask.png
837143,val,val/images/837143_sat.jpg,val/masks/837143_mask.png
837294,val,val/images/837294_sat.jpg,val/masks/837294_mask.png
837663,val,val/images/837663_sat.jpg,val/masks/837663_mask.png
837683,val,val/images/837683_sat.jpg,val/masks/837683_mask.png
838019,val,val/images/838019_sat.jpg,val/masks/838019_mask.png
838080,val,val/images/838080_sat.jpg,val/masks/838080_mask.png
83827,val,val/images/83827_sat.jpg,val/masks/83827_mask.png
838360,val,val/images/838360_sat.jpg,val/masks/838360_mask.png
838447,val,val/images/838447_sat.jpg,val/masks/838447_mask.png
838649,val,val/images/838649_sat.jpg,val/masks/838649_mask.png
838851,val,val/images/838851_sat.jpg,val/masks/838851_mask.png
838954,val,val/images/838954_sat.jpg,val/masks/838954_mask.png
839007,val,val/images/839007_sat.jpg,val/masks/839007_mask.png
839125,val,val/images/839125_sat.jpg,val/masks/839125_mask.png
839233,val,val/images/839233_sat.jpg,val/masks/839233_mask.png
839319,val,val/images/839319_sat.jpg,val/masks/839319_mask.png
839356,val,val/images/839356_sat.jpg,val/masks/839356_mask.png
839402,val,val/images/839402_sat.jpg,val/masks/839402_mask.png
839603,val,val/images/839603_sat.jpg,val/masks/839603_mask.png
839673,val,val/images/839673_sat.jpg,val/masks/839673_mask.png
839707,val,val/images/839707_sat.jpg,val/masks/839707_mask.png
839898,val,val/images/839898_sat.jpg,val/masks/839898_mask.png
839951,val,val/images/839951_sat.jpg,val/masks/839951_mask.png
839976,val,val/images/839976_sat.jpg,val/masks/839976_mask.png
839979,val,val/images/839979_sat.jpg,val/masks/839979_mask.png
840536,val,val/images/840536_sat.jpg,val/masks/840536_mask.png
840706,val,val/images/840706_sat.jpg,val/masks/840706_mask.png
840809,val,val/images/840809_sat.jpg,val/masks/840809_mask.png
840823,val,val/images/840823_sat.jpg,val/masks/840823_mask.png
841070,val,val/images/841070_sat.jpg,val/masks/841070_mask.png
841208,val,val/images/841208_sat.jpg,val/masks/841208_mask.png
841286,val,val/images/841286_sat.jpg,val/masks/841286_mask.png
841502,val,val/images/841502_sat.jpg,val/masks/841502_mask.png
841576,val,val/images/841576_sat.jpg,val/masks/841576_mask.png
841608,val,val/images/841608_sat.jpg,val/masks/841608_mask.png
841677,val,val/images/841677_sat.jpg,val/masks/841677_mask.png
842012,val,val/images/842012_sat.jpg,val/masks/842012_mask.png
842069,val,val/images/842069_sat.jpg,val/masks/842069_mask.png
842246,val,val/images/842246_sat.jpg,val/masks/842246_mask.png
842450,val,val/images/842450_sat.jpg,val/masks/842450_mask.png
842539,val,val/images/842539_sat.jpg,val/masks/842539_mask.png
842655,val,val/images/842655_sat.jpg,val/masks/842655_mask.png
842844,val,val/images/842844_sat.jpg,val/masks/842844_mask.png
842960,val,val/images/842960_sat.jpg,val/masks/842960_mask.png
843188,val,val/images/843188_sat.jpg,val/masks/843188_mask.png
843628,val,val/images/843628_sat.jpg,val/masks/843628_mask.png
843724,val,val/images/843724_sat.jpg,val/masks/843724_mask.png
843809,val,val/images/843809_sat.jpg,val/masks/843809_mask.png
843990,val,val/images/843990_sat.jpg,val/masks/843990_mask.png
844366,val,val/images/844366_sat.jpg,val/masks/844366_mask.png
844589,val,val/images/844589_sat.jpg,val/masks/844589_mask.png
844707,val,val/images/844707_sat.jpg,val/masks/844707_mask.png
844758,val,val/images/844758_sat.jpg,val/masks/844758_mask.png
844808,val,val/images/844808_sat.jpg,val/masks/844808_mask.png
845047,val,val/images/845047_sat.jpg,val/masks/845047_mask.png
845136,val,val/images/845136_sat.jpg,val/masks/845136_mask.png
84529,val,val/images/84529_sat.jpg,val/masks/84529_mask.png
845366,val,val/images/845366_sat.jpg,val/masks/845366_mask.png
84543,val,val/images/84543_sat.jpg,val/masks/84543_mask.png
845555,val,val/images/845555_sat.jpg,val/masks/845555_mask.png
845865,val,val/images/845865_sat.jpg,val/masks/845865_mask.png
84601,val,val/images/84601_sat.jpg,val/masks/84601_mask.png
846278,val,val/images/846278_sat.jpg,val/masks/846278_mask.png
846281,val,val/images/846281_sat.jpg,val/masks/846281_mask.png
846289,val,val/images/846289_sat.jpg,val/masks/846289_mask.png
846744,val,val/images/846744_sat.jpg,val/masks/846744_mask.png
846979,val,val/images/846979_sat.jpg,val/masks/846979_mask.png
847244,val,val/images/847244_sat.jpg,val/masks/847244_mask.png
847245,val,val/images/847245_sat.jpg,val/masks/847245_mask.png
847286,val,val/images/847286_sat.jpg,val/masks/847286_mask.png
84744,val,val/images/84744_sat.jpg,val/masks/84744_mask.png
847583,val,val/images/847583_sat.jpg,val/masks/847583_mask.png
847602,val,val/images/847602_sat.jpg,val/masks/847602_mask.png
847864,val,val/images/847864_sat.jpg,val/masks/847864_mask.png
847949,val,val/images/847949_sat.jpg,val/masks/847949_mask.png
848290,val,val/images/848290_sat.jpg,val/masks/848290_mask.png
848521,val,val/images/848521_sat.jpg,val/masks/848521_mask.png
848568,val,val/images/848568_sat.jpg,val/masks/848568_mask.png
848601,val,val/images/848601_sat.jpg,val/masks/848601_mask.png
848640,val,val/images/848640_sat.jpg,val/masks/848640_mask.png
848854,val,val/images/848854_sat.jpg,val/masks/848854_mask.png
848876,val,val/images/848876_sat.jpg,val/masks/848876_mask.png
849189,val,val/images/849189_sat.jpg,val/masks/849189_mask.png
849199,val,val/images/849199_sat.jpg,val/masks/849199_mask.png
849290,val,val/images/849290_sat.jpg,val/masks/849290_mask.png
849469,val,val/images/849469_sat.jpg,val/masks/849469_mask.png
849648,val,val/images/849648_sat.jpg,val/masks/849648_mask.png
849737,val,val/images/849737_sat.jpg,val/masks/849737_mask.png
849843,val,val/images/849843_sat.jpg,val/masks/849843_mask.png
849978,val,val/images/849978_sat.jpg,val/masks/849978_mask.png
850527,val,val/images/850527_sat.jpg,val/masks/850527_mask.png
850651,val,val/images/850651_sat.jpg,val/masks/850651_mask.png
850713,val,val/images/850713_sat.jpg,val/masks/850713_mask.png
850981,val,val/images/850981_sat.jpg,val/masks/850981_mask.png
851053,val,val/images/851053_sat.jpg,val/masks/851053_mask.png
851268,val,val/images/851268_sat.jpg,val/masks/851268_mask.png
85144,val,val/images/85144_sat.jpg,val/masks/85144_mask.png
851461,val,val/images/851461_sat.jpg,val/masks/851461_mask.png
851693,val,val/images/851693_sat.jpg,val/masks/851693_mask.png
851977,val,val/images/851977_sat.jpg,val/masks/851977_mask.png
852056,val,val/images/852056_sat.jpg,val/masks/852056_mask.png
852071,val,val/images/852071_sat.jpg,val/masks/852071_mask.png
85211,val,val/images/85211_sat.jpg,val/masks/85211_mask.png
852321,val,val/images/852321_sat.jpg,val/masks/852321_mask.png
852350,val,val/images/852350_sat.jpg,val/masks/852350_mask.png
852387,val,val/images/852387_sat.jpg,val/masks/852387_mask.png
852441,val,val/images/852441_sat.jpg,val/masks/852441_mask.png
852527,val,val/images/852527_sat.jpg,val/masks/852527_mask.png
85252,val,val/images/85252_sat.jpg,val/masks/85252_mask.png
853055,val,val/images/853055_sat.jpg,val/masks/853055_mask.png
853189,val,val/images/853189_sat.jpg,val/masks/853189_mask.png
853196,val,val/images/853196_sat.jpg,val/masks/853196_mask.png
853660,val,val/images/853660_sat.jpg,val/masks/853660_mask.png
853676,val,val/images/853676_sat.jpg,val/masks/853676_mask.png
853691,val,val/images/853691_sat.jpg,val/masks/853691_mask.png
853762,val,val/images/853762_sat.jpg,val/masks/853762_mask.png
853870,val,val/images/853870_sat.jpg,val/masks/853870_mask.png
854119,val,val/images/854119_sat.jpg,val/masks/854119_mask.png
854216,val,val/images/854216_sat.jpg,val/masks/854216_mask.png
854235,val,val/images/854235_sat.jpg,val/masks/854235_mask.png
854247,val,val/images/854247_sat.jpg,val/masks/854247_mask.png
854448,val,val/images/854448_sat.jpg,val/masks/854448_mask.png
854654,val,val/images/854654_sat.jpg,val/masks/854654_mask.png
85473,val,val/images/85473_sat.jpg,val/masks/85473_mask.png
854818,val,val/images/854818_sat.jpg,val/masks/854818_mask.png
854913,val,val/images/854913_sat.jpg,val/masks/854913_mask.png
854962,val,val/images/854962_sat.jpg,val/masks/854962_mask.png
855078,val,val/images/855078_sat.jpg,val/masks/855078_mask.png
855113,val,val/images/855113_sat.jpg,val/masks/855113_mask.png
855344,val,val/images/855344_sat.jpg,val/masks/855344_mask.png
855477,val,val/images/855477_sat.jpg,val/masks/855477_mask.png
855495,val,val/images/855495_sat.jpg,val/masks/855495_mask.png
855882,val,val/images/855882_sat.jpg,val/masks/855882_mask.png
856074,val,val/images/856074_sat.jpg,val/masks/856074_mask.png
856184,val,val/images/856184_sat.jpg,val/masks/856184_mask.png
856445,val,val/images/856445_sat.jpg,val/masks/856445_mask.png
856477,val,val/images/856477_sat.jpg,val/masks/856477_mask.png
856549,val,val/images/856549_sat.jpg,val/masks/856549_mask.png
85681,val,val/images/85681_sat.jpg,val/masks/85681_mask.png
856890,val,val/images/856890_sat.jpg,val/masks/856890_mask.png
85690,val,val/images/85690_sat.jpg,val/masks/85690_mask.png
856919,val,val/images/856919_sat.jpg,val/masks/856919_mask.png
85705,val,val/images/85705_sat.jpg,val/masks/85705_mask.png
857151,val,val/images/857151_sat.jpg,val/masks/857151_mask.png
857169,val,val/images/857169_sat.jpg,val/masks/857169_mask.png
857214,val,val/images/857214_sat.jpg,val/masks/857214_mask.png
857277,val,val/images/857277_sat.jpg,val/masks/857277_mask.png
857291,val,val/images/857291_sat.jpg,val/masks/857291_mask.png
85748,val,val/images/85748_sat.jpg,val/masks/85748_mask.png
85768,val,val/images/85768_sat.jpg,val/masks/85768_mask.png
858064,val,val/images/858064_sat.jpg,val/masks/858064_mask.png
858077,val,val/images/858077_sat.jpg,val/masks/858077_mask.png
858289,val,val/images/858289_sat.jpg,val/masks/858289_mask.png
858351,val,val/images/858351_sat.jpg,val/masks/858351_mask.png
8584,val,val/images/8584_sat.jpg,val/masks/8584_mask.png
858506,val,val/images/858506_sat.jpg,val/masks/858506_mask.png
858869,val,val/images/858869_sat.jpg,val/masks/858869_mask.png
859110,val,val/images/859110_sat.jpg,val/masks/859110_mask.png
859149,val,val/images/859149_sat.jpg,val/masks/859149_mask.png
859325,val,val/images/859325_sat.jpg,val/masks/859325_mask.png
859461,val,val/images/859461_sat.jpg,val/masks/859461_mask.png
859468,val,val/images/859468_sat.jpg,val/masks/859468_mask.png
859520,val,val/images/859520_sat.jpg,val/masks/859520_mask.png
860220,val,val/images/860220_sat.jpg,val/masks/860220_mask.png
860229,val,val/images/860229_sat.jpg,val/masks/860229_mask.png
860297,val,val/images/860297_sat.jpg,val/masks/860297_mask.png
860454,val,val/images/860454_sat.jpg,val/masks/860454_mask.png
86045,val,val/images/86045_sat.jpg,val/masks/86045_mask.png
860513,val,val/images/860513_sat.jpg,val/masks/860513_mask.png
860545,val,val/images/860545_sat.jpg,val/masks/860545_mask.png
860546,val,val/images/860546_sat.jpg,val/masks/860546_mask.png
860583,val,val/images/860583_sat.jpg,val/masks/860583_mask.png
860620,val,val/images/860620_sat.jpg,val/masks/860620_mask.png
860676,val,val/images/860676_sat.jpg,val/masks/860676_mask.png
860718,val,val/images/860718_sat.jpg,val/masks/860718_mask.png
861081,val,val/images/861081_sat.jpg,val/masks/861081_mask.png
861144,val,val/images/861144_sat.jpg,val/masks/861144_mask.png
861220,val,val/images/861220_sat.jpg,val/masks/861220_mask.png
861243,val,val/images/861243_sat.jpg,val/masks/861243_mask.png
861754,val,val/images/861754_sat.jpg,val/masks/861754_mask.png
861956,val,val/images/861956_sat.jpg,val/masks/861956_mask.png
862095,val,val/images/862095_sat.jpg,val/masks/862095_mask.png
862163,val,val/images/862163_sat.jpg,val/masks/862163_mask.png
862451,val,val/images/862451_sat.jpg,val/masks/862451_mask.png
862459,val,val/images/862459_sat.jpg,val/masks/862459_mask.png
862470,val,val/images/862470_sat.jpg,val/masks/862470_mask.png
862772,val,val/images/862772_sat.jpg,val/masks/862772_mask.png
862842,val,val/images/862842_sat.jpg,val/masks/862842_mask.png
862906,val,val/images/862906_sat.jpg,val/masks/862906_mask.png
863060,val,val/images/863060_sat.jpg,val/masks/863060_mask.png
863140,val,val/images/863140_sat.jpg,val/masks/863140_mask.png
863399,val,val/images/863399_sat.jpg,val/masks/863399_mask.png
864357,val,val/images/864357_sat.jpg,val/masks/864357_mask.png
864365,val,val/images/864365_sat.jpg,val/masks/864365_mask.png
864645,val,val/images/864645_sat.jpg,val/masks/864645_mask.png
8646,val,val/images/8646_sat.jpg,val/masks/8646_mask.png
864863,val,val/images/864863_sat.jpg,val/masks/864863_mask.png
86492,val,val/images/86492_sat.jpg,val/masks/86492_mask.png
864958,val,val/images/864958_sat.jpg,val/masks/864958_mask.png
864981,val,val/images/864981_sat.jpg,val/masks/864981_mask.png
865069,val,val/images/865069_sat.jpg,val/masks/865069_mask.png
865165,val,val/images/865165_sat.jpg,val/masks/865165_mask.png
865256,val,val/images/865256_sat.jpg,val/masks/865256_mask.png
865357,val,val/images/865357_sat.jpg,val/masks/865357_mask.png
865456,val,val/images/865456_sat.jpg,val/masks/865456_mask.png
865483,val,val/images/865483_sat.jpg,val/masks/865483_mask.png
865731,val,val/images/865731_sat.jpg,val/masks/865731_mask.png
865868,val,val/images/865868_sat.jpg,val/masks/865868_mask.png
866007,val,val/images/866007_sat.jpg,val/masks/866007_mask.png
866093,val,val/images/866093_sat.jpg,val/masks/866093_mask.png
866266,val,val/images/866266_sat.jpg,val/masks/866266_mask.png
86650,val,val/images/86650_sat.jpg,val/masks/86650_mask.png
866513,val,val/images/866513_sat.jpg,val/masks/866513_mask.png
86663,val,val/images/86663_sat.jpg,val/masks/86663_mask.png
866657,val,val/images/866657_sat.jpg,val/masks/866657_mask.png
866662,val,val/images/866662_sat.jpg,val/masks/866662_mask.png
866773,val,val/images/866773_sat.jpg,val/masks/866773_mask.png
866782,val,val/images/866782_sat.jpg,val/masks/866782_mask.png
866827,val,val/images/866827_sat.jpg,val/masks/866827_mask.png
866947,val,val/images/866947_sat.jpg,val/masks/866947_mask.png
86696,val,val/images/86696_sat.jpg,val/masks/86696_mask.png
867062,val,val/images/867062_sat.jpg,val/masks/867062_mask.png
867087,val,val/images/867087_sat.jpg,val/masks/867087_mask.png
867257,val,val/images/867257_sat.jpg,val/masks/867257_mask.png
86768,val,val/images/86768_sat.jpg,val/masks/86768_mask.png
86774,val,val/images/86774_sat.jpg,val/masks/86774_mask.png
867944,val,val/images/867944_sat.jpg,val/masks/867944_mask.png
86801,val,val/images/86801_sat.jpg,val/masks/86801_mask.png
86805,val,val/images/86805_sat.jpg,val/masks/86805_mask.png
868220,val,val/images/868220_sat.jpg,val/masks/868220_mask.png
868228,val,val/images/868228_sat.jpg,val/masks/868228_mask.png
868358,val,val/images/868358_sat.jpg,val/masks/868358_mask.png
868440,val,val/images/868440_sat.jpg,val/masks/868440_mask.png
868488,val,val/images/868488_sat.jpg,val/masks/868488_mask.png
868649,val,val/images/868649_sat.jpg,val/masks/868649_mask.png
868778,val,val/images/868778_sat.jpg,val/masks/868778_mask.png
869031,val,val/images/869031_sat.jpg,val/masks/869031_mask.png
869219,val,val/images/869219_sat.jpg,val/masks/869219_mask.png
86928,val,val/images/86928_sat.jpg,val/masks/86928_mask.png
869328,val,val/images/869328_sat.jpg,val/masks/869328_mask.png
869413,val,val/images/869413_sat.jpg,val/masks/869413_mask.png
869652,val,val/images/869652_sat.jpg,val/masks/869652_mask.png
869759,val,val/images/869759_sat.jpg,val/masks/869759_mask.png
86980,val,val/images/86980_sat.jpg,val/masks/86980_mask.png
86984,val,val/images/86984_sat.jpg,val/masks/86984_mask.png
869901,val,val/images/869901_sat.jpg,val/masks/869901_mask.png
86992,val,val/images/86992_sat.jpg,val/masks/86992_mask.png
870028,val,val/images/870028_sat.jpg,val/masks/870028_mask.png
870215,val,val/images/870215_sat.jpg,val/masks/870215_mask.png
870408,val,val/images/870408_sat.jpg,val/masks/870408_mask.png
870422,val,val/images/870422_sat.jpg,val/masks/870422_mask.png
870630,val,val/images/870630_sat.jpg,val/masks/870630_mask.png
87099,val,val/images/87099_sat.jpg,val/masks/87099_mask.png
8710,val,val/images/8710_sat.jpg,val/masks/8710_mask.png
871656,val,val/images/871656_sat.jpg,val/masks/871656_mask.png
871687,val,val/images/871687_sat.jpg,val/masks/871687_mask.png
871780,val,val/images/871780_sat.jpg,val/masks/871780_mask.png
872068,val,val/images/872068_sat.jpg,val/masks/872068_mask.png
872213,val,val/images/872213_sat.jpg,val/masks/872213_mask.png
872260,val,val/images/872260_sat.jpg,val/masks/872260_mask.png
872391,val,val/images/872391_sat.jpg,val/masks/872391_mask.png
872854,val,val/images/872854_sat.jpg,val/masks/872854_mask.png
872856,val,val/images/872856_sat.jpg,val/masks/872856_mask.png
872904,val,val/images/872904_sat.jpg,val/masks/872904_mask.png
872909,val,val/images/872909_sat.jpg,val/masks/872909_mask.png
87291,val,val/images/87291_sat.jpg,val/masks/87291_mask.png
873030,val,val/images/873030_sat.jpg,val/masks/873030_mask.png
873181,val,val/images/873181_sat.jpg,val/masks/873181_mask.png
873397,val,val/images/873397_sat.jpg,val/masks/873397_mask.png
873424,val,val/images/873424_sat.jpg,val/masks/873424_mask.png
873483,val,val/images/873483_sat.jpg,val/masks/873483_mask.png
873506,val,val/images/873506_sat.jpg,val/masks/873506_mask.png
873729,val,val/images/873729_sat.jpg,val/masks/873729_mask.png
873793,val,val/images/873793_sat.jpg,val/masks/873793_mask.png
873862,val,val/images/873862_sat.jpg,val/masks/873862_mask.png
874009,val,val/images/874009_sat.jpg,val/masks/874009_mask.png
87408,val,val/images/87408_sat.jpg,val/masks/87408_mask.png
874302,val,val/images/874302_sat.jpg,val/masks/874302_mask.png
874631,val,val/images/874631_sat.jpg,val/masks/874631_mask.png
874955,val,val/images/874955_sat.jpg,val/masks/874955_mask.png
875169,val,val/images/875169_sat.jpg,val/masks/875169_mask.png
875318,val,val/images/875318_sat.jpg,val/masks/875318_mask.png
875559,val,val/images/875559_sat.jpg,val/masks/875559_mask.png
875620,val,val/images/875620_sat.jpg,val/masks/875620_mask.png
875701,val,val/images/875701_sat.jpg,val/masks/875701_mask.png
876221,val,val/images/876221_sat.jpg,val/masks/876221_mask.png
876466,val,val/images/876466_sat.jpg,val/masks/876466_mask.png
87662,val,val/images/87662_sat.jpg,val/masks/87662_mask.png
87676,val,val/images/87676_sat.jpg,val/masks/87676_mask.png
877088,val,val/images/877088_sat.jpg,val/masks/877088_mask.png
877582,val,val/images/877582_sat.jpg,val/masks/877582_mask.png
877613,val,val/images/877613_sat.jpg,val/masks/877613_mask.png
877909,val,val/images/877909_sat.jpg,val/masks/877909_mask.png
878110,val,val/images/878110_sat.jpg,val/masks/878110_mask.png
87819,val,val/images/87819_sat.jpg,val/masks/87819_mask.png
878345,val,val/images/878345_sat.jpg,val/masks/878345_mask.png
878394,val,val/images/878394_sat.jpg,val/masks/878394_mask.png
878598,val,val/images/878598_sat.jpg,val/masks/878598_mask.png
878826,val,val/images/878826_sat.jpg,val/masks/878826_mask.png
879029,val,val/images/879029_sat.jpg,val/masks/879029_mask.png
879122,val,val/images/879122_sat.jpg,val/masks/879122_mask.png
879415,val,val/images/879415_sat.jpg,val/masks/879415_mask.png
879593,val,val/images/879593_sat.jpg,val/masks/879593_mask.png
879719,val,val/images/879719_sat.jpg,val/masks/879719_mask.png
879744,val,val/images/879744_sat.jpg,val/masks/879744_mask.png
879911,val,val/images/879911_sat.jpg,val/masks/879911_mask.png
879980,val,val/images/879980_sat.jpg,val/masks/879980_mask.png
880216,val,val/images/880216_sat.jpg,val/masks/880216_mask.png
88035,val,val/images/88035_sat.jpg,val/masks/88035_mask.png
8804,val,val/images/8804_sat.jpg,val/masks/8804_mask.png
880545,val,val/images/880545_sat.jpg,val/masks/880545_mask.png
880700,val,val/images/880700_sat.jpg,val/masks/880700_mask.png
880871,val,val/images/880871_sat.jpg,val/masks/880871_mask.png
88095,val,val/images/88095_sat.jpg,val/masks/88095_mask.png
881448,val,val/images/881448_sat.jpg,val/masks/881448_mask.png
881491,val,val/images/881491_sat.jpg,val/masks/881491_mask.png
881584,val,val/images/881584_sat.jpg,val/masks/881584_mask.png
88199,val,val/images/88199_sat.jpg,val/masks/88199_mask.png
882222,val,val/images/882222_sat.jpg,val/masks/882222_mask.png
882639,val,val/images/882639_sat.jpg,val/masks/882639_mask.png
882735,val,val/images/882735_sat.jpg,val/masks/882735_mask.png
882822,val,val/images/882822_sat.jpg,val/masks/882822_mask.png
882906,val,val/images/882906_sat.jpg,val/masks/882906_mask.png
882937,val,val/images/882937_sat.jpg,val/masks/882937_mask.png
88301,val,val/images/88301_sat.jpg,val/masks/88301_mask.png
883059,val,val/images/883059_sat.jpg,val/masks/883059_mask.png
883346,val,val/images/883346_sat.jpg,val/masks/883346_mask.png
883562,val,val/images/883562_sat.jpg,val/masks/883562_mask.png
883595,val,val/images/883595_sat.jpg,val/masks/883595_mask.png
883839,val,val/images/883839_sat.jpg,val/masks/883839_mask.png
883864,val,val/images/883864_sat.jpg,val/masks/883864_mask.png
884005,val,val/images/884005_sat.jpg,val/masks/884005_mask.png
884095,val,val/images/884095_sat.jpg,val/masks/884095_mask.png
8840,val,val/images/8840_sat.jpg,val/masks/8840_mask.png
884348,val,val/images/884348_sat.jpg,val/masks/884348_mask.png
884532,val,val/images/884532_sat.jpg,val/masks/884532_mask.png
884835,val,val/images/884835_sat.jpg,val/masks/884835_mask.png
884872,val,val/images/884872_sat.jpg,val/masks/884872_mask.png
884925,val,val/images/884925_sat.jpg,val/masks/884925_mask.png
884955,val,val/images/884955_sat.jpg,val/masks/884955_mask.png
885320,val,val/images/885320_sat.jpg,val/masks/885320_mask.png
885672,val,val/images/885672_sat.jpg,val/masks/885672_mask.png
885796,val,val/images/885796_sat.jpg,val/masks/885796_mask.png
885803,val,val/images/885803_sat.jpg,val/masks/885803_mask.png
885911,val,val/images/885911_sat.jpg,val/masks/885911_mask.png
886164,val,val/images/886164_sat.jpg,val/masks/886164_mask.png
886182,val,val/images/886182_sat.jpg,val/masks/886182_mask.png
886412,val,val/images/886412_sat.jpg,val/masks/886412_mask.png
88646,val,val/images/88646_sat.jpg,val/masks/88646_mask.png
88650,val,val/images/88650_sat.jpg,val/masks/88650_mask.png
886527,val,val/images/886527_sat.jpg,val/masks/886527_mask.png
886896,val,val/images/886896_sat.jpg,val/masks/886896_mask.png
887028,val,val/images/887028_sat.jpg,val/masks/887028_mask.png
887195,val,val/images/887195_sat.jpg,val/masks/887195_mask.png
887257,val,val/images/887257_sat.jpg,val/masks/887257_mask.png
887495,val,val/images/887495_sat.jpg,val/masks/887495_mask.png
887622,val,val/images/887622_sat.jpg,val/masks/887622_mask.png
887656,val,val/images/887656_sat.jpg,val/masks/887656_mask.png
887699,val,val/images/887699_sat.jpg,val/masks/887699_mask.png
887719,val,val/images/887719_sat.jpg,val/masks/887719_mask.png
887797,val,val/images/887797_sat.jpg,val/masks/887797_mask.png
887815,val,val/images/887815_sat.jpg,val/masks/887815_mask.png
887849,val,val/images/887849_sat.jpg,val/masks/887849_mask.png
887850,val,val/images/887850_sat.jpg,val/masks/887850_mask.png
887877,val,val/images/887877_sat.jpg,val/masks/887877_mask.png
887947,val,val/images/887947_sat.jpg,val/masks/887947_mask.png
889073,val,val/images/889073_sat.jpg,val/masks/889073_mask.png
889079,val,val/images/889079_sat.jpg,val/masks/889079_mask.png
889313,val,val/images/889313_sat.jpg,val/masks/889313_mask.png
889379,val,val/images/889379_sat.jpg,val/masks/889379_mask.png
889679,val,val/images/889679_sat.jpg,val/masks/889679_mask.png
889787,val,val/images/889787_sat.jpg,val/masks/889787_mask.png
889820,val,val/images/889820_sat.jpg,val/masks/889820_mask.png
890023,val,val/images/890023_sat.jpg,val/masks/890023_mask.png
890291,val,val/images/890291_sat.jpg,val/masks/890291_mask.png
890350,val,val/images/890350_sat.jpg,val/masks/890350_mask.png
890413,val,val/images/890413_sat.jpg,val/masks/890413_mask.png
890836,val,val/images/890836_sat.jpg,val/masks/890836_mask.png
890854,val,val/images/890854_sat.jpg,val/masks/890854_mask.png
890865,val,val/images/890865_sat.jpg,val/masks/890865_mask.png
891558,val,val/images/891558_sat.jpg,val/masks/891558_mask.png
89161,val,val/images/89161_sat.jpg,val/masks/89161_mask.png
891710,val,val/images/891710_sat.jpg,val/masks/891710_mask.png
891999,val,val/images/891999_sat.jpg,val/masks/891999_mask.png
892063,val,val/images/892063_sat.jpg,val/masks/892063_mask.png
892288,val,val/images/892288_sat.jpg,val/masks/892288_mask.png
89241,val,val/images/89241_sat.jpg,val/masks/89241_mask.png
892484,val,val/images/892484_sat.jpg,val/masks/892484_mask.png
892757,val,val/images/892757_sat.jpg,val/masks/892757_mask.png
892762,val,val/images/892762_sat.jpg,val/masks/892762_mask.png
893042,val,val/images/893042_sat.jpg,val/masks/893042_mask.png
893080,val,val/images/893080_sat.jpg,val/masks/893080_mask.png
89326,val,val/images/89326_sat.jpg,val/masks/89326_mask.png
893273,val,val/images/893273_sat.jpg,val/masks/893273_mask.png
893275,val,val/images/893275_sat.jpg,val/masks/893275_mask.png
893442,val,val/images/893442_sat.jpg,val/masks/893442_mask.png
89369,val,val/images/89369_sat.jpg,val/masks/89369_mask.png
893704,val,val/images/893704_sat.jpg,val/masks/893704_mask.png
893717,val,val/images/893717_sat.jpg,val/masks/893717_mask.png
893979,val,val/images/893979_sat.jpg,val/masks/893979_mask.png
893987,val,val/images/893987_sat.jpg,val/masks/893987_mask.png
894133,val,val/images/894133_sat.jpg,val/masks/894133_mask.png
894148,val,val/images/894148_sat.jpg,val/masks/894148_mask.png
894356,val,val/images/894356_sat.jpg,val/masks/894356_mask.png
894555,val,val/images/894555_sat.jpg,val/masks/894555_mask.png
895335,val,val/images/895335_sat.jpg,val/masks/895335_mask.png
895383,val,val/images/895383_sat.jpg,val/masks/895383_mask.png
895446,val,val/images/895446_sat.jpg,val/masks/895446_mask.png
895620,val,val/images/895620_sat.jpg,val/masks/895620_mask.png
89597,val,val/images/89597_sat.jpg,val/masks/89597_mask.png
896152,val,val/images/896152_sat.jpg,val/masks/896152_mask.png
896236,val,val/images/896236_sat.jpg,val/masks/896236_mask.png
896391,val,val/images/896391_sat.jpg,val/masks/896391_mask.png
896556,val,val/images/896556_sat.jpg,val/masks/896556_mask.png
897131,val,val/images/897131_sat.jpg,val/masks/897131_mask.png
8971,val,val/images/8971_sat.jpg,val/masks/8971_mask.png
897281,val,val/images/897281_sat.jpg,val/masks/897281_mask.png
897316,val,val/images/897316_sat.jpg,val/masks/897316_mask.png
897586,val,val/images/897586_sat.jpg,val/masks/897586_mask.png
897763,val,val/images/897763_sat.jpg,val/masks/897763_mask.png
897784,val,val/images/897784_sat.jpg,val/masks/897784_mask.png
897944,val,val/images/897944_sat.jpg,val/masks/897944_mask.png
897973,val,val/images/897973_sat.jpg,val/masks/897973_mask.png
898085,val,val/images/898085_sat.jpg,val/masks/898085_mask.png
8980,val,val/images/8980_sat.jpg,val/masks/8980_mask.png
89810,val,val/images/89810_sat.jpg,val/masks/89810_mask.png
898161,val,val/images/898161_sat.jpg,val/masks/898161_mask.png
898612,val,val/images/898612_sat.jpg,val/masks/898612_mask.png
898620,val,val/images/898620_sat.jpg,val/masks/898620_mask.png
898681,val,val/images/898681_sat.jpg,val/masks/898681_mask.png
898704,val,val/images/898704_sat.jpg,val/masks/898704_mask.png
899000,val,val/images/899000_sat.jpg,val/masks/899000_mask.png
899123,val,val/images/899123_sat.jpg,val/masks/899123_mask.png
899152,val,val/images/899152_sat.jpg,val/masks/899152_mask.png
899523,val,val/images/899523_sat.jpg,val/masks/899523_mask.png
899614,val,val/images/899614_sat.jpg,val/masks/899614_mask.png
899642,val,val/images/899642_sat.jpg,val/masks/899642_mask.png
899689,val,val/images/899689_sat.jpg,val/masks/899689_mask.png
899722,val,val/images/899722_sat.jpg,val/masks/899722_mask.png
899805,val,val/images/899805_sat.jpg,val/masks/899805_mask.png
900169,val,val/images/900169_sat.jpg,val/masks/900169_mask.png
900297,val,val/images/900297_sat.jpg,val/masks/900297_mask.png
900412,val,val/images/900412_sat.jpg,val/masks/900412_mask.png
90063,val,val/images/90063_sat.jpg,val/masks/90063_mask.png
900660,val,val/images/900660_sat.jpg,val/masks/900660_mask.png
900887,val,val/images/900887_sat.jpg,val/masks/900887_mask.png
90099,val,val/images/90099_sat.jpg,val/masks/90099_mask.png
901237,val,val/images/901237_sat.jpg,val/masks/901237_mask.png
901387,val,val/images/901387_sat.jpg,val/masks/901387_mask.png
901523,val,val/images/901523_sat.jpg,val/masks/901523_mask.png
901544,val,val/images/901544_sat.jpg,val/masks/901544_mask.png
901602,val,val/images/901602_sat.jpg,val/masks/901602_mask.png
901668,val,val/images/901668_sat.jpg,val/masks/901668_mask.png
901928,val,val/images/901928_sat.jpg,val/masks/901928_mask.png
901933,val,val/images/901933_sat.jpg,val/masks/901933_mask.png
90197,val,val/images/90197_sat.jpg,val/masks/90197_mask.png
90232,val,val/images/90232_sat.jpg,val/masks/90232_mask.png
902537,val,val/images/902537_sat.jpg,val/masks/902537_mask.png
902569,val,val/images/902569_sat.jpg,val/masks/902569_mask.png
903343,val,val/images/903343_sat.jpg,val/masks/903343_mask.png
903875,val,val/images/903875_sat.jpg,val/masks/903875_mask.png
903885,val,val/images/903885_sat.jpg,val/masks/903885_mask.png
904178,val,val/images/904178_sat.jpg,val/masks/904178_mask.png
904634,val,val/images/904634_sat.jpg,val/masks/904634_mask.png
904706,val,val/images/904706_sat.jpg,val/masks/904706_mask.png
90474,val,val/images/90474_sat.jpg,val/masks/90474_mask.png
904787,val,val/images/904787_sat.jpg,val/masks/904787_mask.png
904853,val,val/images/904853_sat.jpg,val/masks/904853_mask.png
905209,val,val/images/905209_sat.jpg,val/masks/905209_mask.png
905277,val,val/images/905277_sat.jpg,val/masks/905277_mask.png
905298,val,val/images/905298_sat.jpg,val/masks/905298_mask.png
905427,val,val/images/905427_sat.jpg,val/masks/905427_mask.png
905767,val,val/images/905767_sat.jpg,val/masks/905767_mask.png
905891,val,val/images/905891_sat.jpg,val/masks/905891_mask.png
906049,val,val/images/906049_sat.jpg,val/masks/906049_mask.png
906071,val,val/images/906071_sat.jpg,val/masks/906071_mask.png
906380,val,val/images/906380_sat.jpg,val/masks/906380_mask.png
906484,val,val/images/906484_sat.jpg,val/masks/906484_mask.png
906586,val,val/images/906586_sat.jpg,val/masks/906586_mask.png
906649,val,val/images/906649_sat.jpg,val/masks/906649_mask.png
906699,val,val/images/906699_sat.jpg,val/masks/906699_mask.png
907174,val,val/images/907174_sat.jpg,val/masks/907174_mask.png
907182,val,val/images/907182_sat.jpg,val/masks/907182_mask.png
907185,val,val/images/907185_sat.jpg,val/masks/907185_mask.png
907221,val,val/images/907221_sat.jpg,val/masks/907221_mask.png
907388,val,val/images/907388_sat.jpg,val/masks/907388_mask.png
907468,val,val/images/907468_sat.jpg,val/masks/907468_mask.png
907545,val,val/images/907545_sat.jpg,val/masks/907545_mask.png
907550,val,val/images/907550_sat.jpg,val/masks/907550_mask.png
907604,val,val/images/907604_sat.jpg,val/masks/907604_mask.png
907693,val,val/images/907693_sat.jpg,val/masks/907693_mask.png
907705,val,val/images/907705_sat.jpg,val/masks/907705_mask.png
908207,val,val/images/908207_sat.jpg,val/masks/908207_mask.png
908252,val,val/images/908252_sat.jpg,val/masks/908252_mask.png
908317,val,val/images/908317_sat.jpg,val/masks/908317_mask.png
908543,val,val/images/908543_sat.jpg,val/masks/908543_mask.png
908611,val,val/images/908611_sat.jpg,val/masks/908611_mask.png
908822,val,val/images/908822_sat.jpg,val/masks/908822_mask.png
908874,val,val/images/908874_sat.jpg,val/masks/908874_mask.png
909020,val,val/images/909020_sat.jpg,val/masks/909020_mask.png
909052,val,val/images/909052_sat.jpg,val/masks/909052_mask.png
909059,val,val/images/909059_sat.jpg,val/masks/909059_mask.png
909083,val,val/images/909083_sat.jpg,val/masks/909083_mask.png
909613,val,val/images/909613_sat.jpg,val/masks/909613_mask.png
909630,val,val/images/909630_sat.jpg,val/masks/909630_mask.png
909702,val,val/images/909702_sat.jpg,val/masks/909702_mask.png
909838,val,val/images/909838_sat.jpg,val/masks/909838_mask.png
910154,val,val/images/910154_sat.jpg,val/masks/910154_mask.png
910259,val,val/images/910259_sat.jpg,val/masks/910259_mask.png
910400,val,val/images/910400_sat.jpg,val/masks/910400_mask.png
910517,val,val/images/910517_sat.jpg,val/masks/910517_mask.png
910860,val,val/images/910860_sat.jpg,val/masks/910860_mask.png
910895,val,val/images/910895_sat.jpg,val/masks/910895_mask.png
910912,val,val/images/910912_sat.jpg,val/masks/910912_mask.png
911456,val,val/images/911456_sat.jpg,val/masks/911456_mask.png
911507,val,val/images/911507_sat.jpg,val/masks/911507_mask.png
912039,val,val/images/912039_sat.jpg,val/masks/912039_mask.png
912086,val,val/images/912086_sat.jpg,val/masks/912086_mask.png
912380,val,val/images/912380_sat.jpg,val/masks/912380_mask.png
912979,val,val/images/912979_sat.jpg,val/masks/912979_mask.png
91317,val,val/images/91317_sat.jpg,val/masks/91317_mask.png
913201,val,val/images/913201_sat.jpg,val/masks/913201_mask.png
913282,val,val/images/913282_sat.jpg,val/masks/913282_mask.png
913507,val,val/images/913507_sat.jpg,val/masks/913507_mask.png
913689,val,val/images/913689_sat.jpg,val/masks/913689_mask.png
913696,val,val/images/913696_sat.jpg,val/masks/913696_mask.png
913697,val,val/images/913697_sat.jpg,val/masks/913697_mask.png
913801,val,val/images/913801_sat.jpg,val/masks/913801_mask.png
914417,val,val/images/914417_sat.jpg,val/masks/914417_mask.png
91468,val,val/images/91468_sat.jpg,val/masks/91468_mask.png
914823,val,val/images/914823_sat.jpg,val/masks/914823_mask.png
915190,val,val/images/915190_sat.jpg,val/masks/915190_mask.png
915200,val,val/images/915200_sat.jpg,val/masks/915200_mask.png
915429,val,val/images/915429_sat.jpg,val/masks/915429_mask.png
915596,val,val/images/915596_sat.jpg,val/masks/915596_mask.png
915726,val,val/images/915726_sat.jpg,val/masks/915726_mask.png
915776,val,val/images/915776_sat.jpg,val/masks/915776_mask.png
915795,val,val/images/915795_sat.jpg,val/masks/915795_mask.png
916323,val,val/images/916323_sat.jpg,val/masks/916323_mask.png
916422,val,val/images/916422_sat.jpg,val/masks/916422_mask.png
917191,val,val/images/917191_sat.jpg,val/masks/917191_mask.png
917198,val,val/images/917198_sat.jpg,val/masks/917198_mask.png
917523,val,val/images/917523_sat.jpg,val/masks/917523_mask.png
917746,val,val/images/917746_sat.jpg,val/masks/917746_mask.png
917763,val,val/images/917763_sat.jpg,val/masks/917763_mask.png
917891,val,val/images/917891_sat.jpg,val/masks/917891_mask.png
917966,val,val/images/917966_sat.jpg,val/masks/917966_mask.png
918063,val,val/images/918063_sat.jpg,val/masks/918063_mask.png
918514,val,val/images/918514_sat.jpg,val/masks/918514_mask.png
91861,val,val/images/91861_sat.jpg,val/masks/91861_mask.png
919024,val,val/images/919024_sat.jpg,val/masks/919024_mask.png
919039,val,val/images/919039_sat.jpg,val/masks/919039_mask.png
919201,val,val/images/919201_sat.jpg,val/masks/919201_mask.png
919207,val,val/images/919207_sat.jpg,val/masks/919207_mask.png
919387,val,val/images/919387_sat.jpg,val/masks/919387_mask.png
919427,val,val/images/919427_sat.jpg,val/masks/919427_mask.png
91950,val,val/images/91950_sat.jpg,val/masks/91950_mask.png
919516,val,val/images/919516_sat.jpg,val/masks/919516_mask.png
919589,val,val/images/919589_sat.jpg,val/masks/919589_mask.png
919704,val,val/images/919704_sat.jpg,val/masks/919704_mask.png
919932,val,val/images/919932_sat.jpg,val/masks/919932_mask.png
919988,val,val/images/919988_sat.jpg,val/masks/919988_mask.png
920109,val,val/images/920109_sat.jpg,val/masks/920109_mask.png
920279,val,val/images/920279_sat.jpg,val/masks/920279_mask.png
920471,val,val/images/920471_sat.jpg,val/masks/920471_mask.png
920629,val,val/images/920629_sat.jpg,val/masks/920629_mask.png
920631,val,val/images/920631_sat.jpg,val/masks/920631_mask.png
920694,val,val/images/920694_sat.jpg,val/masks/920694_mask.png
920696,val,val/images/920696_sat.jpg,val/masks/920696_mask.png
920799,val,val/images/920799_sat.jpg,val/masks/920799_mask.png
920915,val,val/images/920915_sat.jpg,val/masks/920915_mask.png
921688,val,val/images/921688_sat.jpg,val/masks/921688_mask.png
921723,val,val/images/921723_sat.jpg,val/masks/921723_mask.png
921752,val,val/images/921752_sat.jpg,val/masks/921752_mask.png
921836,val,val/images/921836_sat.jpg,val/masks/921836_mask.png
92194,val,val/images/92194_sat.jpg,val/masks/92194_mask.png
922171,val,val/images/922171_sat.jpg,val/masks/922171_mask.png
922188,val,val/images/922188_sat.jpg,val/masks/922188_mask.png
92278,val,val/images/92278_sat.jpg,val/masks/92278_mask.png
922867,val,val/images/922867_sat.jpg,val/masks/922867_mask.png
923317,val,val/images/923317_sat.jpg,val/masks/923317_mask.png
923367,val,val/images/923367_sat.jpg,val/masks/923367_mask.png
923591,val,val/images/923591_sat.jpg,val/masks/923591_mask.png
923781,val,val/images/923781_sat.jpg,val/masks/923781_mask.png
923812,val,val/images/923812_sat.jpg,val/masks/923812_mask.png
923831,val,val/images/923831_sat.jpg,val/masks/923831_mask.png
923843,val,val/images/923843_sat.jpg,val/masks/923843_mask.png
923845,val,val/images/923845_sat.jpg,val/masks/923845_mask.png
923875,val,val/images/923875_sat.jpg,val/masks/923875_mask.png
924321,val,val/images/924321_sat.jpg,val/masks/924321_mask.png
924336,val,val/images/924336_sat.jpg,val/masks/924336_mask.png
924937,val,val/images/924937_sat.jpg,val/masks/924937_mask.png
925068,val,val/images/925068_sat.jpg,val/masks/925068_mask.png
925223,val,val/images/925223_sat.jpg,val/masks/925223_mask.png
925315,val,val/images/925315_sat.jpg,val/masks/925315_mask.png
925360,val,val/images/925360_sat.jpg,val/masks/925360_mask.png
925525,val,val/images/925525_sat.jpg,val/masks/925525_mask.png
925864,val,val/images/925864_sat.jpg,val/masks/925864_mask.png
925893,val,val/images/925893_sat.jpg,val/masks/925893_mask.png
926026,val,val/images/926026_sat.jpg,val/masks/926026_mask.png
926296,val,val/images/926296_sat.jpg,val/masks/926296_mask.png
926308,val,val/images/926308_sat.jpg,val/masks/926308_mask.png
926812,val,val/images/926812_sat.jpg,val/masks/926812_mask.png
927015,val,val/images/927015_sat.jpg,val/masks/927015_mask.png
927175,val,val/images/927175_sat.jpg,val/masks/927175_mask.png
927396,val,val/images/927396_sat.jpg,val/masks/927396_mask.png
927649,val,val/images/927649_sat.jpg,val/masks/927649_mask.png
927707,val,val/images/927707_sat.jpg,val/masks/927707_mask.png
927899,val,val/images/927899_sat.jpg,val/masks/927899_mask.png
928016,val,val/images/928016_sat.jpg,val/masks/928016_mask.png
928261,val,val/images/928261_sat.jpg,val/masks/928261_mask.png
928443,val,val/images/928443_sat.jpg,val/masks/928443_mask.png
928466,val,val/images/928466_sat.jpg,val/masks/928466_mask.png
928472,val,val/images/928472_sat.jpg,val/masks/928472_mask.png
928614,val,val/images/928614_sat.jpg,val/masks/928614_mask.png
928771,val,val/images/928771_sat.jpg,val/masks/928771_mask.png
928777,val,val/images/928777_sat.jpg,val/masks/928777_mask.png
928916,val,val/images/928916_sat.jpg,val/masks/928916_mask.png
928942,val,val/images/928942_sat.jpg,val/masks/928942_mask.png
929046,val,val/images/929046_sat.jpg,val/masks/929046_mask.png
929061,val,val/images/929061_sat.jpg,val/masks/929061_mask.png
929180,val,val/images/929180_sat.jpg,val/masks/929180_mask.png
929203,val,val/images/929203_sat.jpg,val/masks/929203_mask.png
929277,val,val/images/929277_sat.jpg,val/masks/929277_mask.png
929363,val,val/images/929363_sat.jpg,val/masks/929363_mask.png
929561,val,val/images/929561_sat.jpg,val/masks/929561_mask.png
929716,val,val/images/929716_sat.jpg,val/masks/929716_mask.png
929754,val,val/images/929754_sat.jpg,val/masks/929754_mask.png
929803,val,val/images/929803_sat.jpg,val/masks/929803_mask.png
929975,val,val/images/929975_sat.jpg,val/masks/929975_mask.png
930016,val,val/images/930016_sat.jpg,val/masks/930016_mask.png
930021,val,val/images/930021_sat.jpg,val/masks/930021_mask.png
930446,val,val/images/930446_sat.jpg,val/masks/930446_mask.png
930866,val,val/images/930866_sat.jpg,val/masks/930866_mask.png
930950,val,val/images/930950_sat.jpg,val/masks/930950_mask.png
931102,val,val/images/931102_sat.jpg,val/masks/931102_mask.png
931532,val,val/images/931532_sat.jpg,val/masks/931532_mask.png
931536,val,val/images/931536_sat.jpg,val/masks/931536_mask.png
931695,val,val/images/931695_sat.jpg,val/masks/931695_mask.png
931721,val,val/images/931721_sat.jpg,val/masks/931721_mask.png
932169,val,val/images/932169_sat.jpg,val/masks/932169_mask.png
932353,val,val/images/932353_sat.jpg,val/masks/932353_mask.png
932396,val,val/images/932396_sat.jpg,val/masks/932396_mask.png
932457,val,val/images/932457_sat.jpg,val/masks/932457_mask.png
932508,val,val/images/932508_sat.jpg,val/masks/932508_mask.png
93262,val,val/images/93262_sat.jpg,val/masks/93262_mask.png
932648,val,val/images/932648_sat.jpg,val/masks/932648_mask.png
932794,val,val/images/932794_sat.jpg,val/masks/932794_mask.png
933045,val,val/images/933045_sat.jpg,val/masks/933045_mask.png
933111,val,val/images/933111_sat.jpg,val/masks/933111_mask.png
933294,val,val/images/933294_sat.jpg,val/masks/933294_mask.png
933320,val,val/images/933320_sat.jpg,val/masks/933320_mask.png
933392,val,val/images/933392_sat.jpg,val/masks/933392_mask.png
933459,val,val/images/933459_sat.jpg,val/masks/933459_mask.png
933523,val,val/images/933523_sat.jpg,val/masks/933523_mask.png
933583,val,val/images/933583_sat.jpg,val/masks/933583_mask.png
933722,val,val/images/933722_sat.jpg,val/masks/933722_mask.png
93386,val,val/images/93386_sat.jpg,val/masks/93386_mask.png
933886,val,val/images/933886_sat.jpg,val/masks/933886_mask.png
9339,val,val/images/9339_sat.jpg,val/masks/9339_mask.png
934063,val,val/images/934063_sat.jpg,val/masks/934063_mask.png
934232,val,val/images/934232_sat.jpg,val/masks/934232_mask.png
934348,val,val/images/934348_sat.jpg,val/masks/934348_mask.png
934387,val,val/images/934387_sat.jpg,val/masks/934387_mask.png
934673,val,val/images/934673_sat.jpg,val/masks/934673_mask.png
93489,val,val/images/93489_sat.jpg,val/masks/93489_mask.png
935019,val,val/images/935019_sat.jpg,val/masks/935019_mask.png
93503,val,val/images/93503_sat.jpg,val/masks/93503_mask.png
935105,val,val/images/935105_sat.jpg,val/masks/935105_mask.png
935147,val,val/images/935147_sat.jpg,val/masks/935147_mask.png
935429,val,val/images/935429_sat.jpg,val/masks/935429_mask.png
935574,val,val/images/935574_sat.jpg,val/masks/935574_mask.png
935601,val,val/images/935601_sat.jpg,val/masks/935601_mask.png
935648,val,val/images/935648_sat.jpg,val/masks/935648_mask.png
935865,val,val/images/935865_sat.jpg,val/masks/935865_mask.png
936058,val,val/images/936058_sat.jpg,val/masks/936058_mask.png
936193,val,val/images/936193_sat.jpg,val/masks/936193_mask.png
936196,val,val/images/936196_sat.jpg,val/masks/936196_mask.png
936269,val,val/images/936269_sat.jpg,val/masks/936269_mask.png
936795,val,val/images/936795_sat.jpg,val/masks/936795_mask.png
93702,val,val/images/93702_sat.jpg,val/masks/93702_mask.png
937098,val,val/images/937098_sat.jpg,val/masks/937098_mask.png
937457,val,val/images/937457_sat.jpg,val/masks/937457_mask.png
937489,val,val/images/937489_sat.jpg,val/masks/937489_mask.png
937546,val,val/images/937546_sat.jpg,val/masks/937546_mask.png
937572,val,val/images/937572_sat.jpg,val/masks/937572_mask.png
937644,val,val/images/937644_sat.jpg,val/masks/937644_mask.png
937803,val,val/images/937803_sat.jpg,val/masks/937803_mask.png
938177,val,val/images/938177_sat.jpg,val/masks/938177_mask.png
93824,val,val/images/93824_sat.jpg,val/masks/93824_mask.png
938344,val,val/images/938344_sat.jpg,val/masks/938344_mask.png
938376,val,val/images/938376_sat.jpg,val/masks/938376_mask.png
938410,val,val/images/938410_sat.jpg,val/masks/938410_mask.png
938699,val,val/images/938699_sat.jpg,val/masks/938699_mask.png
93880,val,val/images/93880_sat.jpg,val/masks/93880_mask.png
938881,val,val/images/938881_sat.jpg,val/masks/938881_mask.png
939372,val,val/images/939372_sat.jpg,val/masks/939372_mask.png
939522,val,val/images/939522_sat.jpg,val/masks/939522_mask.png
939551,val,val/images/939551_sat.jpg,val/masks/939551_mask.png
939841,val,val/images/939841_sat.jpg,val/masks/939841_mask.png
939927,val,val/images/939927_sat.jpg,val/masks/939927_mask.png
93993,val,val/images/93993_sat.jpg,val/masks/93993_mask.png
940177,val,val/images/940177_sat.jpg,val/masks/940177_mask.png
940185,val,val/images/940185_sat.jpg,val/masks/940185_mask.png
940208,val,val/images/940208_sat.jpg,val/masks/940208_mask.png
940260,val,val/images/940260_sat.jpg,val/masks/940260_mask.png
940304,val,val/images/940304_sat.jpg,val/masks/940304_mask.png
94034,val,val/images/94034_sat.jpg,val/masks/94034_mask.png
940374,val,val/images/940374_sat.jpg,val/masks/940374_mask.png
940735,val,val/images/940735_sat.jpg,val/masks/940735_mask.png
940791,val,val/images/940791_sat.jpg,val/masks/940791_mask.png
940985,val,val/images/940985_sat.jpg,val/masks/940985_mask.png
941094,val,val/images/941094_sat.jpg,val/masks/941094_mask.png
941186,val,val/images/941186_sat.jpg,val/masks/941186_mask.png
941458,val,val/images/941458_sat.jpg,val/masks/941458_mask.png
941572,val,val/images/941572_sat.jpg,val/masks/941572_mask.png
94157,val,val/images/94157_sat.jpg,val/masks/94157_mask.png
941665,val,val/images/941665_sat.jpg,val/masks/941665_mask.png
941690,val,val/images/941690_sat.jpg,val/masks/941690_mask.png
941740,val,val/images/941740_sat.jpg,val/masks/941740_mask.png
941847,val,val/images/941847_sat.jpg,val/masks/941847_mask.png
942021,val,val/images/942021_sat.jpg,val/masks/942021_mask.png
94225,val,val/images/94225_sat.jpg,val/masks/94225_mask.png
942278,val,val/images/942278_sat.jpg,val/masks/942278_mask.png
942296,val,val/images/942296_sat.jpg,val/masks/942296_mask.png
942407,val,val/images/942407_sat.jpg,val/masks/942407_mask.png
942422,val,val/images/942422_sat.jpg,val/masks/942422_mask.png
942837,val,val/images/942837_sat.jpg,val/masks/942837_mask.png
942881,val,val/images/942881_sat.jpg,val/masks/942881_mask.png
942974,val,val/images/942974_sat.jpg,val/masks/942974_mask.png
943322,val,val/images/943322_sat.jpg,val/masks/943322_mask.png
943345,val,val/images/943345_sat.jpg,val/masks/943345_mask.png
9433,val,val/images/9433_sat.jpg,val/masks/9433_mask.png
943435,val,val/images/943435_sat.jpg,val/masks/943435_mask.png
943692,val,val/images/943692_sat.jpg,val/masks/943692_mask.png
943875,val,val/images/943875_sat.jpg,val/masks/943875_mask.png
944008,val,val/images/944008_sat.jpg,val/masks/944008_mask.png
944024,val,val/images/944024_sat.jpg,val/masks/944024_mask.png
944241,val,val/images/944241_sat.jpg,val/masks/944241_mask.png
944360,val,val/images/944360_sat.jpg,val/masks/944360_mask.png
944485,val,val/images/944485_sat.jpg,val/masks/944485_mask.png
944589,val,val/images/944589_sat.jpg,val/masks/944589_mask.png
944601,val,val/images/944601_sat.jpg,val/masks/944601_mask.png
945052,val,val/images/945052_sat.jpg,val/masks/945052_mask.png
945229,val,val/images/945229_sat.jpg,val/masks/945229_mask.png
945265,val,val/images/945265_sat.jpg,val/masks/945265_mask.png
945590,val,val/images/945590_sat.jpg,val/masks/945590_mask.png
945718,val,val/images/945718_sat.jpg,val/masks/945718_mask.png
945833,val,val/images/945833_sat.jpg,val/masks/945833_mask.png
945849,val,val/images/945849_sat.jpg,val/masks/945849_mask.png
946030,val,val/images/946030_sat.jpg,val/masks/946030_mask.png
946031,val,val/images/946031_sat.jpg,val/masks/946031_mask.png
946035,val,val/images/946035_sat.jpg,val/masks/946035_mask.png
946083,val,val/images/946083_sat.jpg,val/masks/946083_mask.png
946187,val,val/images/946187_sat.jpg,val/masks/946187_mask.png
94623,val,val/images/94623_sat.jpg,val/masks/94623_mask.png
946289,val,val/images/946289_sat.jpg,val/masks/946289_mask.png
946567,val,val/images/946567_sat.jpg,val/masks/946567_mask.png
946799,val,val/images/946799_sat.jpg,val/masks/946799_mask.png
946808,val,val/images/946808_sat.jpg,val/masks/946808_mask.png
946810,val,val/images/946810_sat.jpg,val/masks/946810_mask.png
946851,val,val/images/946851_sat.jpg,val/masks/946851_mask.png
947183,val,val/images/947183_sat.jpg,val/masks/947183_mask.png
947194,val,val/images/947194_sat.jpg,val/masks/947194_mask.png
947405,val,val/images/947405_sat.jpg,val/masks/947405_mask.png
947674,val,val/images/947674_sat.jpg,val/masks/947674_mask.png
947864,val,val/images/947864_sat.jpg,val/masks/947864_mask.png
947964,val,val/images/947964_sat.jpg,val/masks/947964_mask.png
947986,val,val/images/947986_sat.jpg,val/masks/947986_mask.png
948209,val,val/images/948209_sat.jpg,val/masks/948209_mask.png
948521,val,val/images/948521_sat.jpg,val/masks/948521_mask.png
948644,val,val/images/948644_sat.jpg,val/masks/948644_mask.png
948711,val,val/images/948711_sat.jpg,val/masks/948711_mask.png
948754,val,val/images/948754_sat.jpg,val/masks/948754_mask.png
949143,val,val/images/949143_sat.jpg,val/masks/949143_mask.png
949427,val,val/images/949427_sat.jpg,val/masks/949427_mask.png
949499,val,val/images/949499_sat.jpg,val/masks/949499_mask.png
949522,val,val/images/949522_sat.jpg,val/masks/949522_mask.png
949679,val,val/images/949679_sat.jpg,val/masks/949679_mask.png
949763,val,val/images/949763_sat.jpg,val/masks/949763_mask.png
949798,val,val/images/949798_sat.jpg,val/masks/949798_mask.png
949841,val,val/images/949841_sat.jpg,val/masks/949841_mask.png
949944,val,val/images/949944_sat.jpg,val/masks/949944_mask.png
950061,val,val/images/950061_sat.jpg,val/masks/950061_mask.png
95070,val,val/images/95070_sat.jpg,val/masks/95070_mask.png
950717,val,val/images/950717_sat.jpg,val/masks/950717_mask.png
950856,val,val/images/950856_sat.jpg,val/masks/950856_mask.png
950919,val,val/images/950919_sat.jpg,val/masks/950919_mask.png
950964,val,val/images/950964_sat.jpg,val/masks/950964_mask.png
951072,val,val/images/951072_sat.jpg,val/masks/951072_mask.png
951118,val,val/images/951118_sat.jpg,val/masks/951118_mask.png
951195,val,val/images/951195_sat.jpg,val/masks/951195_mask.png
951435,val,val/images/951435_sat.jpg,val/masks/951435_mask.png
951596,val,val/images/951596_sat.jpg,val/masks/951596_mask.png
95185,val,val/images/95185_sat.jpg,val/masks/95185_mask.png
951,val,val/images/951_sat.jpg,val/masks/951_mask.png
952134,val,val/images/952134_sat.jpg,val/masks/952134_mask.png
952186,val,val/images/952186_sat.jpg,val/masks/952186_mask.png
952241,val,val/images/952241_sat.jpg,val/masks/952241_mask.png
952401,val,val/images/952401_sat.jpg,val/masks/952401_mask.png
95245,val,val/images/95245_sat.jpg,val/masks/95245_mask.png
953074,val,val/images/953074_sat.jpg,val/masks/953074_mask.png
953175,val,val/images/953175_sat.jpg,val/masks/953175_mask.png
953228,val,val/images/953228_sat.jpg,val/masks/953228_mask.png
953426,val,val/images/953426_sat.jpg,val/masks/953426_mask.png
953495,val,val/images/953495_sat.jpg,val/masks/953495_mask.png
953595,val,val/images/953595_sat.jpg,val/masks/953595_mask.png
954085,val,val/images/954085_sat.jpg,val/masks/954085_mask.png
954214,val,val/images/954214_sat.jpg,val/masks/954214_mask.png
954319,val,val/images/954319_sat.jpg,val/masks/954319_mask.png
95440,val,val/images/95440_sat.jpg,val/masks/95440_mask.png
95471,val,val/images/95471_sat.jpg,val/masks/95471_mask.png
954725,val,val/images/954725_sat.jpg,val/masks/954725_mask.png
954744,val,val/images/954744_sat.jpg,val/masks/954744_mask.png
955344,val,val/images/955344_sat.jpg,val/masks/955344_mask.png
955401,val,val/images/955401_sat.jpg,val/masks/955401_mask.png
955526,val,val/images/955526_sat.jpg,val/masks/955526_mask.png
955634,val,val/images/955634_sat.jpg,val/masks/955634_mask.png
955699,val,val/images/955699_sat.jpg,val/masks/955699_mask.png
95571,val,val/images/95571_sat.jpg,val/masks/95571_mask.png
95573,val,val/images/95573_sat.jpg,val/masks/95573_mask.png
955948,val,val/images/955948_sat.jpg,val/masks/955948_mask.png
955978,val,val/images/955978_sat.jpg,val/masks/955978_mask.png
956106,val,val/images/956106_sat.jpg,val/masks/956106_mask.png
956757,val,val/images/956757_sat.jpg,val/masks/956757_mask.png
956924,val,val/images/956924_sat.jpg,val/masks/956924_mask.png
956979,val,val/images/956979_sat.jpg,val/masks/956979_mask.png
957208,val,val/images/957208_sat.jpg,val/masks/957208_mask.png
957367,val,val/images/957367_sat.jpg,val/masks/957367_mask.png
957508,val,val/images/957508_sat.jpg,val/masks/957508_mask.png
957650,val,val/images/957650_sat.jpg,val/masks/957650_mask.png
957715,val,val/images/957715_sat.jpg,val/masks/957715_mask.png
957825,val,val/images/957825_sat.jpg,val/masks/957825_mask.png
957898,val,val/images/957898_sat.jpg,val/masks/957898_mask.png
958471,val,val/images/958471_sat.jpg,val/masks/958471_mask.png
958571,val,val/images/958571_sat.jpg,val/masks/958571_mask.png
958932,val,val/images/958932_sat.jpg,val/masks/958932_mask.png
958998,val,val/images/958998_sat.jpg,val/masks/958998_mask.png
959032,val,val/images/959032_sat.jpg,val/masks/959032_mask.png
959091,val,val/images/959091_sat.jpg,val/masks/959091_mask.png
95932,val,val/images/95932_sat.jpg,val/masks/95932_mask.png
959424,val,val/images/959424_sat.jpg,val/masks/959424_mask.png
959435,val,val/images/959435_sat.jpg,val/masks/959435_mask.png
959496,val,val/images/959496_sat.jpg,val/masks/959496_mask.png
959529,val,val/images/959529_sat.jpg,val/masks/959529_mask.png
959705,val,val/images/959705_sat.jpg,val/masks/959705_mask.png
959925,val,val/images/959925_sat.jpg,val/masks/959925_mask.png
960162,val,val/images/960162_sat.jpg,val/masks/960162_mask.png
960287,val,val/images/960287_sat.jpg,val/masks/960287_mask.png
960291,val,val/images/960291_sat.jpg,val/masks/960291_mask.png
960372,val,val/images/960372_sat.jpg,val/masks/960372_mask.png
960471,val,val/images/960471_sat.jpg,val/masks/960471_mask.png
960631,val,val/images/960631_sat.jpg,val/masks/960631_mask.png
960793,val,val/images/960793_sat.jpg,val/masks/960793_mask.png
960845,val,val/images/960845_sat.jpg,val/masks/960845_mask.png
960918,val,val/images/960918_sat.jpg,val/masks/960918_mask.png
961077,val,val/images/961077_sat.jpg,val/masks/961077_mask.png
961236,val,val/images/961236_sat.jpg,val/masks/961236_mask.png
961336,val,val/images/961336_sat.jpg,val/masks/961336_mask.png
961425,val,val/images/961425_sat.jpg,val/masks/961425_mask.png
961487,val,val/images/961487_sat.jpg,val/masks/961487_mask.png
961531,val,val/images/961531_sat.jpg,val/masks/961531_mask.png
962072,val,val/images/962072_sat.jpg,val/masks/962072_mask.png
962829,val,val/images/962829_sat.jpg,val/masks/962829_mask.png
962887,val,val/images/962887_sat.jpg,val/masks/962887_mask.png
962988,val,val/images/962988_sat.jpg,val/masks/962988_mask.png
963225,val,val/images/963225_sat.jpg,val/masks/963225_mask.png
96326,val,val/images/96326_sat.jpg,val/masks/96326_mask.png
963389,val,val/images/963389_sat.jpg,val/masks/963389_mask.png
963426,val,val/images/963426_sat.jpg,val/masks/963426_mask.png
963805,val,val/images/963805_sat.jpg,val/masks/963805_mask.png
96399,val,val/images/96399_sat.jpg,val/masks/96399_mask.png
964261,val,val/images/964261_sat.jpg,val/masks/964261_mask.png
964308,val,val/images/964308_sat.jpg,val/masks/964308_mask.png
964555,val,val/images/964555_sat.jpg,val/masks/964555_mask.png
964566,val,val/images/964566_sat.jpg,val/masks/964566_mask.png
964590,val,val/images/964590_sat.jpg,val/masks/964590_mask.png
964793,val,val/images/964793_sat.jpg,val/masks/964793_mask.png
964926,val,val/images/964926_sat.jpg,val/masks/964926_mask.png
965147,val,val/images/965147_sat.jpg,val/masks/965147_mask.png
965322,val,val/images/965322_sat.jpg,val/masks/965322_mask.png
965349,val,val/images/965349_sat.jpg,val/masks/965349_mask.png
965378,val,val/images/965378_sat.jpg,val/masks/965378_mask.png
96543,val,val/images/96543_sat.jpg,val/masks/96543_mask.png
965750,val,val/images/965750_sat.jpg,val/masks/965750_mask.png
966260,val,val/images/966260_sat.jpg,val/masks/966260_mask.png
966295,val,val/images/966295_sat.jpg,val/masks/966295_mask.png
966308,val,val/images/966308_sat.jpg,val/masks/966308_mask.png
96635,val,val/images/96635_sat.jpg,val/masks/96635_mask.png
96639,val,val/images/96639_sat.jpg,val/masks/96639_mask.png
9663,val,val/images/9663_sat.jpg,val/masks/9663_mask.png
966419,val,val/images/966419_sat.jpg,val/masks/966419_mask.png
966525,val,val/images/966525_sat.jpg,val/masks/966525_mask.png
966535,val,val/images/966535_sat.jpg,val/masks/966535_mask.png
966712,val,val/images/966712_sat.jpg,val/masks/966712_mask.png
966775,val,val/images/966775_sat.jpg,val/masks/966775_mask.png
966786,val,val/images/966786_sat.jpg,val/masks/966786_mask.png
966836,val,val/images/966836_sat.jpg,val/masks/966836_mask.png
967447,val,val/images/967447_sat.jpg,val/masks/967447_mask.png
967643,val,val/images/967643_sat.jpg,val/masks/967643_mask.png
967951,val,val/images/967951_sat.jpg,val/masks/967951_mask.png
968022,val,val/images/968022_sat.jpg,val/masks/968022_mask.png
968202,val,val/images/968202_sat.jpg,val/masks/968202_mask.png
968546,val,val/images/968546_sat.jpg,val/masks/968546_mask.png
968690,val,val/images/968690_sat.jpg,val/masks/968690_mask.png
968835,val,val/images/968835_sat.jpg,val/masks/968835_mask.png
968959,val,val/images/968959_sat.jpg,val/masks/968959_mask.png
969001,val,val/images/969001_sat.jpg,val/masks/969001_mask.png
969029,val,val/images/969029_sat.jpg,val/masks/969029_mask.png
96905,val,val/images/96905_sat.jpg,val/masks/96905_mask.png
969112,val,val/images/969112_sat.jpg,val/masks/969112_mask.png
969507,val,val/images/969507_sat.jpg,val/masks/969507_mask.png
969794,val,val/images/969794_sat.jpg,val/masks/969794_mask.png
969845,val,val/images/969845_sat.jpg,val/masks/969845_mask.png
970229,val,val/images/970229_sat.jpg,val/masks/970229_mask.png
970400,val,val/images/970400_sat.jpg,val/masks/970400_mask.png
970706,val,val/images/970706_sat.jpg,val/masks/970706_mask.png
971038,val,val/images/971038_sat.jpg,val/masks/971038_mask.png
97115,val,val/images/97115_sat.jpg,val/masks/97115_mask.png
971177,val,val/images/971177_sat.jpg,val/masks/971177_mask.png
971228,val,val/images/971228_sat.jpg,val/masks/971228_mask.png
971299,val,val/images/971299_sat.jpg,val/masks/971299_mask.png
971922,val,val/images/971922_sat.jpg,val/masks/971922_mask.png
972206,val,val/images/972206_sat.jpg,val/masks/972206_mask.png
972254,val,val/images/972254_sat.jpg,val/masks/972254_mask.png
972546,val,val/images/972546_sat.jpg,val/masks/972546_mask.png
972689,val,val/images/972689_sat.jpg,val/masks/972689_mask.png
97272,val,val/images/97272_sat.jpg,val/masks/97272_mask.png
97279,val,val/images/97279_sat.jpg,val/masks/97279_mask.png
97287,val,val/images/97287_sat.jpg,val/masks/97287_mask.png
973063,val,val/images/973063_sat.jpg,val/masks/973063_mask.png
973094,val,val/images/973094_sat.jpg,val/masks/973094_mask.png
97321,val,val/images/97321_sat.jpg,val/masks/97321_mask.png
973434,val,val/images/973434_sat.jpg,val/masks/973434_mask.png
973490,val,val/images/973490_sat.jpg,val/masks/973490_mask.png
973890,val,val/images/973890_sat.jpg,val/masks/973890_mask.png
973982,val,val/images/973982_sat.jpg,val/masks/973982_mask.png
974158,val,val/images/974158_sat.jpg,val/masks/974158_mask.png
974250,val,val/images/974250_sat.jpg,val/masks/974250_mask.png
974256,val,val/images/974256_sat.jpg,val/masks/974256_mask.png
974637,val,val/images/974637_sat.jpg,val/masks/974637_mask.png
974696,val,val/images/974696_sat.jpg,val/masks/974696_mask.png
974725,val,val/images/974725_sat.jpg,val/masks/974725_mask.png
974773,val,val/images/974773_sat.jpg,val/masks/974773_mask.png
974843,val,val/images/974843_sat.jpg,val/masks/974843_mask.png
975274,val,val/images/975274_sat.jpg,val/masks/975274_mask.png
975973,val,val/images/975973_sat.jpg,val/masks/975973_mask.png
97627,val,val/images/97627_sat.jpg,val/masks/97627_mask.png
976309,val,val/images/976309_sat.jpg,val/masks/976309_mask.png
976327,val,val/images/976327_sat.jpg,val/masks/976327_mask.png
976438,val,val/images/976438_sat.jpg,val/masks/976438_mask.png
976451,val,val/images/976451_sat.jpg,val/masks/976451_mask.png
976537,val,val/images/976537_sat.jpg,val/masks/976537_mask.png
976759,val,val/images/976759_sat.jpg,val/masks/976759_mask.png
976894,val,val/images/976894_sat.jpg,val/masks/976894_mask.png
976914,val,val/images/976914_sat.jpg,val/masks/976914_mask.png
976970,val,val/images/976970_sat.jpg,val/masks/976970_mask.png
97748,val,val/images/97748_sat.jpg,val/masks/97748_mask.png
977848,val,val/images/977848_sat.jpg,val/masks/977848_mask.png
978037,val,val/images/978037_sat.jpg,val/masks/978037_mask.png
978104,val,val/images/978104_sat.jpg,val/masks/978104_mask.png
978201,val,val/images/978201_sat.jpg,val/masks/978201_mask.png
978339,val,val/images/978339_sat.jpg,val/masks/978339_mask.png
97837,val,val/images/97837_sat.jpg,val/masks/97837_mask.png
978406,val,val/images/978406_sat.jpg,val/masks/978406_mask.png
978495,val,val/images/978495_sat.jpg,val/masks/978495_mask.png
97852,val,val/images/97852_sat.jpg,val/masks/97852_mask.png
97854,val,val/images/97854_sat.jpg,val/masks/97854_mask.png
979028,val,val/images/979028_sat.jpg,val/masks/979028_mask.png
979149,val,val/images/979149_sat.jpg,val/masks/979149_mask.png
979246,val,val/images/979246_sat.jpg,val/masks/979246_mask.png
979506,val,val/images/979506_sat.jpg,val/masks/979506_mask.png
979605,val,val/images/979605_sat.jpg,val/masks/979605_mask.png
979669,val,val/images/979669_sat.jpg,val/masks/979669_mask.png
979688,val,val/images/979688_sat.jpg,val/masks/979688_mask.png
979812,val,val/images/979812_sat.jpg,val/masks/979812_mask.png
979854,val,val/images/979854_sat.jpg,val/masks/979854_mask.png
979932,val,val/images/979932_sat.jpg,val/masks/979932_mask.png
980030,val,val/images/980030_sat.jpg,val/masks/980030_mask.png
980164,val,val/images/980164_sat.jpg,val/masks/980164_mask.png
980177,val,val/images/980177_sat.jpg,val/masks/980177_mask.png
98029,val,val/images/98029_sat.jpg,val/masks/98029_mask.png
980683,val,val/images/980683_sat.jpg,val/masks/980683_mask.png
980712,val,val/images/980712_sat.jpg,val/masks/980712_mask.png
980975,val,val/images/980975_sat.jpg,val/masks/980975_mask.png
98157,val,val/images/98157_sat.jpg,val/masks/98157_mask.png
981645,val,val/images/981645_sat.jpg,val/masks/981645_mask.png
981956,val,val/images/981956_sat.jpg,val/masks/981956_mask.png
982013,val,val/images/982013_sat.jpg,val/masks/982013_mask.png
98225,val,val/images/98225_sat.jpg,val/masks/98225_mask.png
982331,val,val/images/982331_sat.jpg,val/masks/982331_mask.png
982396,val,val/images/982396_sat.jpg,val/masks/982396_mask.png
982721,val,val/images/982721_sat.jpg,val/masks/982721_mask.png
982866,val,val/images/982866_sat.jpg,val/masks/982866_mask.png
982907,val,val/images/982907_sat.jpg,val/masks/982907_mask.png
983744,val,val/images/983744_sat.jpg,val/masks/983744_mask.png
983851,val,val/images/983851_sat.jpg,val/masks/983851_mask.png
983884,val,val/images/983884_sat.jpg,val/masks/983884_mask.png
983887,val,val/images/983887_sat.jpg,val/masks/983887_mask.png
984363,val,val/images/984363_sat.jpg,val/masks/984363_mask.png
984438,val,val/images/984438_sat.jpg,val/masks/984438_mask.png
98477,val,val/images/98477_sat.jpg,val/masks/98477_mask.png
985064,val,val/images/985064_sat.jpg,val/masks/985064_mask.png
985216,val,val/images/985216_sat.jpg,val/masks/985216_mask.png
985595,val,val/images/985595_sat.jpg,val/masks/985595_mask.png
985661,val,val/images/985661_sat.jpg,val/masks/985661_mask.png
985731,val,val/images/985731_sat.jpg,val/masks/985731_mask.png
985902,val,val/images/985902_sat.jpg,val/masks/985902_mask.png
98599,val,val/images/98599_sat.jpg,val/masks/98599_mask.png
986182,val,val/images/986182_sat.jpg,val/masks/986182_mask.png
9872,val,val/images/9872_sat.jpg,val/masks/9872_mask.png
987330,val,val/images/987330_sat.jpg,val/masks/987330_mask.png
987408,val,val/images/987408_sat.jpg,val/masks/987408_mask.png
987623,val,val/images/987623_sat.jpg,val/masks/987623_mask.png
987822,val,val/images/987822_sat.jpg,val/masks/987822_mask.png
987823,val,val/images/987823_sat.jpg,val/masks/987823_mask.png
987840,val,val/images/987840_sat.jpg,val/masks/987840_mask.png
988341,val,val/images/988341_sat.jpg,val/masks/988341_mask.png
988559,val,val/images/988559_sat.jpg,val/masks/988559_mask.png
988774,val,val/images/988774_sat.jpg,val/masks/988774_mask.png
989146,val,val/images/989146_sat.jpg,val/masks/989146_mask.png
989174,val,val/images/989174_sat.jpg,val/masks/989174_mask.png
989343,val,val/images/989343_sat.jpg,val/masks/989343_mask.png
989398,val,val/images/989398_sat.jpg,val/masks/989398_mask.png
989455,val,val/images/989455_sat.jpg,val/masks/989455_mask.png
989480,val,val/images/989480_sat.jpg,val/masks/989480_mask.png
989763,val,val/images/989763_sat.jpg,val/masks/989763_mask.png
990020,val,val/images/990020_sat.jpg,val/masks/990020_mask.png
990140,val,val/images/990140_sat.jpg,val/masks/990140_mask.png
990181,val,val/images/990181_sat.jpg,val/masks/990181_mask.png
990478,val,val/images/990478_sat.jpg,val/masks/990478_mask.png
990503,val,val/images/990503_sat.jpg,val/masks/990503_mask.png
990561,val,val/images/990561_sat.jpg,val/masks/990561_mask.png
990851,val,val/images/990851_sat.jpg,val/masks/990851_mask.png
991243,val,val/images/991243_sat.jpg,val/masks/991243_mask.png
991347,val,val/images/991347_sat.jpg,val/masks/991347_mask.png
991373,val,val/images/991373_sat.jpg,val/masks/991373_mask.png
991392,val,val/images/991392_sat.jpg,val/masks/991392_mask.png
991461,val,val/images/991461_sat.jpg,val/masks/991461_mask.png
991845,val,val/images/991845_sat.jpg,val/masks/991845_mask.png
991988,val,val/images/991988_sat.jpg,val/masks/991988_mask.png
992083,val,val/images/992083_sat.jpg,val/masks/992083_mask.png
992317,val,val/images/992317_sat.jpg,val/masks/992317_mask.png
992343,val,val/images/992343_sat.jpg,val/masks/992343_mask.png
992526,val,val/images/992526_sat.jpg,val/masks/992526_mask.png
992768,val,val/images/992768_sat.jpg,val/masks/992768_mask.png
993012,val,val/images/993012_sat.jpg,val/masks/993012_mask.png
993226,val,val/images/993226_sat.jpg,val/masks/993226_mask.png
993412,val,val/images/993412_sat.jpg,val/masks/993412_mask.png
993483,val,val/images/993483_sat.jpg,val/masks/993483_mask.png
993491,val,val/images/993491_sat.jpg,val/masks/993491_mask.png
993512,val,val/images/993512_sat.jpg,val/masks/993512_mask.png
99367,val,val/images/99367_sat.jpg,val/masks/99367_mask.png
993763,val,val/images/993763_sat.jpg,val/masks/993763_mask.png
9937,val,val/images/9937_sat.jpg,val/masks/9937_mask.png
993822,val,val/images/993822_sat.jpg,val/masks/993822_mask.png
994121,val,val/images/994121_sat.jpg,val/masks/994121_mask.png
994363,val,val/images/994363_sat.jpg,val/masks/994363_mask.png
994421,val,val/images/994421_sat.jpg,val/masks/994421_mask.png
994850,val,val/images/994850_sat.jpg,val/masks/994850_mask.png
994957,val,val/images/994957_sat.jpg,val/masks/994957_mask.png
995287,val,val/images/995287_sat.jpg,val/masks/995287_mask.png
995305,val,val/images/995305_sat.jpg,val/masks/995305_mask.png
995558,val,val/images/995558_sat.jpg,val/masks/995558_mask.png
995739,val,val/images/995739_sat.jpg,val/masks/995739_mask.png
995758,val,val/images/995758_sat.jpg,val/masks/995758_mask.png
995848,val,val/images/995848_sat.jpg,val/masks/995848_mask.png
996088,val,val/images/996088_sat.jpg,val/masks/996088_mask.png
996111,val,val/images/996111_sat.jpg,val/masks/996111_mask.png
99639,val,val/images/99639_sat.jpg,val/masks/99639_mask.png
99665,val,val/images/99665_sat.jpg,val/masks/99665_mask.png
996759,val,val/images/996759_sat.jpg,val/masks/996759_mask.png
996898,val,val/images/996898_sat.jpg,val/masks/996898_mask.png
996964,val,val/images/996964_sat.jpg,val/masks/996964_mask.png
996972,val,val/images/996972_sat.jpg,val/masks/996972_mask.png
99706,val,val/images/99706_sat.jpg,val/masks/99706_mask.png
997140,val,val/images/997140_sat.jpg,val/masks/997140_mask.png
997687,val,val/images/997687_sat.jpg,val/masks/997687_mask.png
997706,val,val/images/997706_sat.jpg,val/masks/997706_mask.png
997777,val,val/images/997777_sat.jpg,val/masks/997777_mask.png
997873,val,val/images/997873_sat.jpg,val/masks/997873_mask.png
997980,val,val/images/997980_sat.jpg,val/masks/997980_mask.png
997999,val,val/images/997999_sat.jpg,val/masks/997999_mask.png
998069,val,val/images/998069_sat.jpg,val/masks/998069_mask.png
998098,val,val/images/998098_sat.jpg,val/masks/998098_mask.png
998129,val,val/images/998129_sat.jpg,val/masks/998129_mask.png
99816,val,val/images/99816_sat.jpg,val/masks/99816_mask.png
99884,val,val/images/99884_sat.jpg,val/masks/99884_mask.png
999130,val,val/images/999130_sat.jpg,val/masks/999130_mask.png
99913,val,val/images/99913_sat.jpg,val/masks/99913_mask.png
999233,val,val/images/999233_sat.jpg,val/masks/999233_mask.png
999248,val,val/images/999248_sat.jpg,val/masks/999248_mask.png
999431,val,val/images/999431_sat.jpg,val/masks/999431_mask.png
999531,val,val/images/999531_sat.jpg,val/masks/999531_mask.png
999667,val,val/images/999667_sat.jpg,val/masks/999667_mask.png
999764,val,val/images/999764_sat.jpg,val/masks/999764_mask.png
99995,val,val/images/99995_sat.jpg,val/masks/99995_mask.png
100794,valid,valid/100794_sat.jpg,
100905,valid,valid/100905_sat.jpg,
102867,valid,valid/102867_sat.jpg,
10417,valid,valid/10417_sat.jpg,
106553,valid,valid/106553_sat.jpg,
10678,valid,valid/10678_sat.jpg,
107243,valid,valid/107243_sat.jpg,
109245,valid,valid/109245_sat.jpg,
11053,valid,valid/11053_sat.jpg,
112600,valid,valid/112600_sat.jpg,
113081,valid,valid/113081_sat.jpg,
114504,valid,valid/114504_sat.jpg,
114656,valid,valid/114656_sat.jpg,
115141,valid,valid/115141_sat.jpg,
115798,valid,valid/115798_sat.jpg,
115820,valid,valid/115820_sat.jpg,
117209,valid,valid/117209_sat.jpg,
117532,valid,valid/117532_sat.jpg,
117974,valid,valid/117974_sat.jpg,
118143,valid,valid/118143_sat.jpg,
118784,valid,valid/118784_sat.jpg,
12005,valid,valid/12005_sat.jpg,
121282,valid,valid/121282_sat.jpg,
122772,valid,valid/122772_sat.jpg,
123878,valid,valid/123878_sat.jpg,
125414,valid,valid/125414_sat.jpg,
125774,valid,valid/125774_sat.jpg,
126037,valid,valid/126037_sat.jpg,
126886,valid,valid/126886_sat.jpg,
127098,valid,valid/127098_sat.jpg,
127947,valid,valid/127947_sat.jpg,
127951,valid,valid/127951_sat.jpg,
128257,valid,valid/128257_sat.jpg,
128403,valid,valid/128403_sat.jpg,
12842,valid,valid/12842_sat.jpg,
129419,valid,valid/129419_sat.jpg,
129637,valid,valid/129637_sat.jpg,
130028,valid,valid/130028_sat.jpg,
130302,valid,valid/130302_sat.jpg,
131639,valid,valid/131639_sat.jpg,
132394,valid,valid/132394_sat.jpg,
132874,valid,valid/132874_sat.jpg,
134029,valid,valid/134029_sat.jpg,
134034,valid,valid/134034_sat.jpg,
134508,valid,valid/134508_sat.jpg,
135260,valid,valid/135260_sat.jpg,
135601,valid,valid/135601_sat.jpg,
135913,valid,valid/135913_sat.jpg,
136835,valid,valid/136835_sat.jpg,
138059,valid,valid/138059_sat.jpg,
138451,valid,valid/138451_sat.jpg,
139076,valid,valid/139076_sat.jpg,
1392,valid,valid/1392_sat.jpg,
139410,valid,valid/139410_sat.jpg,
140116,valid,valid/140116_sat.jpg,
140198,valid,valid/140198_sat.jpg,
140649,valid,valid/140649_sat.jpg,
140840,valid,valid/140840_sat.jpg,
14253,valid,valid/14253_sat.jpg,
142892,valid,valid/142892_sat.jpg,
14400,valid,valid/14400_sat.jpg,
144304,valid,valid/144304_sat.jpg,
144676,valid,valid/144676_sat.jpg,
145027,valid,valid/145027_sat.jpg,
145497,valid,valid/145497_sat.jpg,
145900,valid,valid/145900_sat.jpg,
146129,valid,valid/146129_sat.jpg,
14635,valid,valid/14635_sat.jpg,
146606,valid,valid/146606_sat.jpg,
147775,valid,valid/147775_sat.jpg,
149698,valid,valid/149698_sat.jpg,
150339,valid,valid/150339_sat.jpg,
15111,valid,valid/15111_sat.jpg,
154516,valid,valid/154516_sat.jpg,
15516,valid,valid/15516_sat.jpg,
155750,valid,valid/155750_sat.jpg,
155787,valid,valid/155787_sat.jpg,
155995,valid,valid/155995_sat.jpg,
156403,valid,valid/156403_sat.jpg,
156684,valid,valid/156684_sat.jpg,
157004,valid,valid/157004_sat.jpg,
157300,valid,valid/157300_sat.jpg,
157660,valid,valid/157660_sat.jpg,
157704,valid,valid/157704_sat.jpg,
15782,valid,valid/15782_sat.jpg,
158745,valid,valid/158745_sat.jpg,
15914,valid,valid/15914_sat.jpg,
159215,valid,valid/159215_sat.jpg,
159259,valid,valid/159259_sat.jpg,
159932,valid,valid/159932_sat.jpg,
160523,valid,valid/160523_sat.jpg,
161167,valid,valid/161167_sat.jpg,
161202,valid,valid/161202_sat.jpg,
161910,valid,valid/161910_sat.jpg,
162232,valid,valid/162232_sat.jpg,
162586,valid,valid/162586_sat.jpg,
164671,valid,valid/164671_sat.jpg,
164758,valid,valid/164758_sat.jpg,
164777,valid,valid/164777_sat.jpg,
16480,valid,valid/16480_sat.jpg,
16521,valid,valid/16521_sat.jpg,
166094,valid,valid/166094_sat.jpg,
16642,valid,valid/16642_sat.jpg,
166681,valid,valid/166681_sat.jpg,
166785,valid,valid/166785_sat.jpg,
167477,valid,valid/167477_sat.jpg,
167661,valid,valid/167661_sat.jpg,
168312,valid,valid/168312_sat.jpg,
16889,valid,valid/16889_sat.jpg,
169045,valid,valid/169045_sat.jpg,
170173,valid,valid/170173_sat.jpg,
170341,valid,valid/170341_sat.jpg,
170614,valid,valid/170614_sat.jpg,
172463,valid,valid/172463_sat.jpg,
173207,valid,valid/173207_sat.jpg,
173571,valid,valid/173571_sat.jpg,
174171,valid,valid/174171_sat.jpg,
175375,valid,valid/175375_sat.jpg,
175792,valid,valid/175792_sat.jpg,
176219,valid,valid/176219_sat.jpg,
178944,valid,valid/178944_sat.jpg,
179422,valid,valid/179422_sat.jpg,
17945,valid,valid/17945_sat.jpg,
180765,valid,valid/180765_sat.jpg,
180988,valid,valid/180988_sat.jpg,
181018,valid,valid/181018_sat.jpg,
181888,valid,valid/181888_sat.jpg,
182132,valid,valid/182132_sat.jpg,
18232,valid,valid/18232_sat.jpg,
182625,valid,valid/182625_sat.jpg,
182896,valid,valid/182896_sat.jpg,
183082,valid,valid/183082_sat.jpg,
184113,valid,valid/184113_sat.jpg,
185798,valid,valid/185798_sat.jpg,
186401,valid,valid/186401_sat.jpg,
189355,valid,valid/189355_sat.jpg,
190182,valid,valid/190182_sat.jpg,
190542,valid,valid/190542_sat.jpg,
191294,valid,valid/191294_sat.jpg,
193020,valid,valid/193020_sat.jpg,
193094,valid,valid/193094_sat.jpg,
19438,valid,valid/19438_sat.jpg,
194544,valid,valid/194544_sat.jpg,
195274,valid,valid/195274_sat.jpg,
195420,valid,valid/195420_sat.jpg,
196438,valid,valid/196438_sat.jpg,
198297,valid,valid/198297_sat.jpg,
198618,valid,valid/198618_sat.jpg,
199335,valid,valid/199335_sat.jpg,
199652,valid,valid/199652_sat.jpg,
199972,valid,valid/199972_sat.jpg,
200270,valid,valid/200270_sat.jpg,
201005,valid,valid/201005_sat.jpg,
201987,valid,valid/201987_sat.jpg,
202589,valid,valid/202589_sat.jpg,
203673,valid,valid/203673_sat.jpg,
204190,valid,valid/204190_sat.jpg,
205007,valid,valid/205007_sat.jpg,
205104,valid,valid/205104_sat.jpg,
205471,valid,valid/205471_sat.jpg,
207368,valid,valid/207368_sat.jpg,
207821,valid,valid/207821_sat.jpg,
20805,valid,valid/20805_sat.jpg,
209227,valid,valid/209227_sat.jpg,
210535,valid,valid/210535_sat.jpg,
211161,valid,valid/211161_sat.jpg,
213301,valid,valid/213301_sat.jpg,
213366,valid,valid/213366_sat.jpg,
213607,valid,valid/213607_sat.jpg,
214238,valid,valid/214238_sat.jpg,
214475,valid,valid/214475_sat.jpg,
215908,valid,valid/215908_sat.jpg,
216042,valid,valid/216042_sat.jpg,
216192,valid,valid/216192_sat.jpg,
216731,valid,valid/216731_sat.jpg,
217263,valid,valid/217263_sat.jpg,
219648,valid,valid/219648_sat.jpg,
22037,valid,valid/22037_sat.jpg,
220642,valid,valid/220642_sat.jpg,
220972,valid,valid/220972_sat.jpg,
221389,valid,valid/221389_sat.jpg,
222169,valid,valid/222169_sat.jpg,
223007,valid,valid/223007_sat.jpg,
224910,valid,valid/224910_sat.jpg,
227031,valid,valid/227031_sat.jpg,
227432,valid,valid/227432_sat.jpg,
229233,valid,valid/229233_sat.jpg,
229386,valid,valid/229386_sat.jpg,
229545,valid,valid/229545_sat.jpg,
230195,valid,valid/230195_sat.jpg,
230212,valid,valid/230212_sat.jpg,
230262,valid,valid/230262_sat.jpg,
231554,valid,valid/231554_sat.jpg,
231579,valid,valid/231579_sat.jpg,
232370,valid,valid/232370_sat.jpg,
232835,valid,valid/232835_sat.jpg,
233182,valid,valid/233182_sat.jpg,
233952,valid,valid/233952_sat.jpg,
234452,valid,valid/234452_sat.jpg,
235424,valid,valid/235424_sat.jpg,
237487,valid,valid/237487_sat.jpg,
237685,valid,valid/237685_sat.jpg,
237705,valid,valid/237705_sat.jpg,
237782,valid,valid/237782_sat.jpg,
238062,valid,valid/238062_sat.jpg,
239109,valid,valid/239109_sat.jpg,
239880,valid,valid/239880_sat.jpg,
240270,valid,valid/240270_sat.jpg,
240505,valid,valid/240505_sat.jpg,
242705,valid,valid/242705_sat.jpg,
243489,valid,valid/243489_sat.jpg,
243501,valid,valid/243501_sat.jpg,
244454,valid,valid/244454_sat.jpg,
244910,valid,valid/244910_sat.jpg,
244932,valid,valid/244932_sat.jpg,
24557,valid,valid/24557_sat.jpg,
246848,valid,valid/246848_sat.jpg,
24684,valid,valid/24684_sat.jpg,
24730,valid,valid/24730_sat.jpg,
247807,valid,valid/247807_sat.jpg,
248002,valid,valid/248002_sat.jpg,
249726,valid,valid/249726_sat.jpg,
25120,valid,valid/25120_sat.jpg,
251615,valid,valid/251615_sat.jpg,
25283,valid,valid/25283_sat.jpg,
254236,valid,valid/254236_sat.jpg,
255390,valid,valid/255390_sat.jpg,
255525,valid,valid/255525_sat.jpg,
255583,valid,valid/255583_sat.jpg,
257041,valid,valid/257041_sat.jpg,
25797,valid,valid/25797_sat.jpg,
259038,valid,valid/259038_sat.jpg,
259359,valid,valid/259359_sat.jpg,
260030,valid,valid/260030_sat.jpg,
260064,valid,valid/260064_sat.jpg,
260589,valid,valid/260589_sat.jpg,
261075,valid,valid/261075_sat.jpg,
261105,valid,valid/261105_sat.jpg,
26143,valid,valid/26143_sat.jpg,
262658,valid,valid/262658_sat.jpg,
262769,valid,valid/262769_sat.jpg,
263587,valid,valid/263587_sat.jpg,
263897,valid,valid/263897_sat.jpg,
263966,valid,valid/263966_sat.jpg,
264153,valid,valid/264153_sat.jpg,
26416,valid,valid/26416_sat.jpg,
264412,valid,valid/264412_sat.jpg,
265081,valid,valid/265081_sat.jpg,
265338,valid,valid/265338_sat.jpg,
265354,valid,valid/265354_sat.jpg,
266290,valid,valid/266290_sat.jpg,
266782,valid,valid/266782_sat.jpg,
267471,valid,valid/267471_sat.jpg,
268262,valid,valid/268262_sat.jpg,
269189,valid,valid/269189_sat.jpg,
271268,valid,valid/271268_sat.jpg,
272377,valid,valid/272377_sat.jpg,
273130,valid,valid/273130_sat.jpg,
274394,valid,valid/274394_sat.jpg,
274579,valid,valid/274579_sat.jpg,
275076,valid,valid/275076_sat.jpg,
276885,valid,valid/276885_sat.jpg,
277834,valid,valid/277834_sat.jpg,
279331,valid,valid/279331_sat.jpg,
279480,valid,valid/279480_sat.jpg,
280611,valid,valid/280611_sat.jpg,
281785,valid,valid/281785_sat.jpg,
282282,valid,valid/282282_sat.jpg,
283453,valid,valid/283453_sat.jpg,
283660,valid,valid/283660_sat.jpg,
284932,valid,valid/284932_sat.jpg,
285388,valid,valid/285388_sat.jpg,
286095,valid,valid/286095_sat.jpg,
286281,valid,valid/286281_sat.jpg,
286305,valid,valid/286305_sat.jpg,
28675,valid,valid/28675_sat.jpg,
287114,valid,valid/287114_sat.jpg,
288219,valid,valid/288219_sat.jpg,
288366,valid,valid/288366_sat.jpg,
289761,valid,valid/289761_sat.jpg,
290434,valid,valid/290434_sat.jpg,
290555,valid,valid/290555_sat.jpg,
290824,valid,valid/290824_sat.jpg,
291421,valid,valid/291421_sat.jpg,
291501,valid,valid/291501_sat.jpg,
293020,valid,valid/293020_sat.jpg,
293468,valid,valid/293468_sat.jpg,
293724,valid,valid/293724_sat.jpg,
293964,valid,valid/293964_sat.jpg,
294358,valid,valid/294358_sat.jpg,
294397,valid,valid/294397_sat.jpg,
29442,valid,valid/29442_sat.jpg,
294971,valid,valid/294971_sat.jpg,
295670,valid,valid/295670_sat.jpg,
296346,valid,valid/296346_sat.jpg,
297009,valid,valid/297009_sat.jpg,
297844,valid,valid/297844_sat.jpg,
29805,valid,valid/29805_sat.jpg,
298480,valid,valid/298480_sat.jpg,
299312,valid,valid/299312_sat.jpg,
299532,valid,valid/299532_sat.jpg,
300666,valid,valid/300666_sat.jpg,
30184,valid,valid/30184_sat.jpg,
302195,valid,valid/302195_sat.jpg,
310892,valid,valid/310892_sat.jpg,
311869,valid,valid/311869_sat.jpg,
312148,valid,valid/312148_sat.jpg,
312315,valid,valid/312315_sat.jpg,
314405,valid,valid/314405_sat.jpg,
316866,valid,valid/316866_sat.jpg,
31686,valid,valid/31686_sat.jpg,
317092,valid,valid/317092_sat.jpg,
317225,valid,valid/317225_sat.jpg,
318647,valid,valid/318647_sat.jpg,
318657,valid,valid/318657_sat.jpg,
319160,valid,valid/319160_sat.jpg,
319781,valid,valid/319781_sat.jpg,
319916,valid,valid/319916_sat.jpg,
32080,valid,valid/32080_sat.jpg,
321691,valid,valid/321691_sat.jpg,
321828,valid,valid/321828_sat.jpg,
322792,valid,valid/322792_sat.jpg,
323125,valid,valid/323125_sat.jpg,
323137,valid,valid/323137_sat.jpg,
323695,valid,valid/323695_sat.jpg,
324880,valid,valid/324880_sat.jpg,
324936,valid,valid/324936_sat.jpg,
324974,valid,valid/324974_sat.jpg,
324981,valid,valid/324981_sat.jpg,
32499,valid,valid/32499_sat.jpg,
325827,valid,valid/325827_sat.jpg,
326255,valid,valid/326255_sat.jpg,
327201,valid,valid/327201_sat.jpg,
327240,valid,valid/327240_sat.jpg,
327281,valid,valid/327281_sat.jpg,
3272,valid,valid/3272_sat.jpg,
328633,valid,valid/328633_sat.jpg,
328724,valid,valid/328724_sat.jpg,
328932,valid,valid/328932_sat.jpg,
329822,valid,valid/329822_sat.jpg,
331967,valid,valid/331967_sat.jpg,
332129,valid,valid/332129_sat.jpg,
332803,valid,valid/332803_sat.jpg,
334426,valid,valid/334426_sat.jpg,
334622,valid,valid/334622_sat.jpg,
335103,valid,valid/335103_sat.jpg,
335271,valid,valid/335271_sat.jpg,
335837,valid,valid/335837_sat.jpg,
336651,valid,valid/336651_sat.jpg,
338044,valid,valid/338044_sat.jpg,
338638,valid,valid/338638_sat.jpg,
339364,valid,valid/339364_sat.jpg,
34038,valid,valid/34038_sat.jpg,
342110,valid,valid/342110_sat.jpg,
343861,valid,valid/343861_sat.jpg,
344492,valid,valid/344492_sat.jpg,
344853,valid,valid/344853_sat.jpg,
345281,valid,valid/345281_sat.jpg,
34541,valid,valid/34541_sat.jpg,
345827,valid,valid/345827_sat.jpg,
346159,valid,valid/346159_sat.jpg,
346453,valid,valid/346453_sat.jpg,
347325,valid,valid/347325_sat.jpg,
348629,valid,valid/348629_sat.jpg,
348717,valid,valid/348717_sat.jpg,
348736,valid,valid/348736_sat.jpg,
349113,valid,valid/349113_sat.jpg,
349587,valid,valid/349587_sat.jpg,
351236,valid,valid/351236_sat.jpg,
353819,valid,valid/353819_sat.jpg,
354676,valid,valid/354676_sat.jpg,
35481,valid,valid/35481_sat.jpg,
354978,valid,valid/354978_sat.jpg,
355593,valid,valid/355593_sat.jpg,
35643,valid,valid/35643_sat.jpg,
356636,valid,valid/356636_sat.jpg,
357034,valid,valid/357034_sat.jpg,
359003,valid,valid/359003_sat.jpg,
359030,valid,valid/359030_sat.jpg,
359145,valid,valid/359145_sat.jpg,
359998,valid,valid/359998_sat.jpg,
360112,valid,valid/360112_sat.jpg,
360261,valid,valid/360261_sat.jpg,
360801,valid,valid/360801_sat.jpg,
360992,valid,valid/360992_sat.jpg,
362054,valid,valid/362054_sat.jpg,
363177,valid,valid/363177_sat.jpg,
365686,valid,valid/365686_sat.jpg,
367282,valid,valid/367282_sat.jpg,
367328,valid,valid/367328_sat.jpg,
367412,valid,valid/367412_sat.jpg,
367563,valid,valid/367563_sat.jpg,
368917,valid,valid/368917_sat.jpg,
369382,valid,valid/369382_sat.jpg,
372044,valid,valid/372044_sat.jpg,
372884,valid,valid/372884_sat.jpg,
373132,valid,valid/373132_sat.jpg,
373161,valid,valid/373161_sat.jpg,
373475,valid,valid/373475_sat.jpg,
37347,valid,valid/37347_sat.jpg,
373543,valid,valid/373543_sat.jpg,
374044,valid,valid/374044_sat.jpg,
374093,valid,valid/374093_sat.jpg,
374750,valid,valid/374750_sat.jpg,
376553,valid,valid/376553_sat.jpg,
377015,valid,valid/377015_sat.jpg,
377023,valid,valid/377023_sat.jpg,
377491,valid,valid/377491_sat.jpg,
378484,valid,valid/378484_sat.jpg,
37848,valid,valid/37848_sat.jpg,
379169,valid,valid/379169_sat.jpg,
381163,valid,valid/381163_sat.jpg,
381450,valid,valid/381450_sat.jpg,
382187,valid,valid/382187_sat.jpg,
382619,valid,valid/382619_sat.jpg,
383800,valid,valid/383800_sat.jpg,
384119,valid,valid/384119_sat.jpg,
38454,valid,valid/38454_sat.jpg,
385125,valid,valid/385125_sat.jpg,
385182,valid,valid/385182_sat.jpg,
385311,valid,valid/385311_sat.jpg,
385588,valid,valid/385588_sat.jpg,
386970,valid,valid/386970_sat.jpg,
387247,valid,valid/387247_sat.jpg,
387303,valid,valid/387303_sat.jpg,
38747,valid,valid/38747_sat.jpg,
38785,valid,valid/38785_sat.jpg,
388377,valid,valid/388377_sat.jpg,
388784,valid,valid/388784_sat.jpg,
389534,valid,valid/389534_sat.jpg,
389572,valid,valid/389572_sat.jpg,
39015,valid,valid/39015_sat.jpg,
390739,valid,valid/390739_sat.jpg,
392913,valid,valid/392913_sat.jpg,
393531,valid,valid/393531_sat.jpg,
393538,valid,valid/393538_sat.jpg,
393861,valid,valid/393861_sat.jpg,
397108,valid,valid/397108_sat.jpg,
397237,valid,valid/397237_sat.jpg,
398633,valid,valid/398633_sat.jpg,
399394,valid,valid/399394_sat.jpg,
399402,valid,valid/399402_sat.jpg,
399512,valid,valid/399512_sat.jpg,
399847,valid,valid/399847_sat.jpg,
400643,valid,valid/400643_sat.jpg,
40196,valid,valid/40196_sat.jpg,
402453,valid,valid/402453_sat.jpg,
403370,valid,valid/403370_sat.jpg,
403992,valid,valid/403992_sat.jpg,
404672,valid,valid/404672_sat.jpg,
407466,valid,valid/407466_sat.jpg,
408525,valid,valid/408525_sat.jpg,
409204,valid,valid/409204_sat.jpg,
410414,valid,valid/410414_sat.jpg,
410457,valid,valid/410457_sat.jpg,
410610,valid,valid/410610_sat.jpg,
410688,valid,valid/410688_sat.jpg,
412242,valid,valid/412242_sat.jpg,
413786,valid,valid/413786_sat.jpg,
413884,valid,valid/413884_sat.jpg,
413892,valid,valid/413892_sat.jpg,
414019,valid,valid/414019_sat.jpg,
416535,valid,valid/416535_sat.jpg,
41689,valid,valid/41689_sat.jpg,
417891,valid,valid/417891_sat.jpg,
418867,valid,valid/418867_sat.jpg,
424647,valid,valid/424647_sat.jpg,
42570,valid,valid/42570_sat.jpg,
426659,valid,valid/426659_sat.jpg,
426698,valid,valid/426698_sat.jpg,
427056,valid,valid/427056_sat.jpg,
427154,valid,valid/427154_sat.jpg,
427980,valid,valid/427980_sat.jpg,
428130,valid,valid/428130_sat.jpg,
428786,valid,valid/428786_sat.jpg,
429041,valid,valid/429041_sat.jpg,
430046,valid,valid/430046_sat.jpg,
433361,valid,valid/433361_sat.jpg,
433605,valid,valid/433605_sat.jpg,
433709,valid,valid/433709_sat.jpg,
434565,valid,valid/434565_sat.jpg,
43468,valid,valid/43468_sat.jpg,
435545,valid,valid/435545_sat.jpg,
435749,valid,valid/435749_sat.jpg,
435914,valid,valid/435914_sat.jpg,
437072,valid,valid/437072_sat.jpg,
437336,valid,valid/437336_sat.jpg,
437527,valid,valid/437527_sat.jpg,
438279,valid,valid/438279_sat.jpg,
439367,valid,valid/439367_sat.jpg,
440839,valid,valid/440839_sat.jpg,
441333,valid,valid/441333_sat.jpg,
441562,valid,valid/441562_sat.jpg,
443471,valid,valid/443471_sat.jpg,
444657,valid,valid/444657_sat.jpg,
445311,valid,valid/445311_sat.jpg,
445471,valid,valid/445471_sat.jpg,
445958,valid,valid/445958_sat.jpg,
446558,valid,valid/446558_sat.jpg,
44667,valid,valid/44667_sat.jpg,
44696,valid,valid/44696_sat.jpg,
447424,valid,valid/447424_sat.jpg,
447866,valid,valid/447866_sat.jpg,
449354,valid,valid/449354_sat.jpg,
450206,valid,valid/450206_sat.jpg,
451451,valid,valid/451451_sat.jpg,
451592,valid,valid/451592_sat.jpg,
45202,valid,valid/45202_sat.jpg,
453251,valid,valid/453251_sat.jpg,
453476,valid,valid/453476_sat.jpg,
453882,valid,valid/453882_sat.jpg,
45500,valid,valid/45500_sat.jpg,
45522,valid,valid/45522_sat.jpg,
456047,valid,valid/456047_sat.jpg,
457490,valid,valid/457490_sat.jpg,
457538,valid,valid/457538_sat.jpg,
458510,valid,valid/458510_sat.jpg,
459005,valid,valid/459005_sat.jpg,
459522,valid,valid/459522_sat.jpg,
460009,valid,valid/460009_sat.jpg,
460155,valid,valid/460155_sat.jpg,
460240,valid,valid/460240_sat.jpg,
460318,valid,valid/460318_sat.jpg,
461288,valid,valid/461288_sat.jpg,
46138,valid,valid/46138_sat.jpg,
461533,valid,valid/461533_sat.jpg,
46175,valid,valid/46175_sat.jpg,
46289,valid,valid/46289_sat.jpg,
463644,valid,valid/463644_sat.jpg,
464921,valid,valid/464921_sat.jpg,
465476,valid,valid/465476_sat.jpg,
465832,valid,valid/465832_sat.jpg,
46608,valid,valid/46608_sat.jpg,
466310,valid,valid/466310_sat.jpg,
467167,valid,valid/467167_sat.jpg,
467201,valid,valid/467201_sat.jpg,
467750,valid,valid/467750_sat.jpg,
469150,valid,valid/469150_sat.jpg,
469208,valid,valid/469208_sat.jpg,
469481,valid,valid/469481_sat.jpg,
469844,valid,valid/469844_sat.jpg,
472042,valid,valid/472042_sat.jpg,
472926,valid,valid/472926_sat.jpg,
473074,valid,valid/473074_sat.jpg,
475964,valid,valid/475964_sat.jpg,
476027,valid,valid/476027_sat.jpg,
478545,valid,valid/478545_sat.jpg,
483643,valid,valid/483643_sat.jpg,
483783,valid,valid/483783_sat.jpg,
485677,valid,valid/485677_sat.jpg,
485904,valid,valid/485904_sat.jpg,
486476,valid,valid/486476_sat.jpg,
487250,valid,valid/487250_sat.jpg,
487709,valid,valid/487709_sat.jpg,
487995,valid,valid/487995_sat.jpg,
489768,valid,valid/489768_sat.jpg,
49049,valid,valid/49049_sat.jpg,
491593,valid,valid/491593_sat.jpg,
492267,valid,valid/492267_sat.jpg,
492364,valid,valid/492364_sat.jpg,
492570,valid,valid/492570_sat.jpg,
492799,valid,valid/492799_sat.jpg,
49297,valid,valid/49297_sat.jpg,
494018,valid,valid/494018_sat.jpg,
494026,valid,valid/494026_sat.jpg,
494761,valid,valid/494761_sat.jpg,
495293,valid,valid/495293_sat.jpg,
497347,valid,valid/497347_sat.jpg,
497781,valid,valid/497781_sat.jpg,
498043,valid,valid/498043_sat.jpg,
498928,valid,valid/498928_sat.jpg,
49923,valid,valid/49923_sat.jpg,
499432,valid,valid/499432_sat.jpg,
499730,valid,valid/499730_sat.jpg,
500644,valid,valid/500644_sat.jpg,
500869,valid,valid/500869_sat.jpg,
500871,valid,valid/500871_sat.jpg,
501318,valid,valid/501318_sat.jpg,
501807,valid,valid/501807_sat.jpg,
503297,valid,valid/503297_sat.jpg,
504054,valid,valid/504054_sat.jpg,
506274,valid,valid/506274_sat.jpg,
506876,valid,valid/506876_sat.jpg,
508155,valid,valid/508155_sat.jpg,
509153,valid,valid/509153_sat.jpg,
509727,valid,valid/509727_sat.jpg,
510190,valid,valid/510190_sat.jpg,
510608,valid,valid/510608_sat.jpg,
513657,valid,valid/513657_sat.jpg,
513732,valid,valid/513732_sat.jpg,
514595,valid,valid/514595_sat.jpg,
514631,valid,valid/514631_sat.jpg,
515193,valid,valid/515193_sat.jpg,
515493,valid,valid/515493_sat.jpg,
51567,valid,valid/51567_sat.jpg,
515725,valid,valid/515725_sat.jpg,
516337,valid,valid/516337_sat.jpg,
517786,valid,valid/517786_sat.jpg,
518047,valid,valid/518047_sat.jpg,
51834,valid,valid/51834_sat.jpg,
518416,valid,valid/518416_sat.jpg,
51854,valid,valid/51854_sat.jpg,
519010,valid,valid/519010_sat.jpg,
520947,valid,valid/520947_sat.jpg,
52158,valid,valid/52158_sat.jpg,
52253,valid,valid/52253_sat.jpg,
523440,valid,valid/523440_sat.jpg,
524125,valid,valid/524125_sat.jpg,
526101,valid,valid/526101_sat.jpg,
526401,valid,valid/526401_sat.jpg,
526434,valid,valid/526434_sat.jpg,
526472,valid,valid/526472_sat.jpg,
526504,valid,valid/526504_sat.jpg,
526696,valid,valid/526696_sat.jpg,
527171,valid,valid/527171_sat.jpg,
527420,valid,valid/527420_sat.jpg,
527665,valid,valid/527665_sat.jpg,
527972,valid,valid/527972_sat.jpg,
528294,valid,valid/528294_sat.jpg,
528675,valid,valid/528675_sat.jpg,
52894,valid,valid/52894_sat.jpg,
530144,valid,valid/530144_sat.jpg,
530408,valid,valid/530408_sat.jpg,
530554,valid,valid/530554_sat.jpg,
530654,valid,valid/530654_sat.jpg,
530825,valid,valid/530825_sat.jpg,
531820,valid,valid/531820_sat.jpg,
531899,valid,valid/531899_sat.jpg,
532097,valid,valid/532097_sat.jpg,
532838,valid,valid/532838_sat.jpg,
532998,valid,valid/532998_sat.jpg,
536181,valid,valid/536181_sat.jpg,
536280,valid,valid/536280_sat.jpg,
536522,valid,valid/536522_sat.jpg,
53744,valid,valid/53744_sat.jpg,
539554,valid,valid/539554_sat.jpg,
540115,valid,valid/540115_sat.jpg,
541992,valid,valid/541992_sat.jpg,
543026,valid,valid/543026_sat.jpg,
543133,valid,valid/543133_sat.jpg,
543884,valid,valid/543884_sat.jpg,
544950,valid,valid/544950_sat.jpg,
545015,valid,valid/545015_sat.jpg,
545033,valid,valid/545033_sat.jpg,
545066,valid,valid/545066_sat.jpg,
54561,valid,valid/54561_sat.jpg,
546642,valid,valid/546642_sat.jpg,
546813,valid,valid/546813_sat.jpg,
54778,valid,valid/54778_sat.jpg,
551217,valid,valid/551217_sat.jpg,
551632,valid,valid/551632_sat.jpg,
551638,valid,valid/551638_sat.jpg,
551868,valid,valid/551868_sat.jpg,
552415,valid,valid/552415_sat.jpg,
55336,valid,valid/55336_sat.jpg,
553414,valid,valid/553414_sat.jpg,
55554,valid,valid/55554_sat.jpg,
556202,valid,valid/556202_sat.jpg,
557004,valid,valid/557004_sat.jpg,
557272,valid,valid/557272_sat.jpg,
558348,valid,valid/558348_sat.jpg,
560617,valid,valid/560617_sat.jpg,
561051,valid,valid/561051_sat.jpg,
562025,valid,valid/562025_sat.jpg,
562231,valid,valid/562231_sat.jpg,
563328,valid,valid/563328_sat.jpg,
566558,valid,valid/566558_sat.jpg,
567196,valid,valid/567196_sat.jpg,
567719,valid,valid/567719_sat.jpg,
568995,valid,valid/568995_sat.jpg,
569263,valid,valid/569263_sat.jpg,
569462,valid,valid/569462_sat.jpg,
569737,valid,valid/569737_sat.jpg,
570716,valid,valid/570716_sat.jpg,
570994,valid,valid/570994_sat.jpg,
571507,valid,valid/571507_sat.jpg,
571615,valid,valid/571615_sat.jpg,
571682,valid,valid/571682_sat.jpg,
572172,valid,valid/572172_sat.jpg,
572301,valid,valid/572301_sat.jpg,
572746,valid,valid/572746_sat.jpg,
573148,valid,valid/573148_sat.jpg,
573239,valid,valid/573239_sat.jpg,
573817,valid,valid/573817_sat.jpg,
574746,valid,valid/574746_sat.jpg,
576050,valid,valid/576050_sat.jpg,
576296,valid,valid/576296_sat.jpg,
577085,valid,valid/577085_sat.jpg,
578018,valid,valid/578018_sat.jpg,
57805,valid,valid/57805_sat.jpg,
579306,valid,valid/579306_sat.jpg,
579796,valid,valid/579796_sat.jpg,
580148,valid,valid/580148_sat.jpg,
580646,valid,valid/580646_sat.jpg,
58097,valid,valid/58097_sat.jpg,
582839,valid,valid/582839_sat.jpg,
587323,valid,valid/587323_sat.jpg,
588905,valid,valid/588905_sat.jpg,
589846,valid,valid/589846_sat.jpg,
590482,valid,valid/590482_sat.jpg,
592805,valid,valid/592805_sat.jpg,
592853,valid,valid/592853_sat.jpg,
593118,valid,valid/593118_sat.jpg,
593390,valid,valid/593390_sat.jpg,
594062,valid,valid/594062_sat.jpg,
5940,valid,valid/5940_sat.jpg,
59598,valid,valid/59598_sat.jpg,
596016,valid,valid/596016_sat.jpg,
597282,valid,valid/597282_sat.jpg,
598448,valid,valid/598448_sat.jpg,
598715,valid,valid/598715_sat.jpg,
599597,valid,valid/599597_sat.jpg,
600246,valid,valid/600246_sat.jpg,
600406,valid,valid/600406_sat.jpg,
602066,valid,valid/602066_sat.jpg,
604048,valid,valid/604048_sat.jpg,
604405,valid,valid/604405_sat.jpg,
604981,valid,valid/604981_sat.jpg,
605761,valid,valid/605761_sat.jpg,
605913,valid,valid/605913_sat.jpg,
606710,valid,valid/606710_sat.jpg,
606771,valid,valid/606771_sat.jpg,
609250,valid,valid/609250_sat.jpg,
609347,valid,valid/609347_sat.jpg,
610509,valid,valid/610509_sat.jpg,
611722,valid,valid/611722_sat.jpg,
612257,valid,valid/612257_sat.jpg,
612547,valid,valid/612547_sat.jpg,
613359,valid,valid/613359_sat.jpg,
614061,valid,valid/614061_sat.jpg,
61426,valid,valid/61426_sat.jpg,
619107,valid,valid/619107_sat.jpg,
619631,valid,valid/619631_sat.jpg,
619640,valid,valid/619640_sat.jpg,
620828,valid,valid/620828_sat.jpg,
622836,valid,valid/622836_sat.jpg,
625418,valid,valid/625418_sat.jpg,
626983,valid,valid/626983_sat.jpg,
627061,valid,valid/627061_sat.jpg,
628187,valid,valid/628187_sat.jpg,
63020,valid,valid/63020_sat.jpg,
630270,valid,valid/630270_sat.jpg,
630608,valid,valid/630608_sat.jpg,
633138,valid,valid/633138_sat.jpg,
634892,valid,valid/634892_sat.jpg,
635232,valid,valid/635232_sat.jpg,
636885,valid,valid/636885_sat.jpg,
638520,valid,valid/638520_sat.jpg,
639673,valid,valid/639673_sat.jpg,
639912,valid,valid/639912_sat.jpg,
640144,valid,valid/640144_sat.jpg,
641633,valid,valid/641633_sat.jpg,
641838,valid,valid/641838_sat.jpg,
642102,valid,valid/642102_sat.jpg,
644149,valid,valid/644149_sat.jpg,
645267,valid,valid/645267_sat.jpg,
645596,valid,valid/645596_sat.jpg,
646139,valid,valid/646139_sat.jpg,
646264,valid,valid/646264_sat.jpg,
646591,valid,valid/646591_sat.jpg,
64663,valid,valid/64663_sat.jpg,
647405,valid,valid/647405_sat.jpg,
6477,valid,valid/6477_sat.jpg,
648818,valid,valid/648818_sat.jpg,
649302,valid,valid/649302_sat.jpg,
649869,valid,valid/649869_sat.jpg,
64,valid,valid/64_sat.jpg,
650004,valid,valid/650004_sat.jpg,
650483,valid,valid/650483_sat.jpg,
650769,valid,valid/650769_sat.jpg,
651318,valid,valid/651318_sat.jpg,
652112,valid,valid/652112_sat.jpg,
652391,valid,valid/652391_sat.jpg,
65319,valid,valid/65319_sat.jpg,
654003,valid,valid/654003_sat.jpg,
655394,valid,valid/655394_sat.jpg,
655775,valid,valid/655775_sat.jpg,
657768,valid,valid/657768_sat.jpg,
658187,valid,valid/658187_sat.jpg,
660088,valid,valid/660088_sat.jpg,
66108,valid,valid/66108_sat.jpg,
661646,valid,valid/661646_sat.jpg,
662223,valid,valid/662223_sat.jpg,
664133,valid,valid/664133_sat.jpg,
664352,valid,valid/664352_sat.jpg,
66635,valid,valid/66635_sat.jpg,
666461,valid,valid/666461_sat.jpg,
666834,valid,valid/666834_sat.jpg,
66844,valid,valid/66844_sat.jpg,
668509,valid,valid/668509_sat.jpg,
668604,valid,valid/668604_sat.jpg,
669859,valid,valid/669859_sat.jpg,
670108,valid,valid/670108_sat.jpg,
671772,valid,valid/671772_sat.jpg,
671841,valid,valid/671841_sat.jpg,
673110,valid,valid/673110_sat.jpg,
673445,valid,valid/673445_sat.jpg,
674462,valid,valid/674462_sat.jpg,
674688,valid,valid/674688_sat.jpg,
67581,valid,valid/67581_sat.jpg,
676501,valid,valid/676501_sat.jpg,
678248,valid,valid/678248_sat.jpg,
678527,valid,valid/678527_sat.jpg,
679373,valid,valid/679373_sat.jpg,
67990,valid,valid/67990_sat.jpg,
680734,valid,valid/680734_sat.jpg,
680761,valid,valid/680761_sat.jpg,
681565,valid,valid/681565_sat.jpg,
682070,valid,valid/682070_sat.jpg,
683418,valid,valid/683418_sat.jpg,
683491,valid,valid/683491_sat.jpg,
683619,valid,valid/683619_sat.jpg,
683694,valid,valid/683694_sat.jpg,
683946,valid,valid/683946_sat.jpg,
68439,valid,valid/68439_sat.jpg,
684848,valid,valid/684848_sat.jpg,
684902,valid,valid/684902_sat.jpg,
685013,valid,valid/685013_sat.jpg,
687607,valid,valid/687607_sat.jpg,
687907,valid,valid/687907_sat.jpg,
688118,valid,valid/688118_sat.jpg,
688149,valid,valid/688149_sat.jpg,
69005,valid,valid/69005_sat.jpg,
690321,valid,valid/690321_sat.jpg,
690769,valid,valid/690769_sat.jpg,
692322,valid,valid/692322_sat.jpg,
692865,valid,valid/692865_sat.jpg,
69422,valid,valid/69422_sat.jpg,
695071,valid,valid/695071_sat.jpg,
695852,valid,valid/695852_sat.jpg,
6961,valid,valid/6961_sat.jpg,
696659,valid,valid/696659_sat.jpg,
698255,valid,valid/698255_sat.jpg,
698657,valid,valid/698657_sat.jpg,
698979,valid,valid/698979_sat.jpg,
699348,valid,valid/699348_sat.jpg,
700588,valid,valid/700588_sat.jpg,
70067,valid,valid/70067_sat.jpg,
701441,valid,valid/701441_sat.jpg,
703294,valid,valid/703294_sat.jpg,
704062,valid,valid/704062_sat.jpg,
70410,valid,valid/70410_sat.jpg,
706247,valid,valid/706247_sat.jpg,
70669,valid,valid/70669_sat.jpg,
707317,valid,valid/707317_sat.jpg,
708210,valid,valid/708210_sat.jpg,
708225,valid,valid/708225_sat.jpg,
708542,valid,valid/708542_sat.jpg,
710395,valid,valid/710395_sat.jpg,
711234,valid,valid/711234_sat.jpg,
711688,valid,valid/711688_sat.jpg,
712322,valid,valid/712322_sat.jpg,
713070,valid,valid/713070_sat.jpg,
713201,valid,valid/713201_sat.jpg,
716430,valid,valid/716430_sat.jpg,
717094,valid,valid/717094_sat.jpg,
717388,valid,valid/717388_sat.jpg,
71785,valid,valid/71785_sat.jpg,
718694,valid,valid/718694_sat.jpg,
719188,valid,valid/719188_sat.jpg,
719398,valid,valid/719398_sat.jpg,
72272,valid,valid/72272_sat.jpg,
72280,valid,valid/72280_sat.jpg,
723029,valid,valid/723029_sat.jpg,
723710,valid,valid/723710_sat.jpg,
725037,valid,valid/725037_sat.jpg,
725194,valid,valid/725194_sat.jpg,
726194,valid,valid/726194_sat.jpg,
726253,valid,valid/726253_sat.jpg,
727088,valid,valid/727088_sat.jpg,
727219,valid,valid/727219_sat.jpg,
730551,valid,valid/730551_sat.jpg,
730993,valid,valid/730993_sat.jpg,
731508,valid,valid/731508_sat.jpg,
732234,valid,valid/732234_sat.jpg,
732462,valid,valid/732462_sat.jpg,
732884,valid,valid/732884_sat.jpg,
733447,valid,valid/733447_sat.jpg,
733640,valid,valid/733640_sat.jpg,
73438,valid,valid/73438_sat.jpg,
736792,valid,valid/736792_sat.jpg,
737999,valid,valid/737999_sat.jpg,
738019,valid,valid/738019_sat.jpg,
739233,valid,valid/739233_sat.jpg,
740280,valid,valid/740280_sat.jpg,
740742,valid,valid/740742_sat.jpg,
741238,valid,valid/741238_sat.jpg,
742779,valid,valid/742779_sat.jpg,
743592,valid,valid/743592_sat.jpg,
743749,valid,valid/743749_sat.jpg,
744613,valid,valid/744613_sat.jpg,
745010,valid,valid/745010_sat.jpg,
745558,valid,valid/745558_sat.jpg,
745669,valid,valid/745669_sat.jpg,
745871,valid,valid/745871_sat.jpg,
747062,valid,valid/747062_sat.jpg,
747922,valid,valid/747922_sat.jpg,
748163,valid,valid/748163_sat.jpg,
751395,valid,valid/751395_sat.jpg,
751557,valid,valid/751557_sat.jpg,
752032,valid,valid/752032_sat.jpg,
75300,valid,valid/75300_sat.jpg,
75485,valid,valid/75485_sat.jpg,
755558,valid,valid/755558_sat.jpg,
756631,valid,valid/756631_sat.jpg,
757170,valid,valid/757170_sat.jpg,
757423,valid,valid/757423_sat.jpg,
757579,valid,valid/757579_sat.jpg,
757944,valid,valid/757944_sat.jpg,
758407,valid,valid/758407_sat.jpg,
758978,valid,valid/758978_sat.jpg,
759567,valid,valid/759567_sat.jpg,
760046,valid,valid/760046_sat.jpg,
760201,valid,valid/760201_sat.jpg,
760887,valid,valid/760887_sat.jpg,
761913,valid,valid/761913_sat.jpg,
762986,valid,valid/762986_sat.jpg,
76366,valid,valid/76366_sat.jpg,
764313,valid,valid/764313_sat.jpg,
76524,valid,valid/76524_sat.jpg,
766417,valid,valid/766417_sat.jpg,
767588,valid,valid/767588_sat.jpg,
768417,valid,valid/768417_sat.jpg,
769148,valid,valid/769148_sat.jpg,
772455,valid,valid/772455_sat.jpg,
772467,valid,valid/772467_sat.jpg,
773412,valid,valid/773412_sat.jpg,
773550,valid,valid/773550_sat.jpg,
774048,valid,valid/774048_sat.jpg,
774543,valid,valid/774543_sat.jpg,
775230,valid,valid/775230_sat.jpg,
775385,valid,valid/775385_sat.jpg,
775659,valid,valid/775659_sat.jpg,
775911,valid,valid/775911_sat.jpg,
776227,valid,valid/776227_sat.jpg,
776986,valid,valid/776986_sat.jpg,
77775,valid,valid/77775_sat.jpg,
778347,valid,valid/778347_sat.jpg,
778715,valid,valid/778715_sat.jpg,
778876,valid,valid/778876_sat.jpg,
779018,valid,valid/779018_sat.jpg,
779661,valid,valid/779661_sat.jpg,
78056,valid,valid/78056_sat.jpg,
782941,valid,valid/782941_sat.jpg,
783523,valid,valid/783523_sat.jpg,
784034,valid,valid/784034_sat.jpg,
784955,valid,valid/784955_sat.jpg,
786192,valid,valid/786192_sat.jpg,
786657,valid,valid/786657_sat.jpg,
786895,valid,valid/786895_sat.jpg,
787183,valid,valid/787183_sat.jpg,
7891,valid,valid/7891_sat.jpg,
791324,valid,valid/791324_sat.jpg,
791459,valid,valid/791459_sat.jpg,
791671,valid,valid/791671_sat.jpg,
793298,valid,valid/793298_sat.jpg,
793997,valid,valid/793997_sat.jpg,
794133,valid,valid/794133_sat.jpg,
795529,valid,valid/795529_sat.jpg,
796857,valid,valid/796857_sat.jpg,
797990,valid,valid/797990_sat.jpg,
798852,valid,valid/798852_sat.jpg,
799398,valid,valid/799398_sat.jpg,
801349,valid,valid/801349_sat.jpg,
802623,valid,valid/802623_sat.jpg,
803240,valid,valid/803240_sat.jpg,
803346,valid,valid/803346_sat.jpg,
803369,valid,valid/803369_sat.jpg,
803482,valid,valid/803482_sat.jpg,
803789,valid,valid/803789_sat.jpg,
804364,valid,valid/804364_sat.jpg,
804595,valid,valid/804595_sat.jpg,
805343,valid,valid/805343_sat.jpg,
806019,valid,valid/806019_sat.jpg,
80602,valid,valid/80602_sat.jpg,
808952,valid,valid/808952_sat.jpg,
810654,valid,valid/810654_sat.jpg,
810709,valid,valid/810709_sat.jpg,
811655,valid,valid/811655_sat.jpg,
811727,valid,valid/811727_sat.jpg,
811735,valid,valid/811735_sat.jpg,
811989,valid,valid/811989_sat.jpg,
812363,valid,valid/812363_sat.jpg,
812895,valid,valid/812895_sat.jpg,
812944,valid,valid/812944_sat.jpg,
81302,valid,valid/81302_sat.jpg,
813217,valid,valid/813217_sat.jpg,
813589,valid,valid/813589_sat.jpg,
813689,valid,valid/813689_sat.jpg,
81444,valid,valid/81444_sat.jpg,
814904,valid,valid/814904_sat.jpg,
815073,valid,valid/815073_sat.jpg,
815609,valid,valid/815609_sat.jpg,
815843,valid,valid/815843_sat.jpg,
816042,valid,valid/816042_sat.jpg,
817084,valid,valid/817084_sat.jpg,
817337,valid,valid/817337_sat.jpg,
81739,valid,valid/81739_sat.jpg,
819594,valid,valid/819594_sat.jpg,
820444,valid,valid/820444_sat.jpg,
821460,valid,valid/821460_sat.jpg,
821564,valid,valid/821564_sat.jpg,
825813,valid,valid/825813_sat.jpg,
826068,valid,valid/826068_sat.jpg,
826221,valid,valid/826221_sat.jpg,
826409,valid,valid/826409_sat.jpg,
826464,valid,valid/826464_sat.jpg,
826679,valid,valid/826679_sat.jpg,
827625,valid,valid/827625_sat.jpg,
827990,valid,valid/827990_sat.jpg,
828497,valid,valid/828497_sat.jpg,
828788,valid,valid/828788_sat.jpg,
829303,valid,valid/829303_sat.jpg,
829910,valid,valid/829910_sat.jpg,
830769,valid,valid/830769_sat.jpg,
831013,valid,valid/831013_sat.jpg,
832447,valid,valid/832447_sat.jpg,
832801,valid,valid/832801_sat.jpg,
833901,valid,valid/833901_sat.jpg,
834969,valid,valid/834969_sat.jpg,
836854,valid,valid/836854_sat.jpg,
837327,valid,valid/837327_sat.jpg,
837944,valid,valid/837944_sat.jpg,
841171,valid,valid/841171_sat.jpg,
841405,valid,valid/841405_sat.jpg,
841898,valid,valid/841898_sat.jpg,
841922,valid,valid/841922_sat.jpg,
842668,valid,valid/842668_sat.jpg,
84357,valid,valid/84357_sat.jpg,
846315,valid,valid/846315_sat.jpg,
846329,valid,valid/846329_sat.jpg,
848390,valid,valid/848390_sat.jpg,
849270,valid,valid/849270_sat.jpg,
850169,valid,valid/850169_sat.jpg,
851027,valid,valid/851027_sat.jpg,
851527,valid,valid/851527_sat.jpg,
853600,valid,valid/853600_sat.jpg,
854624,valid,valid/854624_sat.jpg,
854793,valid,valid/854793_sat.jpg,
8549,valid,valid/8549_sat.jpg,
855613,valid,valid/855613_sat.jpg,
855731,valid,valid/855731_sat.jpg,
856096,valid,valid/856096_sat.jpg,
85689,valid,valid/85689_sat.jpg,
858384,valid,valid/858384_sat.jpg,
859897,valid,valid/859897_sat.jpg,
861057,valid,valid/861057_sat.jpg,
862456,valid,valid/862456_sat.jpg,
862565,valid,valid/862565_sat.jpg,
862678,valid,valid/862678_sat.jpg,
862870,valid,valid/862870_sat.jpg,
863951,valid,valid/863951_sat.jpg,
864817,valid,valid/864817_sat.jpg,
864837,valid,valid/864837_sat.jpg,
86498,valid,valid/86498_sat.jpg,
868508,valid,valid/868508_sat.jpg,
868724,valid,valid/868724_sat.jpg,
869988,valid,valid/869988_sat.jpg,
870027,valid,valid/870027_sat.jpg,
87017,valid,valid/87017_sat.jpg,
870745,valid,valid/870745_sat.jpg,
871137,valid,valid/871137_sat.jpg,
871932,valid,valid/871932_sat.jpg,
872869,valid,valid/872869_sat.jpg,
874253,valid,valid/874253_sat.jpg,
874327,valid,valid/874327_sat.jpg,
874367,valid,valid/874367_sat.jpg,
874979,valid,valid/874979_sat.jpg,
875232,valid,valid/875232_sat.jpg,
876581,valid,valid/876581_sat.jpg,
87671,valid,valid/87671_sat.jpg,
877597,valid,valid/877597_sat.jpg,
877801,valid,valid/877801_sat.jpg,
878083,valid,valid/878083_sat.jpg,
879361,valid,valid/879361_sat.jpg,
879440,valid,valid/879440_sat.jpg,
879486,valid,valid/879486_sat.jpg,
883480,valid,valid/883480_sat.jpg,
883877,valid,valid/883877_sat.jpg,
884119,valid,valid/884119_sat.jpg,
884133,valid,valid/884133_sat.jpg,
885682,valid,valid/885682_sat.jpg,
886655,valid,valid/886655_sat.jpg,
886759,valid,valid/886759_sat.jpg,
887928,valid,valid/887928_sat.jpg,
889460,valid,valid/889460_sat.jpg,
889862,valid,valid/889862_sat.jpg,
890414,valid,valid/890414_sat.jpg,
89048,valid,valid/89048_sat.jpg,
89334,valid,valid/89334_sat.jpg,
893608,valid,valid/893608_sat.jpg,
893750,valid,valid/893750_sat.jpg,
895501,valid,valid/895501_sat.jpg,
898880,valid,valid/898880_sat.jpg,
900508,valid,valid/900508_sat.jpg,
901214,valid,valid/901214_sat.jpg,
901232,valid,valid/901232_sat.jpg,
901377,valid,valid/901377_sat.jpg,
901927,valid,valid/901927_sat.jpg,
902355,valid,valid/902355_sat.jpg,
904602,valid,valid/904602_sat.jpg,
906341,valid,valid/906341_sat.jpg,
906809,valid,valid/906809_sat.jpg,
90720,valid,valid/90720_sat.jpg,
907646,valid,valid/907646_sat.jpg,
908717,valid,valid/908717_sat.jpg,
908820,valid,valid/908820_sat.jpg,
909221,valid,valid/909221_sat.jpg,
909509,valid,valid/909509_sat.jpg,
910547,valid,valid/910547_sat.jpg,
910886,valid,valid/910886_sat.jpg,
912053,valid,valid/912053_sat.jpg,
912155,valid,valid/912155_sat.jpg,
912429,valid,valid/912429_sat.jpg,
912598,valid,valid/912598_sat.jpg,
912667,valid,valid/912667_sat.jpg,
913313,valid,valid/913313_sat.jpg,
913360,valid,valid/913360_sat.jpg,
913377,valid,valid/913377_sat.jpg,
913700,valid,valid/913700_sat.jpg,
914093,valid,valid/914093_sat.jpg,
914177,valid,valid/914177_sat.jpg,
91547,valid,valid/91547_sat.jpg,
915769,valid,valid/915769_sat.jpg,
91576,valid,valid/91576_sat.jpg,
916264,valid,valid/916264_sat.jpg,
91705,valid,valid/91705_sat.jpg,
917195,valid,valid/917195_sat.jpg,
918160,valid,valid/918160_sat.jpg,
918431,valid,valid/918431_sat.jpg,
918710,valid,valid/918710_sat.jpg,
919706,valid,valid/919706_sat.jpg,
919821,valid,valid/919821_sat.jpg,
920117,valid,valid/920117_sat.jpg,
920159,valid,valid/920159_sat.jpg,
924388,valid,valid/924388_sat.jpg,
924448,valid,valid/924448_sat.jpg,
925040,valid,valid/925040_sat.jpg,
925158,valid,valid/925158_sat.jpg,
928159,valid,valid/928159_sat.jpg,
92857,valid,valid/92857_sat.jpg,
929207,valid,valid/929207_sat.jpg,
929712,valid,valid/929712_sat.jpg,
931181,valid,valid/931181_sat.jpg,
931936,valid,valid/931936_sat.jpg,
933350,valid,valid/933350_sat.jpg,
934163,valid,valid/934163_sat.jpg,
934566,valid,valid/934566_sat.jpg,
934630,valid,valid/934630_sat.jpg,
934702,valid,valid/934702_sat.jpg,
934966,valid,valid/934966_sat.jpg,
935735,valid,valid/935735_sat.jpg,
936595,valid,valid/936595_sat.jpg,
936728,valid,valid/936728_sat.jpg,
9397,valid,valid/9397_sat.jpg,
940200,valid,valid/940200_sat.jpg,
941752,valid,valid/941752_sat.jpg,
94180,valid,valid/94180_sat.jpg,
94244,valid,valid/94244_sat.jpg,
943481,valid,valid/943481_sat.jpg,
943789,valid,valid/943789_sat.jpg,
944089,valid,valid/944089_sat.jpg,
945308,valid,valid/945308_sat.jpg,
945487,valid,valid/945487_sat.jpg,
946257,valid,valid/946257_sat.jpg,
947617,valid,valid/947617_sat.jpg,
948195,valid,valid/948195_sat.jpg,
950001,valid,valid/950001_sat.jpg,
950093,valid,valid/950093_sat.jpg,
950375,valid,valid/950375_sat.jpg,
953107,valid,valid/953107_sat.jpg,
953331,valid,valid/953331_sat.jpg,
954006,valid,valid/954006_sat.jpg,
954888,valid,valid/954888_sat.jpg,
955601,valid,valid/955601_sat.jpg,
956552,valid,valid/956552_sat.jpg,
957501,valid,valid/957501_sat.jpg,
957602,valid,valid/957602_sat.jpg,
958238,valid,valid/958238_sat.jpg,
958239,valid,valid/958239_sat.jpg,
958946,valid,valid/958946_sat.jpg,
959677,valid,valid/959677_sat.jpg,
961129,valid,valid/961129_sat.jpg,
963385,valid,valid/963385_sat.jpg,
964271,valid,valid/964271_sat.jpg,
964987,valid,valid/964987_sat.jpg,
965066,valid,valid/965066_sat.jpg,
967432,valid,valid/967432_sat.jpg,
967824,valid,valid/967824_sat.jpg,
968415,valid,valid/968415_sat.jpg,
970007,valid,valid/970007_sat.jpg,
971893,valid,valid/971893_sat.jpg,
972010,valid,valid/972010_sat.jpg,
972123,valid,valid/972123_sat.jpg,
974127,valid,valid/974127_sat.jpg,
97434,valid,valid/97434_sat.jpg,
974785,valid,valid/974785_sat.jpg,
974960,valid,valid/974960_sat.jpg,
97598,valid,valid/97598_sat.jpg,
976443,valid,valid/976443_sat.jpg,
979591,valid,valid/979591_sat.jpg,
979651,valid,valid/979651_sat.jpg,
979824,valid,valid/979824_sat.jpg,
981739,valid,valid/981739_sat.jpg,
981785,valid,valid/981785_sat.jpg,
9821,valid,valid/9821_sat.jpg,
982728,valid,valid/982728_sat.jpg,
983142,valid,valid/983142_sat.jpg,
983867,valid,valid/983867_sat.jpg,
983896,valid,valid/983896_sat.jpg,
983911,valid,valid/983911_sat.jpg,
984577,valid,valid/984577_sat.jpg,
984706,valid,valid/984706_sat.jpg,
985641,valid,valid/985641_sat.jpg,
985869,valid,valid/985869_sat.jpg,
986231,valid,valid/986231_sat.jpg,
986696,valid,valid/986696_sat.jpg,
988215,valid,valid/988215_sat.jpg,
98828,valid,valid/98828_sat.jpg,
988686,valid,valid/988686_sat.jpg,
9893,valid,valid/9893_sat.jpg,
990104,valid,valid/990104_sat.jpg,
99032,valid,valid/99032_sat.jpg,
990888,valid,valid/990888_sat.jpg,
991366,valid,valid/991366_sat.jpg,
991606,valid,valid/991606_sat.jpg,
991978,valid,valid/991978_sat.jpg,
992520,valid,valid/992520_sat.jpg,
993282,valid,valid/993282_sat.jpg,
993402,valid,valid/993402_sat.jpg,
993408,valid,valid/993408_sat.jpg,
993415,valid,valid/993415_sat.jpg,
994006,valid,valid/994006_sat.jpg,
994111,valid,valid/994111_sat.jpg,
994141,valid,valid/994141_sat.jpg,
994375,valid,valid/994375_sat.jpg,
994998,valid,valid/994998_sat.jpg,
995317,valid,valid/995317_sat.jpg,
995370,valid,valid/995370_sat.jpg,
995930,valid,valid/995930_sat.jpg,
997473,valid,valid/997473_sat.jpg,
998148,valid,valid/998148_sat.jpg,
999753,valid,valid/999753_sat.jpg,
100393,test,test/100393_sat.jpg,
100995,test,test/100995_sat.jpg,
101982,test,test/101982_sat.jpg,
10206,test,test/10206_sat.jpg,
102240,test,test/102240_sat.jpg,
102765,test,test/102765_sat.jpg,
104859,test,test/104859_sat.jpg,
105342,test,test/105342_sat.jpg,
105546,test,test/105546_sat.jpg,
105695,test,test/105695_sat.jpg,
110280,test,test/110280_sat.jpg,
111073,test,test/111073_sat.jpg,
111298,test,test/111298_sat.jpg,
111322,test,test/111322_sat.jpg,
112348,test,test/112348_sat.jpg,
113467,test,test/113467_sat.jpg,
114429,test,test/114429_sat.jpg,
115172,test,test/115172_sat.jpg,
115714,test,test/115714_sat.jpg,
116620,test,test/116620_sat.jpg,
11740,test,test/11740_sat.jpg,
117849,test,test/117849_sat.jpg,
117991,test,test/117991_sat.jpg,
121797,test,test/121797_sat.jpg,
122628,test,test/122628_sat.jpg,
123077,test,test/123077_sat.jpg,
123269,test,test/123269_sat.jpg,
12416,test,test/12416_sat.jpg,
125002,test,test/125002_sat.jpg,
126119,test,test/126119_sat.jpg,
126343,test,test/126343_sat.jpg,
127830,test,test/127830_sat.jpg,
128496,test,test/128496_sat.jpg,
128521,test,test/128521_sat.jpg,
129970,test,test/129970_sat.jpg,
131425,test,test/131425_sat.jpg,
131618,test,test/131618_sat.jpg,
132229,test,test/132229_sat.jpg,
134112,test,test/134112_sat.jpg,
134437,test,test/134437_sat.jpg,
134724,test,test/134724_sat.jpg,
134988,test,test/134988_sat.jpg,
135654,test,test/135654_sat.jpg,
135853,test,test/135853_sat.jpg,
136221,test,test/136221_sat.jpg,
136988,test,test/136988_sat.jpg,
137207,test,test/137207_sat.jpg,
137542,test,test/137542_sat.jpg,
138038,test,test/138038_sat.jpg,
138076,test,test/138076_sat.jpg,
138463,test,test/138463_sat.jpg,
138546,test,test/138546_sat.jpg,
139310,test,test/139310_sat.jpg,
139417,test,test/139417_sat.jpg,
139785,test,test/139785_sat.jpg,
140233,test,test/140233_sat.jpg,
142336,test,test/142336_sat.jpg,
142807,test,test/142807_sat.jpg,
14369,test,test/14369_sat.jpg,
143886,test,test/143886_sat.jpg,
145053,test,test/145053_sat.jpg,
14657,test,test/14657_sat.jpg,
147231,test,test/147231_sat.jpg,
148559,test,test/148559_sat.jpg,
150026,test,test/150026_sat.jpg,
150503,test,test/150503_sat.jpg,
153448,test,test/153448_sat.jpg,
153599,test,test/153599_sat.jpg,
155370,test,test/155370_sat.jpg,
156355,test,test/156355_sat.jpg,
157645,test,test/157645_sat.jpg,
158961,test,test/158961_sat.jpg,
159872,test,test/159872_sat.jpg,
15999,test,test/15999_sat.jpg,
160796,test,test/160796_sat.jpg,
161222,test,test/161222_sat.jpg,
162082,test,test/162082_sat.jpg,
162398,test,test/162398_sat.jpg,
162633,test,test/162633_sat.jpg,
162874,test,test/162874_sat.jpg,
162916,test,test/162916_sat.jpg,
164600,test,test/164600_sat.jpg,
165279,test,test/165279_sat.jpg,
165359,test,test/165359_sat.jpg,
167299,test,test/167299_sat.jpg,
167599,test,test/167599_sat.jpg,
167663,test,test/167663_sat.jpg,
168243,test,test/168243_sat.jpg,
169576,test,test/169576_sat.jpg,
170205,test,test/170205_sat.jpg,
17150,test,test/17150_sat.jpg,
172312,test,test/172312_sat.jpg,
173273,test,test/173273_sat.jpg,
173947,test,test/173947_sat.jpg,
174222,test,test/174222_sat.jpg,
174246,test,test/174246_sat.jpg,
174349,test,test/174349_sat.jpg,
17447,test,test/17447_sat.jpg,
175741,test,test/175741_sat.jpg,
176153,test,test/176153_sat.jpg,
176376,test,test/176376_sat.jpg,
177102,test,test/177102_sat.jpg,
179795,test,test/179795_sat.jpg,
180968,test,test/180968_sat.jpg,
18111,test,test/18111_sat.jpg,
18182,test,test/18182_sat.jpg,
182105,test,test/182105_sat.jpg,
18482,test,test/18482_sat.jpg,
184925,test,test/184925_sat.jpg,
186324,test,test/186324_sat.jpg,
186864,test,test/186864_sat.jpg,
187316,test,test/187316_sat.jpg,
187567,test,test/187567_sat.jpg,
187738,test,test/187738_sat.jpg,
187791,test,test/187791_sat.jpg,
18787,test,test/18787_sat.jpg,
189083,test,test/189083_sat.jpg,
189968,test,test/189968_sat.jpg,
189978,test,test/189978_sat.jpg,
190667,test,test/190667_sat.jpg,
191339,test,test/191339_sat.jpg,
194412,test,test/194412_sat.jpg,
19445,test,test/19445_sat.jpg,
194834,test,test/194834_sat.jpg,
195266,test,test/195266_sat.jpg,
195487,test,test/195487_sat.jpg,
195600,test,test/195600_sat.jpg,
1970,test,test/1970_sat.jpg,
198076,test,test/198076_sat.jpg,
19814,test,test/19814_sat.jpg,
198436,test,test/198436_sat.jpg,
198650,test,test/198650_sat.jpg,
198789,test,test/198789_sat.jpg,
201580,test,test/201580_sat.jpg,
203020,test,test/203020_sat.jpg,
204055,test,test/204055_sat.jpg,
204446,test,test/204446_sat.jpg,
204932,test,test/204932_sat.jpg,
206133,test,test/206133_sat.jpg,
206881,test,test/206881_sat.jpg,
206987,test,test/206987_sat.jpg,
206,test,test/206_sat.jpg,
207412,test,test/207412_sat.jpg,
207578,test,test/207578_sat.jpg,
211219,test,test/211219_sat.jpg,
211340,test,test/211340_sat.jpg,
211402,test,test/211402_sat.jpg,
211706,test,test/211706_sat.jpg,
21174,test,test/21174_sat.jpg,
212508,test,test/212508_sat.jpg,
213183,test,test/213183_sat.jpg,
213614,test,test/213614_sat.jpg,
213698,test,test/213698_sat.jpg,
215197,test,test/215197_sat.jpg,
215325,test,test/215325_sat.jpg,
215702,test,test/215702_sat.jpg,
216727,test,test/216727_sat.jpg,
218001,test,test/218001_sat.jpg,
218829,test,test/218829_sat.jpg,
218886,test,test/218886_sat.jpg,
218948,test,test/218948_sat.jpg,
219350,test,test/219350_sat.jpg,
220814,test,test/220814_sat.jpg,
223166,test,test/223166_sat.jpg,
223682,test,test/223682_sat.jpg,
224932,test,test/224932_sat.jpg,
226824,test,test/226824_sat.jpg,
226885,test,test/226885_sat.jpg,
227523,test,test/227523_sat.jpg,
22816,test,test/22816_sat.jpg,
228472,test,test/228472_sat.jpg,
231633,test,test/231633_sat.jpg,
232046,test,test/232046_sat.jpg,
233418,test,test/233418_sat.jpg,
233651,test,test/233651_sat.jpg,
234035,test,test/234035_sat.jpg,
234501,test,test/234501_sat.jpg,
234779,test,test/234779_sat.jpg,
234827,test,test/234827_sat.jpg,
234989,test,test/234989_sat.jpg,
23553,test,test/23553_sat.jpg,
23785,test,test/23785_sat.jpg,
238416,test,test/238416_sat.jpg,
240439,test,test/240439_sat.jpg,
240717,test,test/240717_sat.jpg,
240772,test,test/240772_sat.jpg,
241844,test,test/241844_sat.jpg,
241936,test,test/241936_sat.jpg,
242160,test,test/242160_sat.jpg,
242910,test,test/242910_sat.jpg,
249800,test,test/249800_sat.jpg,
25089,test,test/25089_sat.jpg,
251072,test,test/251072_sat.jpg,
251208,test,test/251208_sat.jpg,
251367,test,test/251367_sat.jpg,
251383,test,test/251383_sat.jpg,
251617,test,test/251617_sat.jpg,
251823,test,test/251823_sat.jpg,
253517,test,test/253517_sat.jpg,
25363,test,test/25363_sat.jpg,
254711,test,test/254711_sat.jpg,
254833,test,test/254833_sat.jpg,
254882,test,test/254882_sat.jpg,
256163,test,test/256163_sat.jpg,
257387,test,test/257387_sat.jpg,
258688,test,test/258688_sat.jpg,
259062,test,test/259062_sat.jpg,
259157,test,test/259157_sat.jpg,
259736,test,test/259736_sat.jpg,
261225,test,test/261225_sat.jpg,
261825,test,test/261825_sat.jpg,
262268,test,test/262268_sat.jpg,
263974,test,test/263974_sat.jpg,
264693,test,test/264693_sat.jpg,
266559,test,test/266559_sat.jpg,
267112,test,test/267112_sat.jpg,
267926,test,test/267926_sat.jpg,
268516,test,test/268516_sat.jpg,
268665,test,test/268665_sat.jpg,
269689,test,test/269689_sat.jpg,
269703,test,test/269703_sat.jpg,
270038,test,test/270038_sat.jpg,
270104,test,test/270104_sat.jpg,
2704,test,test/2704_sat.jpg,
270782,test,test/270782_sat.jpg,
271364,test,test/271364_sat.jpg,
271792,test,test/271792_sat.jpg,
271870,test,test/271870_sat.jpg,
272436,test,test/272436_sat.jpg,
27393,test,test/27393_sat.jpg,
274324,test,test/274324_sat.jpg,
27484,test,test/27484_sat.jpg,
277391,test,test/277391_sat.jpg,
2776,test,test/2776_sat.jpg,
279386,test,test/279386_sat.jpg,
2798,test,test/2798_sat.jpg,
280438,test,test/280438_sat.jpg,
280787,test,test/280787_sat.jpg,
282176,test,test/282176_sat.jpg,
283977,test,test/283977_sat.jpg,
284332,test,test/284332_sat.jpg,
284424,test,test/284424_sat.jpg,
285135,test,test/285135_sat.jpg,
286589,test,test/286589_sat.jpg,
287031,test,test/287031_sat.jpg,
288879,test,test/288879_sat.jpg,
288882,test,test/288882_sat.jpg,
289939,test,test/289939_sat.jpg,
290687,test,test/290687_sat.jpg,
291142,test,test/291142_sat.jpg,
291259,test,test/291259_sat.jpg,
292381,test,test/292381_sat.jpg,
29514,test,test/29514_sat.jpg,
295585,test,test/295585_sat.jpg,
295879,test,test/295879_sat.jpg,
296105,test,test/296105_sat.jpg,
296991,test,test/296991_sat.jpg,
297287,test,test/297287_sat.jpg,
297,test,test/297_sat.jpg,
302316,test,test/302316_sat.jpg,
302486,test,test/302486_sat.jpg,
304154,test,test/304154_sat.jpg,
304559,test,test/304559_sat.jpg,
305101,test,test/305101_sat.jpg,
306077,test,test/306077_sat.jpg,
306083,test,test/306083_sat.jpg,
306719,test,test/306719_sat.jpg,
307098,test,test/307098_sat.jpg,
307391,test,test/307391_sat.jpg,
308317,test,test/308317_sat.jpg,
309360,test,test/309360_sat.jpg,
3095,test,test/3095_sat.jpg,
310489,test,test/310489_sat.jpg,
311259,test,test/311259_sat.jpg,
312858,test,test/312858_sat.jpg,
313924,test,test/313924_sat.jpg,
314381,test,test/314381_sat.jpg,
315111,test,test/315111_sat.jpg,
315525,test,test/315525_sat.jpg,
316335,test,test/316335_sat.jpg,
318092,test,test/318092_sat.jpg,
319466,test,test/319466_sat.jpg,
319736,test,test/319736_sat.jpg,
320289,test,test/320289_sat.jpg,
322116,test,test/322116_sat.jpg,
322606,test,test/322606_sat.jpg,
323388,test,test/323388_sat.jpg,
32365,test,test/32365_sat.jpg,
325718,test,test/325718_sat.jpg,
327628,test,test/327628_sat.jpg,
328148,test,test/328148_sat.jpg,
328847,test,test/328847_sat.jpg,
329132,test,test/329132_sat.jpg,
329401,test,test/329401_sat.jpg,
330111,test,test/330111_sat.jpg,
330205,test,test/330205_sat.jpg,
332661,test,test/332661_sat.jpg,
33280,test,test/33280_sat.jpg,
333648,test,test/333648_sat.jpg,
334545,test,test/334545_sat.jpg,
336026,test,test/336026_sat.jpg,
337896,test,test/337896_sat.jpg,
338167,test,test/338167_sat.jpg,
338401,test,test/338401_sat.jpg,
338652,test,test/338652_sat.jpg,
338798,test,test/338798_sat.jpg,
340281,test,test/340281_sat.jpg,
340975,test,test/340975_sat.jpg,
341345,test,test/341345_sat.jpg,
341543,test,test/341543_sat.jpg,
341710,test,test/341710_sat.jpg,
343022,test,test/343022_sat.jpg,
343835,test,test/343835_sat.jpg,
34427,test,test/34427_sat.jpg,
34509,test,test/34509_sat.jpg,
346308,test,test/346308_sat.jpg,
349931,test,test/349931_sat.jpg,
35073,test,test/35073_sat.jpg,
351233,test,test/351233_sat.jpg,
352396,test,test/352396_sat.jpg,
352,test,test/352_sat.jpg,
353617,test,test/353617_sat.jpg,
354459,test,test/354459_sat.jpg,
354550,test,test/354550_sat.jpg,
354745,test,test/354745_sat.jpg,
355951,test,test/355951_sat.jpg,
355,test,test/355_sat.jpg,
357084,test,test/357084_sat.jpg,
357183,test,test/357183_sat.jpg,
359623,test,test/359623_sat.jpg,
359931,test,test/359931_sat.jpg,
359960,test,test/359960_sat.jpg,
360231,test,test/360231_sat.jpg,
360710,test,test/360710_sat.jpg,
360768,test,test/360768_sat.jpg,
361450,test,test/361450_sat.jpg,
363432,test,test/363432_sat.jpg,
366449,test,test/366449_sat.jpg,
366789,test,test/366789_sat.jpg,
367373,test,test/367373_sat.jpg,
368557,test,test/368557_sat.jpg,
368614,test,test/368614_sat.jpg,
369298,test,test/369298_sat.jpg,
370316,test,test/370316_sat.jpg,
370429,test,test/370429_sat.jpg,
372652,test,test/372652_sat.jpg,
372661,test,test/372661_sat.jpg,
373225,test,test/373225_sat.jpg,
37358,test,test/37358_sat.jpg,
377836,test,test/377836_sat.jpg,
378425,test,test/378425_sat.jpg,
378519,test,test/378519_sat.jpg,
382694,test,test/382694_sat.jpg,
38328,test,test/38328_sat.jpg,
38385,test,test/38385_sat.jpg,
384583,test,test/384583_sat.jpg,
384845,test,test/384845_sat.jpg,
384870,test,test/384870_sat.jpg,
389646,test,test/389646_sat.jpg,
390036,test,test/390036_sat.jpg,
390126,test,test/390126_sat.jpg,
390443,test,test/390443_sat.jpg,
390726,test,test/390726_sat.jpg,
391694,test,test/391694_sat.jpg,
393561,test,test/393561_sat.jpg,
39512,test,test/39512_sat.jpg,
396052,test,test/396052_sat.jpg,
396105,test,test/396105_sat.jpg,
396613,test,test/396613_sat.jpg,
397173,test,test/397173_sat.jpg,
397683,test,test/397683_sat.jpg,
400133,test,test/400133_sat.jpg,
400430,test,test/400430_sat.jpg,
40072,test,test/40072_sat.jpg,
402843,test,test/402843_sat.jpg,
40379,test,test/40379_sat.jpg,
406716,test,test/406716_sat.jpg,
407440,test,test/407440_sat.jpg,
407864,test,test/407864_sat.jpg,
408093,test,test/408093_sat.jpg,
40876,test,test/40876_sat.jpg,
409260,test,test/409260_sat.jpg,
409297,test,test/409297_sat.jpg,
409759,test,test/409759_sat.jpg,
409783,test,test/409783_sat.jpg,
410746,test,test/410746_sat.jpg,
410780,test,test/410780_sat.jpg,
411299,test,test/411299_sat.jpg,
412453,test,test/412453_sat.jpg,
412978,test,test/412978_sat.jpg,
413414,test,test/413414_sat.jpg,
413775,test,test/413775_sat.jpg,
414092,test,test/414092_sat.jpg,
415133,test,test/415133_sat.jpg,
416066,test,test/416066_sat.jpg,
416979,test,test/416979_sat.jpg,
417031,test,test/417031_sat.jpg,
419828,test,test/419828_sat.jpg,
419934,test,test/419934_sat.jpg,
421761,test,test/421761_sat.jpg,
421906,test,test/421906_sat.jpg,
42211,test,test/42211_sat.jpg,
422206,test,test/422206_sat.jpg,
423381,test,test/423381_sat.jpg,
423451,test,test/423451_sat.jpg,
424031,test,test/424031_sat.jpg,
424774,test,test/424774_sat.jpg,
424926,test,test/424926_sat.jpg,
42495,test,test/42495_sat.jpg,
425328,test,test/425328_sat.jpg,
426278,test,test/426278_sat.jpg,
42748,test,test/42748_sat.jpg,
428031,test,test/428031_sat.jpg,
428676,test,test/428676_sat.jpg,
429332,test,test/429332_sat.jpg,
430085,test,test/430085_sat.jpg,
432221,test,test/432221_sat.jpg,
434375,test,test/434375_sat.jpg,
436943,test,test/436943_sat.jpg,
437018,test,test/437018_sat.jpg,
437431,test,test/437431_sat.jpg,
442468,test,test/442468_sat.jpg,
442722,test,test/442722_sat.jpg,
443434,test,test/443434_sat.jpg,
443731,test,test/443731_sat.jpg,
444133,test,test/444133_sat.jpg,
445277,test,test/445277_sat.jpg,
446719,test,test/446719_sat.jpg,
447253,test,test/447253_sat.jpg,
449207,test,test/449207_sat.jpg,
449741,test,test/449741_sat.jpg,
449782,test,test/449782_sat.jpg,
450104,test,test/450104_sat.jpg,
450703,test,test/450703_sat.jpg,
452795,test,test/452795_sat.jpg,
454839,test,test/454839_sat.jpg,
455764,test,test/455764_sat.jpg,
455822,test,test/455822_sat.jpg,
455856,test,test/455856_sat.jpg,
456338,test,test/456338_sat.jpg,
45747,test,test/45747_sat.jpg,
458009,test,test/458009_sat.jpg,
459354,test,test/459354_sat.jpg,
460731,test,test/460731_sat.jpg,
46137,test,test/46137_sat.jpg,
462224,test,test/462224_sat.jpg,
462899,test,test/462899_sat.jpg,
46485,test,test/46485_sat.jpg,
464900,test,test/464900_sat.jpg,
467667,test,test/467667_sat.jpg,
469658,test,test/469658_sat.jpg,
4701,test,test/4701_sat.jpg,
470578,test,test/470578_sat.jpg,
472575,test,test/472575_sat.jpg,
472751,test,test/472751_sat.jpg,
474428,test,test/474428_sat.jpg,
474594,test,test/474594_sat.jpg,
474608,test,test/474608_sat.jpg,
4752,test,test/4752_sat.jpg,
475317,test,test/475317_sat.jpg,
475479,test,test/475479_sat.jpg,
476180,test,test/476180_sat.jpg,
478854,test,test/478854_sat.jpg,
47894,test,test/47894_sat.jpg,
479265,test,test/479265_sat.jpg,
485225,test,test/485225_sat.jpg,
48631,test,test/48631_sat.jpg,
487330,test,test/487330_sat.jpg,
487972,test,test/487972_sat.jpg,
489439,test,test/489439_sat.jpg,
489682,test,test/489682_sat.jpg,
490486,test,test/490486_sat.jpg,
49093,test,test/49093_sat.jpg,
492197,test,test/492197_sat.jpg,
493628,test,test/493628_sat.jpg,
495936,test,test/495936_sat.jpg,
49607,test,test/49607_sat.jpg,
49663,test,test/49663_sat.jpg,
497203,test,test/497203_sat.jpg,
497324,test,test/497324_sat.jpg,
497624,test,test/497624_sat.jpg,
498487,test,test/498487_sat.jpg,
501414,test,test/501414_sat.jpg,
502449,test,test/502449_sat.jpg,
503063,test,test/503063_sat.jpg,
503750,test,test/503750_sat.jpg,
504379,test,test/504379_sat.jpg,
504430,test,test/504430_sat.jpg,
50999,test,test/50999_sat.jpg,
51065,test,test/51065_sat.jpg,
51203,test,test/51203_sat.jpg,
512213,test,test/512213_sat.jpg,
51262,test,test/51262_sat.jpg,
513160,test,test/513160_sat.jpg,
514003,test,test/514003_sat.jpg,
514226,test,test/514226_sat.jpg,
514770,test,test/514770_sat.jpg,
514820,test,test/514820_sat.jpg,
514953,test,test/514953_sat.jpg,
516399,test,test/516399_sat.jpg,
517186,test,test/517186_sat.jpg,
517545,test,test/517545_sat.jpg,
518175,test,test/518175_sat.jpg,
520119,test,test/520119_sat.jpg,
520226,test,test/520226_sat.jpg,
520240,test,test/520240_sat.jpg,
520783,test,test/520783_sat.jpg,
520890,test,test/520890_sat.jpg,
521096,test,test/521096_sat.jpg,
522069,test,test/522069_sat.jpg,
522873,test,test/522873_sat.jpg,
523251,test,test/523251_sat.jpg,
525757,test,test/525757_sat.jpg,
528265,test,test/528265_sat.jpg,
528358,test,test/528358_sat.jpg,
528523,test,test/528523_sat.jpg,
528528,test,test/528528_sat.jpg,
529562,test,test/529562_sat.jpg,
53168,test,test/53168_sat.jpg,
532256,test,test/532256_sat.jpg,
532513,test,test/532513_sat.jpg,
532646,test,test/532646_sat.jpg,
534531,test,test/534531_sat.jpg,
535774,test,test/535774_sat.jpg,
536305,test,test/536305_sat.jpg,
537841,test,test/537841_sat.jpg,
539511,test,test/539511_sat.jpg,
542290,test,test/542290_sat.jpg,
547813,test,test/547813_sat.jpg,
547882,test,test/547882_sat.jpg,
549639,test,test/549639_sat.jpg,
549858,test,test/549858_sat.jpg,
552122,test,test/552122_sat.jpg,
554754,test,test/554754_sat.jpg,
555038,test,test/555038_sat.jpg,
555630,test,test/555630_sat.jpg,
555702,test,test/555702_sat.jpg,
555714,test,test/555714_sat.jpg,
555827,test,test/555827_sat.jpg,
556099,test,test/556099_sat.jpg,
556679,test,test/556679_sat.jpg,
557753,test,test/557753_sat.jpg,
55778,test,test/55778_sat.jpg,
557936,test,test/557936_sat.jpg,
558116,test,test/558116_sat.jpg,
559858,test,test/559858_sat.jpg,
561844,test,test/561844_sat.jpg,
564214,test,test/564214_sat.jpg,
565368,test,test/565368_sat.jpg,
566363,test,test/566363_sat.jpg,
568901,test,test/568901_sat.jpg,
569723,test,test/569723_sat.jpg,
570872,test,test/570872_sat.jpg,
571365,test,test/571365_sat.jpg,
57327,test,test/57327_sat.jpg,
573931,test,test/573931_sat.jpg,
575567,test,test/575567_sat.jpg,
576557,test,test/576557_sat.jpg,
577840,test,test/577840_sat.jpg,
579405,test,test/579405_sat.jpg,
580558,test,test/580558_sat.jpg,
583149,test,test/583149_sat.jpg,
585554,test,test/585554_sat.jpg,
585646,test,test/585646_sat.jpg,
585680,test,test/585680_sat.jpg,
585906,test,test/585906_sat.jpg,
586130,test,test/586130_sat.jpg,
586358,test,test/586358_sat.jpg,
588182,test,test/588182_sat.jpg,
588445,test,test/588445_sat.jpg,
588493,test,test/588493_sat.jpg,
58949,test,test/58949_sat.jpg,
589615,test,test/589615_sat.jpg,
591205,test,test/591205_sat.jpg,
593105,test,test/593105_sat.jpg,
593202,test,test/593202_sat.jpg,
593525,test,test/593525_sat.jpg,
594430,test,test/594430_sat.jpg,
596001,test,test/596001_sat.jpg,
596208,test,test/596208_sat.jpg,
598273,test,test/598273_sat.jpg,
598355,test,test/598355_sat.jpg,
601415,test,test/601415_sat.jpg,
601870,test,test/601870_sat.jpg,
602341,test,test/602341_sat.jpg,
602355,test,test/602355_sat.jpg,
603920,test,test/603920_sat.jpg,
604125,test,test/604125_sat.jpg,
605882,test,test/605882_sat.jpg,
60738,test,test/60738_sat.jpg,
609361,test,test/609361_sat.jpg,
61087,test,test/61087_sat.jpg,
610880,test,test/610880_sat.jpg,
615310,test,test/615310_sat.jpg,
616142,test,test/616142_sat.jpg,
617931,test,test/617931_sat.jpg,
618816,test,test/618816_sat.jpg,
619035,test,test/619035_sat.jpg,
619801,test,test/619801_sat.jpg,
620170,test,test/620170_sat.jpg,
620347,test,test/620347_sat.jpg,
620892,test,test/620892_sat.jpg,
621831,test,test/621831_sat.jpg,
62235,test,test/62235_sat.jpg,
623715,test,test/623715_sat.jpg,
625987,test,test/625987_sat.jpg,
627145,test,test/627145_sat.jpg,
627325,test,test/627325_sat.jpg,
627862,test,test/627862_sat.jpg,
62796,test,test/62796_sat.jpg,
628239,test,test/628239_sat.jpg,
628416,test,test/628416_sat.jpg,
629036,test,test/629036_sat.jpg,
632685,test,test/632685_sat.jpg,
633197,test,test/633197_sat.jpg,
63356,test,test/63356_sat.jpg,
633950,test,test/633950_sat.jpg,
634314,test,test/634314_sat.jpg,
635169,test,test/635169_sat.jpg,
635233,test,test/635233_sat.jpg,
638473,test,test/638473_sat.jpg,
638955,test,test/638955_sat.jpg,
639953,test,test/639953_sat.jpg,
640313,test,test/640313_sat.jpg,
640726,test,test/640726_sat.jpg,
643106,test,test/643106_sat.jpg,
644589,test,test/644589_sat.jpg,
645124,test,test/645124_sat.jpg,
645194,test,test/645194_sat.jpg,
645286,test,test/645286_sat.jpg,
645840,test,test/645840_sat.jpg,
648182,test,test/648182_sat.jpg,
648198,test,test/648198_sat.jpg,
648276,test,test/648276_sat.jpg,
648425,test,test/648425_sat.jpg,
650760,test,test/650760_sat.jpg,
652573,test,test/652573_sat.jpg,
653649,test,test/653649_sat.jpg,
654185,test,test/654185_sat.jpg,
65579,test,test/65579_sat.jpg,
656082,test,test/656082_sat.jpg,
658276,test,test/658276_sat.jpg,
65830,test,test/65830_sat.jpg,
658596,test,test/658596_sat.jpg,
659975,test,test/659975_sat.jpg,
660549,test,test/660549_sat.jpg,
660817,test,test/660817_sat.jpg,
661548,test,test/661548_sat.jpg,
662280,test,test/662280_sat.jpg,
664914,test,test/664914_sat.jpg,
668703,test,test/668703_sat.jpg,
672357,test,test/672357_sat.jpg,
672803,test,test/672803_sat.jpg,
673714,test,test/673714_sat.jpg,
674389,test,test/674389_sat.jpg,
675857,test,test/675857_sat.jpg,
677417,test,test/677417_sat.jpg,
677446,test,test/677446_sat.jpg,
678696,test,test/678696_sat.jpg,
679128,test,test/679128_sat.jpg,
680455,test,test/680455_sat.jpg,
680576,test,test/680576_sat.jpg,
680975,test,test/680975_sat.jpg,
681063,test,test/681063_sat.jpg,
682158,test,test/682158_sat.jpg,
682203,test,test/682203_sat.jpg,
682259,test,test/682259_sat.jpg,
682416,test,test/682416_sat.jpg,
683523,test,test/683523_sat.jpg,
683871,test,test/683871_sat.jpg,
684196,test,test/684196_sat.jpg,
685810,test,test/685810_sat.jpg,
685976,test,test/685976_sat.jpg,
686257,test,test/686257_sat.jpg,
687413,test,test/687413_sat.jpg,
689049,test,test/689049_sat.jpg,
690111,test,test/690111_sat.jpg,
691162,test,test/691162_sat.jpg,
691568,test,test/691568_sat.jpg,
69274,test,test/69274_sat.jpg,
692923,test,test/692923_sat.jpg,
693135,test,test/693135_sat.jpg,
693439,test,test/693439_sat.jpg,
694118,test,test/694118_sat.jpg,
694305,test,test/694305_sat.jpg,
695515,test,test/695515_sat.jpg,
695727,test,test/695727_sat.jpg,
695975,test,test/695975_sat.jpg,
696700,test,test/696700_sat.jpg,
696782,test,test/696782_sat.jpg,
699265,test,test/699265_sat.jpg,
699512,test,test/699512_sat.jpg,
700413,test,test/700413_sat.jpg,
7004,test,test/7004_sat.jpg,
700643,test,test/700643_sat.jpg,
701531,test,test/701531_sat.jpg,
702425,test,test/702425_sat.jpg,
702544,test,test/702544_sat.jpg,
70372,test,test/70372_sat.jpg,
703888,test,test/703888_sat.jpg,
704107,test,test/704107_sat.jpg,
704108,test,test/704108_sat.jpg,
704365,test,test/704365_sat.jpg,
704637,test,test/704637_sat.jpg,
706915,test,test/706915_sat.jpg,
706977,test,test/706977_sat.jpg,
707531,test,test/707531_sat.jpg,
708194,test,test/708194_sat.jpg,
70910,test,test/70910_sat.jpg,
709138,test,test/709138_sat.jpg,
711135,test,test/711135_sat.jpg,
71138,test,test/71138_sat.jpg,
71163,test,test/71163_sat.jpg,
712453,test,test/712453_sat.jpg,
713522,test,test/713522_sat.jpg,
713730,test,test/713730_sat.jpg,
714242,test,test/714242_sat.jpg,
714471,test,test/714471_sat.jpg,
71506,test,test/71506_sat.jpg,
715186,test,test/715186_sat.jpg,
715714,test,test/715714_sat.jpg,
717483,test,test/717483_sat.jpg,
718548,test,test/718548_sat.jpg,
719489,test,test/719489_sat.jpg,
720769,test,test/720769_sat.jpg,
721183,test,test/721183_sat.jpg,
721797,test,test/721797_sat.jpg,
723850,test,test/723850_sat.jpg,
725814,test,test/725814_sat.jpg,
728121,test,test/728121_sat.jpg,
728234,test,test/728234_sat.jpg,
728669,test,test/728669_sat.jpg,
729068,test,test/729068_sat.jpg,
729171,test,test/729171_sat.jpg,
729584,test,test/729584_sat.jpg,
730756,test,test/730756_sat.jpg,
732242,test,test/732242_sat.jpg,
732401,test,test/732401_sat.jpg,
733577,test,test/733577_sat.jpg,
733808,test,test/733808_sat.jpg,
735432,test,test/735432_sat.jpg,
735908,test,test/735908_sat.jpg,
736104,test,test/736104_sat.jpg,
736478,test,test/736478_sat.jpg,
738067,test,test/738067_sat.jpg,
738421,test,test/738421_sat.jpg,
739096,test,test/739096_sat.jpg,
739584,test,test/739584_sat.jpg,
739846,test,test/739846_sat.jpg,
74091,test,test/74091_sat.jpg,
74137,test,test/74137_sat.jpg,
741489,test,test/741489_sat.jpg,
741856,test,test/741856_sat.jpg,
742464,test,test/742464_sat.jpg,
742715,test,test/742715_sat.jpg,
743168,test,test/743168_sat.jpg,
743581,test,test/743581_sat.jpg,
744103,test,test/744103_sat.jpg,
745482,test,test/745482_sat.jpg,
745955,test,test/745955_sat.jpg,
746252,test,test/746252_sat.jpg,
747583,test,test/747583_sat.jpg,
747824,test,test/747824_sat.jpg,
748218,test,test/748218_sat.jpg,
748421,test,test/748421_sat.jpg,
749176,test,test/749176_sat.jpg,
7502,test,test/7502_sat.jpg,
750714,test,test/750714_sat.jpg,
751299,test,test/751299_sat.jpg,
751359,test,test/751359_sat.jpg,
752404,test,test/752404_sat.jpg,
753316,test,test/753316_sat.jpg,
7534,test,test/7534_sat.jpg,
753745,test,test/753745_sat.jpg,
753901,test,test/753901_sat.jpg,
75460,test,test/75460_sat.jpg,
754640,test,test/754640_sat.jpg,
754772,test,test/754772_sat.jpg,
756292,test,test/756292_sat.jpg,
757085,test,test/757085_sat.jpg,
761132,test,test/761132_sat.jpg,
761993,test,test/761993_sat.jpg,
762160,test,test/762160_sat.jpg,
762456,test,test/762456_sat.jpg,
762695,test,test/762695_sat.jpg,
763483,test,test/763483_sat.jpg,
764055,test,test/764055_sat.jpg,
764080,test,test/764080_sat.jpg,
765617,test,test/765617_sat.jpg,
767040,test,test/767040_sat.jpg,
767108,test,test/767108_sat.jpg,
768769,test,test/768769_sat.jpg,
769341,test,test/769341_sat.jpg,
769487,test,test/769487_sat.jpg,
770475,test,test/770475_sat.jpg,
774247,test,test/774247_sat.jpg,
775802,test,test/775802_sat.jpg,
776290,test,test/776290_sat.jpg,
778650,test,test/778650_sat.jpg,
779345,test,test/779345_sat.jpg,
780011,test,test/780011_sat.jpg,
781356,test,test/781356_sat.jpg,
781816,test,test/781816_sat.jpg,
781976,test,test/781976_sat.jpg,
782986,test,test/782986_sat.jpg,
78400,test,test/78400_sat.jpg,
784551,test,test/784551_sat.jpg,
786888,test,test/786888_sat.jpg,
787460,test,test/787460_sat.jpg,
7890,test,test/7890_sat.jpg,
789321,test,test/789321_sat.jpg,
789667,test,test/789667_sat.jpg,
791419,test,test/791419_sat.jpg,
793885,test,test/793885_sat.jpg,
794077,test,test/794077_sat.jpg,
794565,test,test/794565_sat.jpg,
795615,test,test/795615_sat.jpg,
795941,test,test/795941_sat.jpg,
798537,test,test/798537_sat.jpg,
798655,test,test/798655_sat.jpg,
800008,test,test/800008_sat.jpg,
800202,test,test/800202_sat.jpg,
800270,test,test/800270_sat.jpg,
800836,test,test/800836_sat.jpg,
800887,test,test/800887_sat.jpg,
800941,test,test/800941_sat.jpg,
801323,test,test/801323_sat.jpg,
801843,test,test/801843_sat.jpg,
803554,test,test/803554_sat.jpg,
803877,test,test/803877_sat.jpg,
80610,test,test/80610_sat.jpg,
806198,test,test/806198_sat.jpg,
80759,test,test/80759_sat.jpg,
807996,test,test/807996_sat.jpg,
809312,test,test/809312_sat.jpg,
809676,test,test/809676_sat.jpg,
810153,test,test/810153_sat.jpg,
810547,test,test/810547_sat.jpg,
810875,test,test/810875_sat.jpg,
811560,test,test/811560_sat.jpg,
81206,test,test/81206_sat.jpg,
813053,test,test/813053_sat.jpg,
814053,test,test/814053_sat.jpg,
814754,test,test/814754_sat.jpg,
81562,test,test/81562_sat.jpg,
817245,test,test/817245_sat.jpg,
817816,test,test/817816_sat.jpg,
818117,test,test/818117_sat.jpg,
81878,test,test/81878_sat.jpg,
82074,test,test/82074_sat.jpg,
821222,test,test/821222_sat.jpg,
821697,test,test/821697_sat.jpg,
821708,test,test/821708_sat.jpg,
821877,test,test/821877_sat.jpg,
822632,test,test/822632_sat.jpg,
823971,test,test/823971_sat.jpg,
825664,test,test/825664_sat.jpg,
826378,test,test/826378_sat.jpg,
826687,test,test/826687_sat.jpg,
827811,test,test/827811_sat.jpg,
827865,test,test/827865_sat.jpg,
828334,test,test/828334_sat.jpg,
828671,test,test/828671_sat.jpg,
830751,test,test/830751_sat.jpg,
830756,test,test/830756_sat.jpg,
830773,test,test/830773_sat.jpg,
830963,test,test/830963_sat.jpg,
831647,test,test/831647_sat.jpg,
832662,test,test/832662_sat.jpg,
833274,test,test/833274_sat.jpg,
834912,test,test/834912_sat.jpg,
835081,test,test/835081_sat.jpg,
835570,test,test/835570_sat.jpg,
836987,test,test/836987_sat.jpg,
837340,test,test/837340_sat.jpg,
837427,test,test/837427_sat.jpg,
838231,test,test/838231_sat.jpg,
838498,test,test/838498_sat.jpg,
840709,test,test/840709_sat.jpg,
840995,test,test/840995_sat.jpg,
841118,test,test/841118_sat.jpg,
841357,test,test/841357_sat.jpg,
842948,test,test/842948_sat.jpg,
84344,test,test/84344_sat.jpg,
84374,test,test/84374_sat.jpg,
844742,test,test/844742_sat.jpg,
845591,test,test/845591_sat.jpg,
84721,test,test/84721_sat.jpg,
847840,test,test/847840_sat.jpg,
848004,test,test/848004_sat.jpg,
848307,test,test/848307_sat.jpg,
84918,test,test/84918_sat.jpg,
849355,test,test/849355_sat.jpg,
850393,test,test/850393_sat.jpg,
85065,test,test/85065_sat.jpg,
852100,test,test/852100_sat.jpg,
852104,test,test/852104_sat.jpg,
853164,test,test/853164_sat.jpg,
853248,test,test/853248_sat.jpg,
853563,test,test/853563_sat.jpg,
854240,test,test/854240_sat.jpg,
854446,test,test/854446_sat.jpg,
854834,test,test/854834_sat.jpg,
855270,test,test/855270_sat.jpg,
855601,test,test/855601_sat.jpg,
855732,test,test/855732_sat.jpg,
856680,test,test/856680_sat.jpg,
856932,test,test/856932_sat.jpg,
85795,test,test/85795_sat.jpg,
85929,test,test/85929_sat.jpg,
860634,test,test/860634_sat.jpg,
860715,test,test/860715_sat.jpg,
861071,test,test/861071_sat.jpg,
863867,test,test/863867_sat.jpg,
86418,test,test/86418_sat.jpg,
86479,test,test/86479_sat.jpg,
865398,test,test/865398_sat.jpg,
865751,test,test/865751_sat.jpg,
866121,test,test/866121_sat.jpg,
866599,test,test/866599_sat.jpg,
867244,test,test/867244_sat.jpg,
871354,test,test/871354_sat.jpg,
871665,test,test/871665_sat.jpg,
872530,test,test/872530_sat.jpg,
873202,test,test/873202_sat.jpg,
873398,test,test/873398_sat.jpg,
873896,test,test/873896_sat.jpg,
877873,test,test/877873_sat.jpg,
877939,test,test/877939_sat.jpg,
878547,test,test/878547_sat.jpg,
878624,test,test/878624_sat.jpg,
878913,test,test/878913_sat.jpg,
878965,test,test/878965_sat.jpg,
879314,test,test/879314_sat.jpg,
88105,test,test/88105_sat.jpg,
881110,test,test/881110_sat.jpg,
881388,test,test/881388_sat.jpg,
881399,test,test/881399_sat.jpg,
882973,test,test/882973_sat.jpg,
883311,test,test/883311_sat.jpg,
883851,test,test/883851_sat.jpg,
884711,test,test/884711_sat.jpg,
884912,test,test/884912_sat.jpg,
884975,test,test/884975_sat.jpg,
886273,test,test/886273_sat.jpg,
886440,test,test/886440_sat.jpg,
886883,test,test/886883_sat.jpg,
887497,test,test/887497_sat.jpg,
887925,test,test/887925_sat.jpg,
888389,test,test/888389_sat.jpg,
889371,test,test/889371_sat.jpg,
891403,test,test/891403_sat.jpg,
891736,test,test/891736_sat.jpg,
891862,test,test/891862_sat.jpg,
892323,test,test/892323_sat.jpg,
893026,test,test/893026_sat.jpg,
893698,test,test/893698_sat.jpg,
894339,test,test/894339_sat.jpg,
895737,test,test/895737_sat.jpg,
898121,test,test/898121_sat.jpg,
898715,test,test/898715_sat.jpg,
899337,test,test/899337_sat.jpg,
900170,test,test/900170_sat.jpg,
902091,test,test/902091_sat.jpg,
902378,test,test/902378_sat.jpg,
902755,test,test/902755_sat.jpg,
903509,test,test/903509_sat.jpg,
905222,test,test/905222_sat.jpg,
905387,test,test/905387_sat.jpg,
905488,test,test/905488_sat.jpg,
90688,test,test/90688_sat.jpg,
906924,test,test/906924_sat.jpg,
907397,test,test/907397_sat.jpg,
909821,test,test/909821_sat.jpg,
910335,test,test/910335_sat.jpg,
910591,test,test/910591_sat.jpg,
911264,test,test/911264_sat.jpg,
911728,test,test/911728_sat.jpg,
912390,test,test/912390_sat.jpg,
912560,test,test/912560_sat.jpg,
912637,test,test/912637_sat.jpg,
912940,test,test/912940_sat.jpg,
914064,test,test/914064_sat.jpg,
9156,test,test/9156_sat.jpg,
916042,test,test/916042_sat.jpg,
916091,test,test/916091_sat.jpg,
917507,test,test/917507_sat.jpg,
917667,test,test/917667_sat.jpg,
918954,test,test/918954_sat.jpg,
919111,test,test/919111_sat.jpg,
919920,test,test/919920_sat.jpg,
920604,test,test/920604_sat.jpg,
922055,test,test/922055_sat.jpg,
922308,test,test/922308_sat.jpg,
925276,test,test/925276_sat.jpg,
925453,test,test/925453_sat.jpg,
925986,test,test/925986_sat.jpg,
926263,test,test/926263_sat.jpg,
926372,test,test/926372_sat.jpg,
926445,test,test/926445_sat.jpg,
926663,test,test/926663_sat.jpg,
927330,test,test/927330_sat.jpg,
927789,test,test/927789_sat.jpg,
928894,test,test/928894_sat.jpg,
929028,test,test/929028_sat.jpg,
930094,test,test/930094_sat.jpg,
930452,test,test/930452_sat.jpg,
930712,test,test/930712_sat.jpg,
931988,test,test/931988_sat.jpg,
93228,test,test/93228_sat.jpg,
932315,test,test/932315_sat.jpg,
934324,test,test/934324_sat.jpg,
934850,test,test/934850_sat.jpg,
935116,test,test/935116_sat.jpg,
935236,test,test/935236_sat.jpg,
935911,test,test/935911_sat.jpg,
936930,test,test/936930_sat.jpg,
937518,test,test/937518_sat.jpg,
938243,test,test/938243_sat.jpg,
939159,test,test/939159_sat.jpg,
940190,test,test/940190_sat.jpg,
940563,test,test/940563_sat.jpg,
940719,test,test/940719_sat.jpg,
941420,test,test/941420_sat.jpg,
941586,test,test/941586_sat.jpg,
943823,test,test/943823_sat.jpg,
944597,test,test/944597_sat.jpg,
944816,test,test/944816_sat.jpg,
945170,test,test/945170_sat.jpg,
94522,test,test/94522_sat.jpg,
945294,test,test/945294_sat.jpg,
945611,test,test/945611_sat.jpg,
945764,test,test/945764_sat.jpg,
946232,test,test/946232_sat.jpg,
946311,test,test/946311_sat.jpg,
946837,test,test/946837_sat.jpg,
947455,test,test/947455_sat.jpg,
947870,test,test/947870_sat.jpg,
950011,test,test/950011_sat.jpg,
950758,test,test/950758_sat.jpg,
952810,test,test/952810_sat.jpg,
953414,test,test/953414_sat.jpg,
953641,test,test/953641_sat.jpg,
955943,test,test/955943_sat.jpg,
95665,test,test/95665_sat.jpg,
958252,test,test/958252_sat.jpg,
958563,test,test/958563_sat.jpg,
959394,test,test/959394_sat.jpg,
959470,test,test/959470_sat.jpg,
959603,test,test/959603_sat.jpg,
959630,test,test/959630_sat.jpg,
960048,test,test/960048_sat.jpg,
960625,test,test/960625_sat.jpg,
962259,test,test/962259_sat.jpg,
963781,test,test/963781_sat.jpg,
964932,test,test/964932_sat.jpg,
965867,test,test/965867_sat.jpg,
96665,test,test/96665_sat.jpg,
966828,test,test/966828_sat.jpg,
968645,test,test/968645_sat.jpg,
968674,test,test/968674_sat.jpg,
969876,test,test/969876_sat.jpg,
971122,test,test/971122_sat.jpg,
972424,test,test/972424_sat.jpg,
975424,test,test/975424_sat.jpg,
975669,test,test/975669_sat.jpg,
976396,test,test/976396_sat.jpg,
977691,test,test/977691_sat.jpg,
982610,test,test/982610_sat.jpg,
982758,test,test/982758_sat.jpg,
983025,test,test/983025_sat.jpg,
983106,test,test/983106_sat.jpg,
983268,test,test/983268_sat.jpg,
984759,test,test/984759_sat.jpg,
986142,test,test/986142_sat.jpg,
986661,test,test/986661_sat.jpg,
986982,test,test/986982_sat.jpg,
987529,test,test/987529_sat.jpg,
987728,test,test/987728_sat.jpg,
988118,test,test/988118_sat.jpg,
988614,test,test/988614_sat.jpg,
989002,test,test/989002_sat.jpg,
990446,test,test/990446_sat.jpg,
992094,test,test/992094_sat.jpg,
992576,test,test/992576_sat.jpg,
992978,test,test/992978_sat.jpg,
993081,test,test/993081_sat.jpg,
994045,test,test/994045_sat.jpg,
995204,test,test/995204_sat.jpg,
995615,test,test/995615_sat.jpg,
995617,test,test/995617_sat.jpg,
995902,test,test/995902_sat.jpg,
996452,test,test/996452_sat.jpg,
996605,test,test/996605_sat.jpg,
997500,test,test/997500_sat.jpg,
997992,test,test/997992_sat.jpg,
998829,test,test/998829_sat.jpg,
998928,test,test/998928_sat.jpg,
999518,test,test/999518_sat.jpg,
999651,test,test/999651_sat.jpg,
999703,test,test/999703_sat.jpg,
